constraint_string,string_sha256,class,target,rationale,classifier,reviewer
.eb hard-coded (crates/entrybound/src/archive/filesystem.rs:434),bc280cb23d4b585f913e8a1533802b4c6fc781cb2159111db12c4e37a659dfca,DECISION_INPUT,,"Scope, status-quo fact, or design input with no exact registered HC/F screen in this label.","B01 constraint-classification session, 2026-10-01",policy_review/2026-10-01; research/methods/constraint-crosswalk-independent-review.md
0x1000 forbidden for unencrypted archives (docs/crypto-wire-v1.md L28),7a7b2d172735921353426457ab9dc9ecf3c1f45b71ed79311bdaddba16ef2d0d,F-xx,F-12,Existing normative implementation contract represented by objective Appendix B F-12.,"B01 constraint-classification session, 2026-10-01",policy_review/2026-10-01; research/methods/constraint-crosswalk-independent-review.md
ACL_V1_POSIX_ACCESS vector (docs/security-metadata-v1-vectors.txt L2-3),07fc200fc72718258e00a00ffbf116a5e793a443c3c2cd07cd046ecb9b1cd42f,F-xx,F-17,Versioned platform metadata contract in the Appendix B F-17 register.,"B01 constraint-classification session, 2026-10-01",policy_review/2026-10-01; research/methods/constraint-crosswalk-independent-review.md
AUX host-dependence concern (model:fidelity-report-structure-aux-host-dependence),1e9c43fa485a07501b051e372bb7c7a4285dfbf4d8c2d1905a6d4f4852c22350,HC-xx,HC-07,"Restates the objective HC-07 obligation; candidate screen is its MVT, not this wording alone.","B01 constraint-classification session, 2026-10-01",policy_review/2026-10-01; research/methods/constraint-crosswalk-independent-review.md
Access cluster decision diff-input-scope-and-verification,2448ec66492323e8095a084d7466dd051b375c4fa5180f980b3791fe3ea124bc,DECISION_INPUT,,Cross-decision ownership or scope handoff; no independent R1 screen.,"B01 constraint-classification session, 2026-10-01",policy_review/2026-10-01; research/methods/constraint-crosswalk-independent-review.md
Access cluster decision import-beyond-ram,bbf9f9c86c7253f994a53e7862765716113dd0f4ebed9b56996692bf0e178f0e,DECISION_INPUT,,Cross-decision ownership or scope handoff; no independent R1 screen.,"B01 constraint-classification session, 2026-10-01",policy_review/2026-10-01; research/methods/constraint-crosswalk-independent-review.md
Access cluster decisions import-beyond-ram and sans-io-seek-protocol-and-async,478b093e55309d20417b47a2b111142ea2fe2533e5255d93a6234a651e8996c6,DECISION_INPUT,,Cross-decision ownership or scope handoff; no independent R1 screen.,"B01 constraint-classification session, 2026-10-01",policy_review/2026-10-01; research/methods/constraint-crosswalk-independent-review.md
Adapter boundary: ZIP compression never crosses into native planning (filesystem.rs:1049-1052),5f5db09820f7199a119e1ae853e412960f9c8cdb8a0633a846bb945c58a3967a,F-xx,F-20,ZIP compatibility projection stays outside native planning under F-20.,"B01 constraint-classification session, 2026-10-01",policy_review/2026-10-01; research/methods/constraint-crosswalk-independent-review.md
Adapter boundary: foreign structure never enters EAM (SPEC §2.1(2)),a303d8ba324c00c04beed8459fa84a5c6af477f12e0a8f7b2c82f37f6b881e48,F-xx,F-19,F-19 requires foreign observations to pass through LOM before EAM projection.,"B01 constraint-classification session, 2026-10-01",policy_review/2026-10-01; research/methods/constraint-crosswalk-independent-review.md
Argon2id password recipient (docs/crypto-suite-v1.md),82ade0eb507251b79daa5683b20c4253d61ee080987c3526ab1de8c0d1194cc9,F-xx,F-12,Existing normative implementation contract represented by objective Appendix B F-12.,"B01 constraint-classification session, 2026-10-01",policy_review/2026-10-01; research/methods/constraint-crosswalk-independent-review.md
Both binaries share one implementation (crates/entrybound-cli/Cargo.toml:1-20; cli_workflow.rs:106-115),a1da4b13cea37749a2e3e0cd1b27d436ca8a418f03e927282c1916a987b816ff,DECISION_INPUT,,"Scope, status-quo fact, or design input with no exact registered HC/F screen in this label.","B01 constraint-classification session, 2026-10-01",policy_review/2026-10-01; research/methods/constraint-crosswalk-independent-review.md
BudgetDeclared=false covers budgets only,ac9561bb43fdd3bf3e91b3fbc8916cdcc487340c8a02460b4493a0ce78dac642,HC-xx,HC-06,"Restates the objective HC-06 obligation; candidate screen is its MVT, not this wording alone.","B01 constraint-classification session, 2026-10-01",policy_review/2026-10-01; research/methods/constraint-crosswalk-independent-review.md
CLI exclusive-create no-overwrite (entrybound-cli/src/lib.rs:4952-4964),87ccca16cc2825115c413763af22cf0846b841a3e6fe44a4a02c33b7ad5fe96c,HC-xx,HC-18,"Restates the objective HC-18 obligation; candidate screen is its MVT, not this wording alone.","B01 constraint-classification session, 2026-10-01",policy_review/2026-10-01; research/methods/constraint-crosswalk-independent-review.md
CLI exit-code map Ok0/Unsupported2/Truncated3/Corrupt4/Nonconforming5/PolicyRefused6 (entrybound-cli/src/lib.rs:4974-4991),d507361651ce7565b3eafc6aac0c12674619ad05dd7e635dd1efe0a96ee1403c,HC-xx,HC-15,"Restates the objective HC-15 obligation; candidate screen is its MVT, not this wording alone.","B01 constraint-classification session, 2026-10-01",policy_review/2026-10-01; research/methods/constraint-crosswalk-independent-review.md
CONTRIBUTING.md L72-77 frozen FAST/BALANCED/DENSE/EXTREME_V2 policies cannot be redefined (new policies need new chunker_id and planner IDs),6f5d7f74f05d8fb198f855427f538b72ce3a60b81bc59bce5a4b6486f4d2209b,F-xx,F-04,Explicit fixed behavior within objective Appendix B F-04.,"B01 constraint-classification session, 2026-10-01",policy_review/2026-10-01; research/methods/constraint-crosswalk-independent-review.md
CONTRIBUTING.md L72-77 frozen gear-norm-v1 identifiers may not be redefined (a successor needs a new chunker_id and planner IDs),f904d16a7f895c7b684f7b526b0ad51ca495c2e82fc480b17ac7ceef79bd6789,F-xx,F-04,Explicit fixed behavior within objective Appendix B F-04.,"B01 constraint-classification session, 2026-10-01",policy_review/2026-10-01; research/methods/constraint-crosswalk-independent-review.md
CONTRIBUTING.md L78-83 frozen v3 similarity policies (successors need new policy and planner IDs),46d8844077a88f5a9e578dde5be2d2044cdfbf201ed877ea77c60b51f7c932c3,F-xx,F-03,Explicit fixed behavior within objective Appendix B F-03.,"B01 constraint-classification session, 2026-10-01",policy_review/2026-10-01; research/methods/constraint-crosswalk-independent-review.md
CONTRIBUTING.md cost rules frozen per planner ID,cdb376b15fe698ec6b69532435423ba0c75dc354945fccedffc594c805737d37,F-xx,F-03,Explicit fixed behavior within objective Appendix B F-03.,"B01 constraint-classification session, 2026-10-01",policy_review/2026-10-01; research/methods/constraint-crosswalk-independent-review.md
CONTRIBUTING.md frozen planner IDs,0690fa166d1cf31fb1268a02a9decc947c359c0176cca8ecbcc00ee6da934085,F-xx,F-03,Explicit fixed behavior within objective Appendix B F-03.,"B01 constraint-classification session, 2026-10-01",policy_review/2026-10-01; research/methods/constraint-crosswalk-independent-review.md
CONTRIBUTING.md frozen planner behaviour by ID,fc3172fb785b58dcef2c232c3d54395aebb258e62b04576dd80b67fbb6ca9e45,F-xx,F-03,Explicit fixed behavior within objective Appendix B F-03.,"B01 constraint-classification session, 2026-10-01",policy_review/2026-10-01; research/methods/constraint-crosswalk-independent-review.md
CONTRIBUTING.md frozen planner generations,934201547cab6c297517cf9ffd23a4117faae3f2cabee2444cf03d7137393c36,F-xx,F-03,Explicit fixed behavior within objective Appendix B F-03.,"B01 constraint-classification session, 2026-10-01",policy_review/2026-10-01; research/methods/constraint-crosswalk-independent-review.md
CONTRIBUTING.md frozen planner generations must stay reproducible,334babedf8562328e1710e3b56f38d67a24bbb170c2315dcb7cbdf7d5d628b06,F-xx,F-03,Explicit fixed behavior within objective Appendix B F-03.,"B01 constraint-classification session, 2026-10-01",policy_review/2026-10-01; research/methods/constraint-crosswalk-independent-review.md
CONTRIBUTING.md frozen v2-v6 planner behaviour (changes need a new planner ID),8d68238f06a474f289d507c1b44191e64b6ad4ed771a01b6669c93f740a02c1c,F-xx,F-03,Explicit fixed behavior within objective Appendix B F-03.,"B01 constraint-classification session, 2026-10-01",policy_review/2026-10-01; research/methods/constraint-crosswalk-independent-review.md
CONTRIBUTING.md planner IDs frozen,1b7b5bea48a682be81746037e82de6b4d10b0b8632ed45067ac669e58b94e451,F-xx,F-03,Explicit fixed behavior within objective Appendix B F-03.,"B01 constraint-classification session, 2026-10-01",policy_review/2026-10-01; research/methods/constraint-crosswalk-independent-review.md
CONTRIBUTING.md planner behaviour frozen by ID,9dd14e518f483ec7d96574a8687e9a5b3a523ce6c27569d31b67972cfec20743,F-xx,F-03,Explicit fixed behavior within objective Appendix B F-03.,"B01 constraint-classification session, 2026-10-01",policy_review/2026-10-01; research/methods/constraint-crosswalk-independent-review.md
CONTRIBUTING.md planner behaviour frozen by planner ID (changes need a new ID),b785b47c3a1371dd4594f1443228e4630f3b1fed1face1c611d2f38818e90d6b,F-xx,F-03,Explicit fixed behavior within objective Appendix B F-03.,"B01 constraint-classification session, 2026-10-01",policy_review/2026-10-01; research/methods/constraint-crosswalk-independent-review.md
CONTRIBUTING.md planner v5 frozen,dbb6ece9df8a0d6e288fe6e551d9b950ddeb0581d649f89420f2d7bf5f454981,F-xx,F-03,Explicit fixed behavior within objective Appendix B F-03.,"B01 constraint-classification session, 2026-10-01",policy_review/2026-10-01; research/methods/constraint-crosswalk-independent-review.md
CONTRIBUTING.md planner v5/v6 bounds frozen,e40517000f0f10ebf38ba8e47aa5c815d9b534d39630070f3cc80bfe6d474b69,F-xx,F-03,Explicit fixed behavior within objective Appendix B F-03.,"B01 constraint-classification session, 2026-10-01",policy_review/2026-10-01; research/methods/constraint-crosswalk-independent-review.md
"CONTRIBUTING.md planner v6 frozen (jixel/jxl-oxide versions, single-thread encoder)",89f22e3d5b69b68d14f548d8b3e7f6075054621ff40f4c4478ab452523fbbd84,F-xx,F-03,Explicit fixed behavior within objective Appendix B F-03.,"B01 constraint-classification session, 2026-10-01",policy_review/2026-10-01; research/methods/constraint-crosswalk-independent-review.md
CONTRIBUTING.md probe frozen per planner ID,83953148c9b52d3548b16ee9a170de78238ab74fcdcf78fe2197525cedd8c6fa,F-xx,F-03,Explicit fixed behavior within objective Appendix B F-03.,"B01 constraint-classification session, 2026-10-01",policy_review/2026-10-01; research/methods/constraint-crosswalk-independent-review.md
CONTRIBUTING.md v5/v6 freeze preflate-rs and jixel/jxl-oxide versions,e2c67292e8b1ba67d1b8cb031a2a5508d5a2cbffb433625441f590a6eb83623e,F-xx,F-03,Explicit fixed behavior within objective Appendix B F-03.,"B01 constraint-classification session, 2026-10-01",policy_review/2026-10-01; research/methods/constraint-crosswalk-independent-review.md
CONTRIBUTING.md:14-20,a4165b704ac1f85659934447f2f7cdd6d41bc7347c4295ee16943a2eab84dba8,DECISION_INPUT,,"Scope, status-quo fact, or design input with no exact registered HC/F screen in this label.","B01 constraint-classification session, 2026-10-01",policy_review/2026-10-01; research/methods/constraint-crosswalk-independent-review.md
CONTRIBUTING.md:182-183 (generated inputs as format-building code; stable reason code per negative case),5b5c2d0110cb27ce4dc6b62e3304eda7d39828ba85f005ea9e66a818a9dc9054,HC-xx,HC-15,"Restates the objective HC-15 obligation; candidate screen is its MVT, not this wording alone.","B01 constraint-classification session, 2026-10-01",policy_review/2026-10-01; research/methods/constraint-crosswalk-independent-review.md
CONTRIBUTING.md:182-183 (negative cases assert stable reason codes),77f53e9c962fec19e3bc24fc17b57594480d8e352db280ab1cc59f00355c4ff0,HC-xx,HC-15,"Restates the objective HC-15 obligation; candidate screen is its MVT, not this wording alone.","B01 constraint-classification session, 2026-10-01",policy_review/2026-10-01; research/methods/constraint-crosswalk-independent-review.md
CONTRIBUTING.md:22-27 (additions require concrete need),f17267d07a2bde6446ed681bae4af88036eb60ec2397e95eb2befcc14bbe7f4c,DECISION_INPUT,,"Scope, status-quo fact, or design input with no exact registered HC/F screen in this label.","B01 constraint-classification session, 2026-10-01",policy_review/2026-10-01; research/methods/constraint-crosswalk-independent-review.md
CONTRIBUTING.md:22-27 (zstd bindings to upstream C accepted),5ca72c2928342d30e902e1b99a677f320603d445398d7c234abfa8f74f370c08,DECISION_INPUT,,"Scope, status-quo fact, or design input with no exact registered HC/F screen in this label.","B01 constraint-classification session, 2026-10-01",policy_review/2026-10-01; research/methods/constraint-crosswalk-independent-review.md
"CRYPTO-004 AFK accepted only after wrap, commitment and envelope MAC",df385b727a9971bc621379311a00e5a968dbab2290ad92447783d8a64abb3fa6,F-xx,F-12,Existing crypto contract represented by objective Appendix B F-12.,"B01 constraint-classification session, 2026-10-01",policy_review/2026-10-01; research/methods/constraint-crosswalk-independent-review.md
"CRYPTO-014/016 unknown stanzas never removed, reordered or ignored by authentication",4ef23e560f6b72802addfe7ba31318e77646929c1ab434cbf53ada4dfb0d62f6,F-xx,F-12,Existing crypto contract represented by objective Appendix B F-12.,"B01 constraint-classification session, 2026-10-01",policy_review/2026-10-01; research/methods/constraint-crosswalk-independent-review.md
CRYPTO-017/018 no weaker recipient mixed with a hybrid AFK,b9cb55abdd7ce281ea7222dcc533a1b6b214a66fd1060dde84fc90fa7129c407,F-xx,F-12,Existing crypto contract represented by objective Appendix B F-12.,"B01 constraint-classification session, 2026-10-01",policy_review/2026-10-01; research/methods/constraint-crosswalk-independent-review.md
CRYPTO-018 no weaker recipient shares a hybrid AFK,9907441581100ff2c0cd888692b16ba8b4dc9d1cc61a5488ea978087be13f924,F-xx,F-12,Existing crypto contract represented by objective Appendix B F-12.,"B01 constraint-classification session, 2026-10-01",policy_review/2026-10-01; research/methods/constraint-crosswalk-independent-review.md
CRYPTO-020 and docs/crypto-suite-v1.md L487-489 passwords not accepted as command-line arguments,dcd7a4f24d25a3a0379057e8e129333500175d2e03405c413fa964e0b4667b2a,F-xx,F-16,Existing crypto contract represented by objective Appendix B F-16.,"B01 constraint-classification session, 2026-10-01",policy_review/2026-10-01; research/methods/constraint-crosswalk-independent-review.md
CRYPTO-020 no secret-dependent public diagnostics,cd2823297b4311391e7e4ace57eb9526046c5ac4cf150d5bb7973b17a252838e,F-xx,F-16,Secret handling and diagnostics are registered in F-16.,"B01 constraint-classification session, 2026-10-01",policy_review/2026-10-01; research/methods/constraint-crosswalk-independent-review.md
CRYPTO-020 no secrets on the command line,e379a8dced6010a610d8bbce9bd03d814708043bed311a71bacd92020a893ea4,F-xx,F-16,Existing crypto contract represented by objective Appendix B F-16.,"B01 constraint-classification session, 2026-10-01",policy_review/2026-10-01; research/methods/constraint-crosswalk-independent-review.md
CRYPTO-020 passwords never on the command line,09c8e547a02ede1f03ab1a40632e74ea7b3198d92e5e96dc27f6fba87cef9b17,F-xx,F-16,Existing crypto contract represented by objective Appendix B F-16.,"B01 constraint-classification session, 2026-10-01",policy_review/2026-10-01; research/methods/constraint-crosswalk-independent-review.md
CRYPTO-030 addition requires AFK knowledge; removal rotates AFK and archive_id and fully re-encrypts,674752707cdd1f3114c09fac28d5d6e4442d86f8b32a78b6d20d0c5042d0d370,F-xx,F-14,Existing crypto contract represented by objective Appendix B F-14.,"B01 constraint-classification session, 2026-10-01",policy_review/2026-10-01; research/methods/constraint-crosswalk-independent-review.md
CRYPTO-031 no retroactive revocation claim,3ee4bd16fd6509844858fbc859e8f7112f2f5f02d82b701bca57fb4c407c4db2,F-xx,F-12,Existing crypto contract represented by objective Appendix B F-12.,"B01 constraint-classification session, 2026-10-01",policy_review/2026-10-01; research/methods/constraint-crosswalk-independent-review.md
CRYPTO-032 crypto v1 rejects STREAM or unseekable encrypted output,88f1fee1d64c107da9f401edf6161dac64bc8326d3be4b6c1a1537ec2eebad77,F-xx,F-12,Existing crypto contract represented by objective Appendix B F-12.,"B01 constraint-classification session, 2026-10-01",policy_review/2026-10-01; research/methods/constraint-crosswalk-independent-review.md
CRYPTO-034 replay freshness requires caller state,0369b781d178bb4e240e5e5f1410cc3803db2e025a029c0e845b19a9492cab32,F-xx,F-12,Existing crypto contract represented by objective Appendix B F-12.,"B01 constraint-classification session, 2026-10-01",policy_review/2026-10-01; research/methods/constraint-crosswalk-independent-review.md
Caller-owned policy with checked arithmetic (docs/zip-import-v1.md §Resource policy),d7e3f0053561669e19eb9ea7488ea8e4e784eb242038155281e17379dd901694,F-xx,F-20,Existing normative implementation contract represented by objective Appendix B F-20.,"B01 constraint-classification session, 2026-10-01",policy_review/2026-10-01; research/methods/constraint-crosswalk-independent-review.md
Canonical entry order independent of input order (model canonical-entry-order),922924195cd3e7647ab6bfa2e9eaa82d5fc3896e2b201b018abf54653bca7049,HC-xx,HC-03,"Restates the objective HC-03 obligation; candidate screen is its MVT, not this wording alone.","B01 constraint-classification session, 2026-10-01",policy_review/2026-10-01; research/methods/constraint-crosswalk-independent-review.md
Cargo.toml:11-12,7819663b90dd3332ad48e69afb9ccfe1db419a56bb9a88183cfd110dadc09379,DECISION_INPUT,,"Scope, status-quo fact, or design input with no exact registered HC/F screen in this label.","B01 constraint-classification session, 2026-10-01",policy_review/2026-10-01; research/methods/constraint-crosswalk-independent-review.md
Cargo.toml:11-12 unsafe_code forbid,031124a4100a96748ab3275b297d4c06fd0761c83239c585a69a10283f521e32,F-xx,F-23,Workspace unsafe-code and dependency discipline is registered as F-23.,"B01 constraint-classification session, 2026-10-01",policy_review/2026-10-01; research/methods/constraint-crosswalk-independent-review.md
Cargo.toml:11-12 unsafe_code forbid (Entrybound crates only),303b0debdb840e04cb92b17e875557f8a538c81707c2b29c516a9942a6804983,F-xx,F-23,Workspace unsafe-code and dependency discipline is registered as F-23.,"B01 constraint-classification session, 2026-10-01",policy_review/2026-10-01; research/methods/constraint-crosswalk-independent-review.md
Cargo.toml:8 rust-version 1.94 (required by jixel),a363b3887c5dc9d0b21f75e2432677cead34d187494867d0c6d14da521f4c2f1,DECISION_INPUT,,"Toolchain or profile design parameter, not a candidate HC/F screen.","B01 constraint-classification session, 2026-10-01",policy_review/2026-10-01; research/methods/constraint-crosswalk-independent-review.md
Chunker identifiers are versioned and frozen in archives (docs/chunking-v1.md),54e4696698afe114bd1ec9f0c62129df4ad8ecda2669d74188bcc1d3766f46af,F-xx,F-04,Explicit fixed behavior within objective Appendix B F-04.,"B01 constraint-classification session, 2026-10-01",policy_review/2026-10-01; research/methods/constraint-crosswalk-independent-review.md
CollisionPolicy refuse default (crates/entrybound/src/archive.rs:61-67),3c08d72b96e3addf9ecf69fcfc6644fd3078690e4aed61c65cf8afd91d4b2b60,HC-xx,HC-08,Hostile-name collision handling is screened by HC-08.,"B01 constraint-classification session, 2026-10-01",policy_review/2026-10-01; research/methods/constraint-crosswalk-independent-review.md
CollisionPolicy::Refuse only (filesystem.rs:568-580),ccbb0071fee00bbd52d011a760e92d955cfa022d03b8002e9f97567295e48cb6,HC-xx,HC-08,Hostile-name collision handling is screened by HC-08.,"B01 constraint-classification session, 2026-10-01",policy_review/2026-10-01; research/methods/constraint-crosswalk-independent-review.md
Compat safety overrides (docs/zip-compatibility-profiles-v1.md §Safety overrides),d6d5d2942d6475e43740252ec4a87f08d313c42fa123bada493f0a05c0c9e910,F-xx,F-20,Existing normative implementation contract represented by objective Appendix B F-20.,"B01 constraint-classification session, 2026-10-01",policy_review/2026-10-01; research/methods/constraint-crosswalk-independent-review.md
ConversionProvenance adapter_id recorded in AUX,e7d16387c0845f4f5fd34b8009023442ac09534cda43d3bd7997e0e90ec59b1b,HC-xx,HC-10,"Restates the objective HC-10 obligation; candidate screen is its MVT, not this wording alone.","B01 constraint-classification session, 2026-10-01",policy_review/2026-10-01; research/methods/constraint-crosswalk-independent-review.md
ConversionProvenance type 28 version 1 bytes (docs/format-v0.md L329),1dc9850545b66995f5d73eddfecda220ffa89b8760431dcad95001998e6e3d48,F-xx,F-19,Fixed product contract under objective Appendix B F-19.,"B01 constraint-classification session, 2026-10-01",policy_review/2026-10-01; research/methods/constraint-crosswalk-independent-review.md
Corpus redistribution limited by license.redistributable (research/corpus/methodology.md §11),5980fcaca9c6756b8672c871141e9de8ef8773a8474538bd05e09f994b9d5688,PROGRAM,,"Program/research governance, evidence policy, or cross-decision handoff; not a candidate HC/freeze screen.","B01 constraint-classification session, 2026-10-01",policy_review/2026-10-01; research/methods/constraint-crosswalk-independent-review.md
Cross-adapter budget defaults SPEC §25.1 #23 (legacy-tar-7z-streams shard),eb9e911ad6ef95c64600238cef32503f403bd7fa3d7f938a35848d45cbc0af90,HC-xx,HC-06,"Restates the objective HC-06 obligation; candidate screen is its MVT, not this wording alone.","B01 constraint-classification session, 2026-10-01",policy_review/2026-10-01; research/methods/constraint-crosswalk-independent-review.md
Cross-ref integrity decision unverified-qualifier-and-verification-state-api,8c4113252274ce17d455ff85309d2603535c50bb7c68e0fc4df42c5e8dda85ae,DECISION_INPUT,,Cross-decision ownership or scope handoff; no independent R1 screen.,"B01 constraint-classification session, 2026-10-01",policy_review/2026-10-01; research/methods/constraint-crosswalk-independent-review.md
Crypto cluster review requirements for any KDF/cipher (Task 22.1),4f996d6862227855db49c82f75eaa0898c4dee18bd731bc5ab604029600a27f7,DECISION_INPUT,,"Scope, status-quo fact, or design input with no exact registered HC/F screen in this label.","B01 constraint-classification session, 2026-10-01",policy_review/2026-10-01; research/methods/constraint-crosswalk-independent-review.md
"Data root outside git; only definitions, pins and fingerprints committed (PROGRESS standing decision 2026-09-12)",d1c421935750be1045b283d56435f6df1e456ca76a95024b5c4f753cdbe98ed4,PROGRAM,,"Corpus custody and repository hygiene are program controls, not candidate HC/freeze screens.","B01 constraint-classification session, 2026-10-01",policy_review/2026-10-01; research/methods/constraint-crosswalk-independent-review.md
Decoder dependencies exact-pinned and audited (Task 31),aa0237eae0fe231f649b9edf7fefd7ff5935924135ec764d4d48944fd4258e48,DECISION_INPUT,,"Scope, status-quo fact, or design input with no exact registered HC/F screen in this label.","B01 constraint-classification session, 2026-10-01",policy_review/2026-10-01; research/methods/constraint-crosswalk-independent-review.md
Decoder dependencies pinned and audited (Task 31),ad26982888511b5d414fdb5c99ff38e6755aabeaa67f1b73a491653fe8e137c0,DECISION_INPUT,,"Scope, status-quo fact, or design input with no exact registered HC/F screen in this label.","B01 constraint-classification session, 2026-10-01",policy_review/2026-10-01; research/methods/constraint-crosswalk-independent-review.md
Descriptor ambiguity is Irreconcilable (legacy/zip.rs:1280-1323),b257e681b4a52f903319ebfbd46044c544ed00103aa178819b7dc3b336de72aa,HC-xx,HC-03,"Restates the objective HC-03 obligation; candidate screen is its MVT, not this wording alone.","B01 constraint-classification session, 2026-10-01",policy_review/2026-10-01; research/methods/constraint-crosswalk-independent-review.md
Descriptor v1 byte-frozen,c3eae695efebb4379f9ce211fef3c56eb941f00498a9063495c58affa77db41b,F-xx,F-15,Explicit fixed behavior within objective Appendix B F-15.,"B01 constraint-classification session, 2026-10-01",policy_review/2026-10-01; research/methods/constraint-crosswalk-independent-review.md
Descriptor v1 byte-frozen (docs/descriptor-vectors-v1.txt),c4f4621cec0d1746167434e0b85d7fa32b43590c41ccb8eb2b433f332b82c71c,F-xx,F-15,Explicit fixed behavior within objective Appendix B F-15.,"B01 constraint-classification session, 2026-10-01",policy_review/2026-10-01; research/methods/constraint-crosswalk-independent-review.md
Descriptor v1 bytes frozen,56d9c2524219a9b1079c83cd7c05b0204f497a1ea0e12cc88840cb1851abdb5f,F-xx,F-15,Explicit fixed behavior within objective Appendix B F-15.,"B01 constraint-classification session, 2026-10-01",policy_review/2026-10-01; research/methods/constraint-crosswalk-independent-review.md
Descriptor v1 bytes frozen (docs/descriptor-vectors-v1.txt),d80d9cfd7fd0d0e8984ee7d7fb55807019c848be3a0c22286f6601cca6b1435e,F-xx,F-15,Explicit fixed behavior within objective Appendix B F-15.,"B01 constraint-classification session, 2026-10-01",policy_review/2026-10-01; research/methods/constraint-crosswalk-independent-review.md
Descriptor v1 vectors frozen,e749632d036f92c560f69480a0ef838f47c38e292306f7fc6a80beacd76cb968,F-xx,F-15,Explicit fixed behavior within objective Appendix B F-15.,"B01 constraint-classification session, 2026-10-01",policy_review/2026-10-01; research/methods/constraint-crosswalk-independent-review.md
Descriptor v2 tags 12-19 frozen,79748f9cd6462123b7f3907f217887419fe94b316f47688c481a0f45a059ae43,F-xx,F-15,Explicit fixed behavior within objective Appendix B F-15.,"B01 constraint-classification session, 2026-10-01",policy_review/2026-10-01; research/methods/constraint-crosswalk-independent-review.md
Descriptor v2 tags 9-11 frozen,1bf63a2bf1d07dd9366e1973c6ada17b53b4165f47e819df3eeca48d2ab7ad91,F-xx,F-15,Explicit fixed behavior within objective Appendix B F-15.,"B01 constraint-classification session, 2026-10-01",policy_review/2026-10-01; research/methods/constraint-crosswalk-independent-review.md
Detection is byte-structural and authoritative (legacy/import.rs:162-230),1f848c853fe9d07100873ab5dda1fec8368caf7c2dbc46612ae22c121834bb0b,DECISION_INPUT,,"Scope, status-quo fact, or design input with no exact registered HC/F screen in this label.","B01 constraint-classification session, 2026-10-01",policy_review/2026-10-01; research/methods/constraint-crosswalk-independent-review.md
Deterministic legacy export targets are frozen versioned profiles (docs/migration-workflows-v1.md),210ce471c81858a564ced28884c01e88135d739f2625ed2c00669053a3276c9f,F-xx,F-22,Explicit fixed behavior within objective Appendix B F-22.,"B01 constraint-classification session, 2026-10-01",policy_review/2026-10-01; research/methods/constraint-crosswalk-independent-review.md
Differential observations are never authority for strict v1 (docs/zip-import-v1.md L116-119),eb565e8ecc531b1b0b65e6a6384dbd51a812442304e5f4fe6e4832713261a589,F-xx,F-20,Existing normative implementation contract represented by objective Appendix B F-20.,"B01 constraint-classification session, 2026-10-01",policy_review/2026-10-01; research/methods/constraint-crosswalk-independent-review.md
EAM validation accepts source_format ZIP only (eam/validate.rs:163-181),5fa13c27879b0235fc0ce00d98ea988e2a18da29f3223662e42de7d6b0fd7a82,DECISION_INPUT,,"Scope, status-quo fact, or design input with no exact registered HC/F screen in this label.","B01 constraint-classification session, 2026-10-01",policy_review/2026-10-01; research/methods/constraint-crosswalk-independent-review.md
ECF magic bytes are a frozen format constant (ecf::MAGIC),334ffa0fada8a8b69ae7f8ce864fb0e9f93d39919cd2899ea4c16d615c1941b6,HC-xx,HC-16,Historical format/identifier meaning cannot be reinterpreted (HC-16); no narrower registered F matches this label.,"B01 constraint-classification session, 2026-10-01",policy_review/2026-10-01; research/methods/constraint-crosswalk-independent-review.md
Entry wire form without special kinds (ecf/records.rs:1050-1078),5d45cd5205c84cb1e666228f0d222c8e998236e3b8239fe01e735f0de2c568fb,DECISION_INPUT,,"Scope, status-quo fact, or design input with no exact registered HC/F screen in this label.","B01 constraint-classification session, 2026-10-01",policy_review/2026-10-01; research/methods/constraint-crosswalk-independent-review.md
Entry-v2 xattr encoding and vectors frozen (docs/posix-metadata-v1-vectors.txt),e43bc7c29fe7fb9434a143b3b6c0d39c625c4d099140ab8692170e2007a2b91b,F-xx,F-17,Explicit fixed behavior within objective Appendix B F-17.,"B01 constraint-classification session, 2026-10-01",policy_review/2026-10-01; research/methods/constraint-crosswalk-independent-review.md
Entry-v3/MetadataItem-v3 records and vectors frozen (docs/security-metadata-v1-vectors.txt),c63bee5aa42e5971c339974e160dcf82b789fb1c17689eed270bed1256857172,F-xx,F-17,Explicit fixed behavior within objective Appendix B F-17.,"B01 constraint-classification session, 2026-10-01",policy_review/2026-10-01; research/methods/constraint-crosswalk-independent-review.md
"Exclusive create, no overwrite (docs/stream-layout-v1.md L383-385)",bb5352bde1b6668eafe5c56c0e1d2ef4e8ce2f67e7898a29d231efcbaab7bb87,HC-xx,HC-18,"Exclusive output creation is the HC-18 no-overwrite obligation, despite its stream-layout source.","B01 constraint-classification session, 2026-10-01",policy_review/2026-10-01; research/methods/constraint-crosswalk-independent-review.md
ExportReceipt v1 bytes frozen; v2 never reinterprets v1 (docs/compressed-tar-export-v1.md §Receipt),54aca50f206982ffef7036002e09985871846aa4128533d8dd7058e35ea34c41,F-xx,F-22,Explicit fixed behavior within objective Appendix B F-22.,"B01 constraint-classification session, 2026-10-01",policy_review/2026-10-01; research/methods/constraint-crosswalk-independent-review.md
Extraction policy is caller-owned (README.md L312-316; docs/platform-fidelity-v1.md),cc9952a81f0e7b7d25344bb78efc7af5b1f0bb0a598772369a3779fac2631b7c,HC-xx,HC-05,"Caller-constructed extraction policy is HC-05, despite the platform-fidelity source path.","B01 constraint-classification session, 2026-10-01",policy_review/2026-10-01; research/methods/constraint-crosswalk-independent-review.md
ExtractionPolicy caller-constructed (crates/entrybound/src/archive.rs:145-310),c0783e4269e61d6451d3cff0286442eae13e25b270db747f10759798c7351b65,DECISION_INPUT,,"Scope, status-quo fact, or design input with no exact registered HC/F screen in this label.","B01 constraint-classification session, 2026-10-01",policy_review/2026-10-01; research/methods/constraint-crosswalk-independent-review.md
ExtractionPolicy defaults (archive.rs:164-182),93a176e3e3f0192a51a4a97d49b6a708e1715dcdb15bac6bc29adcac073cbedc,DECISION_INPUT,,"Scope, status-quo fact, or design input with no exact registered HC/F screen in this label.","B01 constraint-classification session, 2026-10-01",policy_review/2026-10-01; research/methods/constraint-crosswalk-independent-review.md
"Features that cannot compose must be refused, never silently dropped",2a32ff3991405ffc52669b75671a1cb870e4eadac41fb35799525cca81006f29,HC-xx,HC-04;HC-07,Unsupported composition fails closed (HC-04) and cannot silently drop semantics (HC-07).,"B01 constraint-classification session, 2026-10-01",policy_review/2026-10-01; research/methods/constraint-crosswalk-independent-review.md
FidelityReport declares unavailable classes (crates/entrybound/src/archive/filesystem.rs:1720-1767),73a70af0576dc3e9593dabb9ded17a2a704e13c30f278c1f430287a6aca2f968,HC-xx,HC-07,"Restates the objective HC-07 obligation; candidate screen is its MVT, not this wording alone.","B01 constraint-classification session, 2026-10-01",policy_review/2026-10-01; research/methods/constraint-crosswalk-independent-review.md
Frozen export profiles untouched: a different byte policy needs a new profile id,38ac061f9310f5ac211e2270397b97f7b25183b45b0783b56af14bebee76159e,F-xx,F-22,Explicit fixed behavior within objective Appendix B F-22.,"B01 constraint-classification session, 2026-10-01",policy_review/2026-10-01; research/methods/constraint-crosswalk-independent-review.md
Frozen export profiles zip/portable-v1 and tar/pax-v1 path rules (docs/zip-export-v1.md L11-14),25770def4371489d3cb9a53ff58424f3ad56d38265e7a8f88c7f76705fb04082,F-xx,F-22,Explicit fixed behavior within objective Appendix B F-22.,"B01 constraint-classification session, 2026-10-01",policy_review/2026-10-01; research/methods/constraint-crosswalk-independent-review.md
Frozen import path refusal (docs/tar-import-v1.md L48-51),4639a74cf83b048130442e636c3ebac5f2bc85764646547600560a6f717ea367,F-xx,F-21,Explicit fixed behavior within objective Appendix B F-21.,"B01 constraint-classification session, 2026-10-01",policy_review/2026-10-01; research/methods/constraint-crosswalk-independent-review.md
"Frozen profiles zip/portable-v1, tar/pax-v1, tar.gz|tar.zst|tar.xz|tar.bz2/pax-v1 untouched (docs/legacy-export-v1.md, docs/compressed-tar-export-v1.md)",c206ee867a589eab58f8f50d8c24ad0c2dbd7fc23072ca5830f807bed26f6a2c,F-xx,F-22,Explicit fixed behavior within objective Appendix B F-22.,"B01 constraint-classification session, 2026-10-01",policy_review/2026-10-01; research/methods/constraint-crosswalk-independent-review.md
Frozen report identifiers entrybound/inspection-v1 and entrybound/archive-diff-v1 (archive/tooling.rs:19-20),81bd70ceedcc9b002587d0b0293989c3e9a750115e57b142ff6d00da4d2011b8,F-xx,F-28,Explicit fixed behavior within objective Appendix B F-28.,"B01 constraint-classification session, 2026-10-01",policy_review/2026-10-01; research/methods/constraint-crosswalk-independent-review.md
Frozen v1 export profiles untouched (docs/legacy-export-v1.md),87da97f17628a45b2c512607359bc94d8b488fd996f9fb354066a0c5cfa01601,F-xx,F-22,Explicit fixed behavior within objective Appendix B F-22.,"B01 constraint-classification session, 2026-10-01",policy_review/2026-10-01; research/methods/constraint-crosswalk-independent-review.md
Frozen zip/portable-v1 and tar/pax-v1 export bytes (docs/legacy-export-v1.md),2a05f9ef03b9f979229abcc543074b58d24ab8a356315eaa3793925ecbc9c940,F-xx,F-22,Explicit fixed behavior within objective Appendix B F-22.,"B01 constraint-classification session, 2026-10-01",policy_review/2026-10-01; research/methods/constraint-crosswalk-independent-review.md
Held-out corpus unread until design freeze (research/corpus/methodology.md §9),8fc1a59963a79bb0867de58b905c7a99160e2a9450b00eba03262f06af4cd224,PROGRAM,,"Program/research governance, evidence policy, or cross-decision handoff; not a candidate HC/freeze screen.","B01 constraint-classification session, 2026-10-01",policy_review/2026-10-01; research/methods/constraint-crosswalk-independent-review.md
Held-out unread before the design-freeze commit (PROGRESS How to resume step 5),14c7fd7e618fd8a624677ac86cbc369b4e10bc846c56717911525e194be1a38a,PROGRAM,,"Program/research governance, evidence policy, or cross-decision handoff; not a candidate HC/freeze screen.","B01 constraint-classification session, 2026-10-01",policy_review/2026-10-01; research/methods/constraint-crosswalk-independent-review.md
Held-out unread before the design-freeze commit (PROGRESS How to resume step 5; research/corpus/methodology.md §9),8dfb9308b2c332799f723f2a5327903e32796fb551335ff5d553a10ff4c725b5,PROGRAM,,"Program/research governance, evidence policy, or cross-decision handoff; not a candidate HC/freeze screen.","B01 constraint-classification session, 2026-10-01",policy_review/2026-10-01; research/methods/constraint-crosswalk-independent-review.md
Hole representation owned by model decision hole-representation,e42f9971ecbccc56438dfb19ce8f26ce375b33c002cb00c7db7e514a1f99cd6e,DECISION_INPUT,,Cross-decision ownership or scope handoff; no independent R1 screen.,"B01 constraint-classification session, 2026-10-01",policy_review/2026-10-01; research/methods/constraint-crosswalk-independent-review.md
I1 one semantic authority per fact,b18d9378f03f16516d6823d68694542de4d7fec3d64bfe01dbc1820ebafc6d42,HC-xx,HC-01,Explicit SPEC invariant mapped by objective Appendix A (primary and supporting HCs).,"B01 constraint-classification session, 2026-10-01",policy_review/2026-10-01; research/methods/constraint-crosswalk-independent-review.md
I1-I31 screen candidates before any trade-off,971996a9b89f7e61653d46419c4ac107375815172e734948c74a73e04795e21f,PROGRAM,,"Program-wide invariant governance, not an individual candidate screen.","B01 constraint-classification session, 2026-10-01",policy_review/2026-10-01; research/methods/constraint-crosswalk-independent-review.md
I10 (retrofit indexes must be caches),e6cfb1bead527e7e150c13a8c6443376d29d1dc07634e002675f2ca4f3be80ef,HC-xx,HC-01;HC-09,Explicit SPEC invariant mapped by objective Appendix A (primary and supporting HCs).,"B01 constraint-classification session, 2026-10-01",policy_review/2026-10-01; research/methods/constraint-crosswalk-independent-review.md
I12 unknown critical features fail closed,841d4de757122fb8a5d606a1f6a560c6747eb915a64c8ba042ead562b0123b66,HC-xx,HC-04;HC-12;HC-14,Explicit SPEC invariant mapped by objective Appendix A (primary and supporting HCs).,"B01 constraint-classification session, 2026-10-01",policy_review/2026-10-01; research/methods/constraint-crosswalk-independent-review.md
I12 unknown optional features ignored but authenticated,ed05cec1cb6b2cdbf448b2c06a6202a4faf2bc8de2a7a581243b8b795be7475b,HC-xx,HC-04;HC-12;HC-14,Explicit SPEC invariant mapped by objective Appendix A (primary and supporting HCs).,"B01 constraint-classification session, 2026-10-01",policy_review/2026-10-01; research/methods/constraint-crosswalk-independent-review.md
I12 unknown optional stanzas ignored but authenticated,e20461739822f9076b0c9a5476d96ea05770fedc479694e0c857b304b5fb34a2,HC-xx,HC-04;HC-12;HC-14,Explicit SPEC invariant mapped by objective Appendix A (primary and supporting HCs).,"B01 constraint-classification session, 2026-10-01",policy_review/2026-10-01; research/methods/constraint-crosswalk-independent-review.md
"I13 (export losses and refusals declared, never silent)",730050f368c1601c9d09c4d9866dc9c525ecfca5ccfe84ab69eade757ce0c205,HC-xx,HC-07,Explicit SPEC invariant mapped by objective Appendix A (primary and supporting HCs).,"B01 constraint-classification session, 2026-10-01",policy_review/2026-10-01; research/methods/constraint-crosswalk-independent-review.md
I14 no lossy transforms,7208672c9097cac60287d90013c3099c07025f24b2edcb8b801734b74f00b7aa,HC-xx,HC-02;HC-07,Explicit SPEC invariant mapped by objective Appendix A (primary and supporting HCs).,"B01 constraint-classification session, 2026-10-01",policy_review/2026-10-01; research/methods/constraint-crosswalk-independent-review.md
I15 (one interpretation per conforming archive),a75166b354c54dd1ba3667ec134ccd1f8ea8280c93aec1d734ebd3a9740bf978,HC-xx,HC-03;HC-11;HC-12;HC-13;HC-16,Explicit SPEC invariant mapped by objective Appendix A (primary and supporting HCs).,"B01 constraint-classification session, 2026-10-01",policy_review/2026-10-01; research/methods/constraint-crosswalk-independent-review.md
I15 (overrides must be pinned by recorded policy identity),78947605b1180c7186d076054d7d5c5951c24cf0409186c13753b3c6f8512a6e,HC-xx,HC-03;HC-11;HC-12;HC-13;HC-16,Explicit SPEC invariant mapped by objective Appendix A (primary and supporting HCs).,"B01 constraint-classification session, 2026-10-01",policy_review/2026-10-01; research/methods/constraint-crosswalk-independent-review.md
I15 archive interpretation deterministic and unique,d1182eca43886b753f5c4f705ea7844d71e1e8adc1c8131cb142dbf3a50b4ea9,HC-xx,HC-03;HC-11;HC-12;HC-13;HC-16,Explicit SPEC invariant mapped by objective Appendix A (primary and supporting HCs).,"B01 constraint-classification session, 2026-10-01",policy_review/2026-10-01; research/methods/constraint-crosswalk-independent-review.md
I15 unique deterministic interpretation,b59d9f39512624bbdd51b3e01a7a4dab0220b5d1a35638e8591b5e30be353c78,HC-xx,HC-03;HC-11;HC-12;HC-13;HC-16,Explicit SPEC invariant mapped by objective Appendix A (primary and supporting HCs).,"B01 constraint-classification session, 2026-10-01",policy_review/2026-10-01; research/methods/constraint-crosswalk-independent-review.md
I16 (archive fields never change extractor behaviour),ad2dd607577218fd70d235f96a86a146efd6b2b12ed01814e2fb6c707da1b6cc,HC-xx,HC-05;HC-18,Explicit SPEC invariant mapped by objective Appendix A (primary and supporting HCs).,"B01 constraint-classification session, 2026-10-01",policy_review/2026-10-01; research/methods/constraint-crosswalk-independent-review.md
I17 (declared decoder working set),1391bd7e39031d411a6dfc8140b76e55213b6e6fb7737022723e1a95a2c89612,HC-xx,HC-05;HC-06,Explicit SPEC invariant mapped by objective Appendix A (primary and supporting HCs).,"B01 constraint-classification session, 2026-10-01",policy_review/2026-10-01; research/methods/constraint-crosswalk-independent-review.md
"I17 (declared resource limits; chunk_count limit 4,000,000 at archive.rs:41)",135a781c42f1d953040761e88495044f1555af2e3066c2f8fcf378facb0b1bd5,HC-xx,HC-05;HC-06,Explicit SPEC invariant mapped by objective Appendix A (primary and supporting HCs).,"B01 constraint-classification session, 2026-10-01",policy_review/2026-10-01; research/methods/constraint-crosswalk-independent-review.md
I17 limits validated before expensive work,3be44aaaaae7f199013a41677b35fb0d0aa3f830ca40519406c40b660e3e67b5,HC-xx,HC-05;HC-06,Explicit SPEC invariant mapped by objective Appendix A (primary and supporting HCs).,"B01 constraint-classification session, 2026-10-01",policy_review/2026-10-01; research/methods/constraint-crosswalk-independent-review.md
I17 resource limits validated before allocation,63f3507dbae982d6b135a182cbe64ad6245c406891843db7144d386c118f3e16,HC-xx,HC-05;HC-06,Explicit SPEC invariant mapped by objective Appendix A (primary and supporting HCs).,"B01 constraint-classification session, 2026-10-01",policy_review/2026-10-01; research/methods/constraint-crosswalk-independent-review.md
"I19 every size, offset and count declared exactly once",fed2d44ccd62d64a99b3f016e9340661e215a71b5d9e5b5ebb6f49abd0f9941e,HC-xx,HC-01;HC-03;HC-06,Explicit SPEC invariant mapped by objective Appendix A (primary and supporting HCs).,"B01 constraint-classification session, 2026-10-01",policy_review/2026-10-01; research/methods/constraint-crosswalk-independent-review.md
I19 single authority for declarations,10e0c5d852c852c13c2c15556105c2a2c753771906c4dba2cb4c7c51973c01a1,HC-xx,HC-01;HC-03;HC-06,Explicit SPEC invariant mapped by objective Appendix A (primary and supporting HCs).,"B01 constraint-classification session, 2026-10-01",policy_review/2026-10-01; research/methods/constraint-crosswalk-independent-review.md
I20 bounded repeated structures,65372239263ed124f6165ae72b2abf18aaf0b7ae51b488c4f2d75f4661110782,HC-xx,HC-06,Explicit SPEC invariant mapped by objective Appendix A (primary and supporting HCs).,"B01 constraint-classification session, 2026-10-01",policy_review/2026-10-01; research/methods/constraint-crosswalk-independent-review.md
I20 repeated structures have bounded counts,956c64fae6f482fac20f18cf555a8d1de8627ff82e98819ad31896e6d884998b,HC-xx,HC-06,Explicit SPEC invariant mapped by objective Appendix A (primary and supporting HCs).,"B01 constraint-classification session, 2026-10-01",policy_review/2026-10-01; research/methods/constraint-crosswalk-independent-review.md
"I21 (truncation, corruption and unsupported distinguishable)",314662176d052ec000806c56392998097d02a87d031ce057d9abb014dbc90a82,HC-xx,HC-03;HC-04;HC-12;HC-15;HC-18,Explicit SPEC invariant mapped by objective Appendix A (primary and supporting HCs).,"B01 constraint-classification session, 2026-10-01",policy_review/2026-10-01; research/methods/constraint-crosswalk-independent-review.md
I21 unsupported distinguishable from corruption,658e912290aa5fcdc229fffdece4d5b96d7ebcb910476dc12d5ff5f0df2aee23,HC-xx,HC-03;HC-04;HC-12;HC-15;HC-18,Explicit SPEC invariant mapped by objective Appendix A (primary and supporting HCs).,"B01 constraint-classification session, 2026-10-01",policy_review/2026-10-01; research/methods/constraint-crosswalk-independent-review.md
I23 hard links are content sharing,8343d2d92e9a9ae63c4565956f97c6667c36715f27021329a923d232c662d38a,HC-xx,HC-01;HC-10;HC-17,Explicit SPEC invariant mapped by objective Appendix A (primary and supporting HCs).,"B01 constraint-classification session, 2026-10-01",policy_review/2026-10-01; research/methods/constraint-crosswalk-independent-review.md
I24 (keyed variants must exist for encrypted archives),c6eba5137ecfcc0652a4d554b9e4514eafefb7f9e9724f2f31ecb31d0a11b820,HC-xx,HC-14,Explicit SPEC invariant mapped by objective Appendix A (primary and supporting HCs).,"B01 constraint-classification session, 2026-10-01",policy_review/2026-10-01; research/methods/constraint-crosswalk-independent-review.md
I24 physical chunk boundaries must not leak plaintext structure in encrypted archives,9591b57c1079c605d1f6ce53007ec47fa9bb82883db90513cd08ba73075f3516,HC-xx,HC-14,Explicit SPEC invariant mapped by objective Appendix A (primary and supporting HCs).,"B01 constraint-classification session, 2026-10-01",policy_review/2026-10-01; research/methods/constraint-crosswalk-independent-review.md
I25 (cross-ref integrity),f82be58cc8f0a757c78c4ee82bd06286606adcfe133b934ed420767b271f5068,HC-xx,HC-05;HC-14;HC-15;HC-18,Explicit SPEC invariant mapped by objective Appendix A (primary and supporting HCs).,"B01 constraint-classification session, 2026-10-01",policy_review/2026-10-01; research/methods/constraint-crosswalk-independent-review.md
I25 unverified or unprotected output never presented as protected,d404b5911fe88726c80b360594b43bb39a26ef3db0dfd718bae90798cde21f1c,HC-xx,HC-05;HC-14;HC-15;HC-18,Explicit SPEC invariant mapped by objective Appendix A (primary and supporting HCs).,"B01 constraint-classification session, 2026-10-01",policy_review/2026-10-01; research/methods/constraint-crosswalk-independent-review.md
I25 unverified output never presented as verified,b64975a4a77922b9279b062f31d1f3557550b2f78ad4207a0f5199990d7ac665,HC-xx,HC-05;HC-14;HC-15;HC-18,Explicit SPEC invariant mapped by objective Appendix A (primary and supporting HCs).,"B01 constraint-classification session, 2026-10-01",policy_review/2026-10-01; research/methods/constraint-crosswalk-independent-review.md
I25 unverified results never presented as verified (cross-ref integrity),bdbd16861461579c73db71afd162a284d7e63a6dd29c5d2ebfbb09b49ebb38f6,HC-xx,HC-05;HC-14;HC-15;HC-18,Explicit SPEC invariant mapped by objective Appendix A (primary and supporting HCs).,"B01 constraint-classification session, 2026-10-01",policy_review/2026-10-01; research/methods/constraint-crosswalk-independent-review.md
I28 (PCR binds chunker parameters; model decision pcr-chunker-binding-and-profile-dependence governs multi-chunker binding),cf632ac030b9d743f37d3d67ec0a4894d88ff3b57d9e6bbd327244ad510e5e34,HC-xx,HC-02;HC-10;HC-13,Explicit SPEC invariant mapped by objective Appendix A (primary and supporting HCs).,"B01 constraint-classification session, 2026-10-01",policy_review/2026-10-01; research/methods/constraint-crosswalk-independent-review.md
"I28 (PCR chunking-dependent, LAI independent)",34f35509e12b60313d3fef12d8dc374cde9adc10edd9c78552d152f004ae1c2e,HC-xx,HC-02;HC-10;HC-13,Explicit SPEC invariant mapped by objective Appendix A (primary and supporting HCs).,"B01 constraint-classification session, 2026-10-01",policy_review/2026-10-01; research/methods/constraint-crosswalk-independent-review.md
I28 (forced cuts change PCR),36f6de02d9e92746e5b7504351b40b55d2f7e84e1b25f169a559063e8c0de174,HC-xx,HC-02;HC-10;HC-13,Explicit SPEC invariant mapped by objective Appendix A (primary and supporting HCs).,"B01 constraint-classification session, 2026-10-01",policy_review/2026-10-01; research/methods/constraint-crosswalk-independent-review.md
I29 independent units default (cross-ref access),7681852dc9812fcf2f6236eab0ccb1bd110a1fb1791e4ee188d664756d075c26,HC-xx,HC-06;HC-09,Explicit SPEC invariant mapped by objective Appendix A (primary and supporting HCs).,"B01 constraint-classification session, 2026-10-01",policy_review/2026-10-01; research/methods/constraint-crosswalk-independent-review.md
I30 (decoders never depend on categorisation),f181d233c770aec9b4965b9d1706ffcdb28911526417bff2fd82e7a91a74d1ee,HC-xx,HC-02;HC-09;HC-11;HC-12;HC-13;HC-16,Explicit SPEC invariant mapped by objective Appendix A (primary and supporting HCs).,"B01 constraint-classification session, 2026-10-01",policy_review/2026-10-01; research/methods/constraint-crosswalk-independent-review.md
"I30 (decoders never need the chunker, so unknown ids must not block decode)",29e5e3d367b4114a33019ab2921c4f506ce902641872b5cbeab461a5e15808bc,HC-xx,HC-02;HC-09;HC-11;HC-12;HC-13;HC-16,Explicit SPEC invariant mapped by objective Appendix A (primary and supporting HCs).,"B01 constraint-classification session, 2026-10-01",policy_review/2026-10-01; research/methods/constraint-crosswalk-independent-review.md
I30 (decoders never run the chunker),b765af453a0ddeab602769fe14dbe17be296aecf5c081dc276fa68874988ab29,HC-xx,HC-02;HC-09;HC-11;HC-12;HC-13;HC-16,Explicit SPEC invariant mapped by objective Appendix A (primary and supporting HCs).,"B01 constraint-classification session, 2026-10-01",policy_review/2026-10-01; research/methods/constraint-crosswalk-independent-review.md
I31 reconstructive transforms verified,b3347532fbd30af17312933d83b7b91c5fd0289c3694c8b742a7a41a5d5e10b3,HC-xx,HC-02;HC-11,Explicit SPEC invariant mapped by objective Appendix A (primary and supporting HCs).,"B01 constraint-classification session, 2026-10-01",policy_review/2026-10-01; research/methods/constraint-crosswalk-independent-review.md
I31 verified byte-exact round trip,6a7673fd982b3a15aad4eb1f2ab231c74528f20885078cfe5c3f44e0538ac31d,HC-xx,HC-02;HC-11,Explicit SPEC invariant mapped by objective Appendix A (primary and supporting HCs).,"B01 constraint-classification session, 2026-10-01",policy_review/2026-10-01; research/methods/constraint-crosswalk-independent-review.md
I9 encryption independent of logical identity,c47de8b1ad33ce2e17b3dfdbeca6a74dac734142f3757269a7d7c3507dfa1fca,HC-xx,HC-10;HC-13;HC-14,Explicit SPEC invariant mapped by objective Appendix A (primary and supporting HCs).,"B01 constraint-classification session, 2026-10-01",policy_review/2026-10-01; research/methods/constraint-crosswalk-independent-review.md
INDEX is the only ignorable section (SPEC §4.3 L411),c855027cd1a5ef68f539aa1fc4d25df62acb5c2c740a6c62d113c11a23431145,HC-xx,HC-04,Only explicitly optional cache data may be ignored under HC-04.,"B01 constraint-classification session, 2026-10-01",policy_review/2026-10-01; research/methods/constraint-crosswalk-independent-review.md
INDEXED bytes and historical archives unchanged,c72f1c233d008126dc5f7d0866119cf08179f7bd8779492f7b7358f9c3e51031,HC-xx,HC-16,"Restates the objective HC-16 obligation; candidate screen is its MVT, not this wording alone.","B01 constraint-classification session, 2026-10-01",policy_review/2026-10-01; research/methods/constraint-crosswalk-independent-review.md
Integrity cluster decision legacy-integrity-check-strictness (CRC/size invariants across profiles),213b6a5d6494cee0cadac2dfe333e4880de0bebc8579a4aa19049b44e2e68641,DECISION_INPUT,,Cross-decision ownership or scope handoff; no independent R1 screen.,"B01 constraint-classification session, 2026-10-01",policy_review/2026-10-01; research/methods/constraint-crosswalk-independent-review.md
Integrity cluster decision truncation-classification-state-machine,2f48dc4e06c1be698cf9d911ed83a956cf301935d7a2c715745ff67cdc6ed645,DECISION_INPUT,,Cross-decision ownership or scope handoff; no independent R1 screen.,"B01 constraint-classification session, 2026-10-01",policy_review/2026-10-01; research/methods/constraint-crosswalk-independent-review.md
LOM contract docs/legacy-observation-model-v1.md,5616d76d1fe3e9fddfecdf2887b7142bbc88db1b20d05db3db9e08eb840b41c5,F-xx,F-19,Existing normative implementation contract represented by objective Appendix B F-19.,"B01 constraint-classification session, 2026-10-01",policy_review/2026-10-01; research/methods/constraint-crosswalk-independent-review.md
"Ledger enums in research/tools/ledger/assemble.py (EVIDENCE_STATES, BLOCKER_CLASSES)",6edd2e68534eb457fd7372da7a28bd33f99b88ef821d6e5478e594fcff4e1bd0,DECISION_INPUT,,"Scope, status-quo fact, or design input with no exact registered HC/F screen in this label.","B01 constraint-classification session, 2026-10-01",policy_review/2026-10-01; research/methods/constraint-crosswalk-independent-review.md
LoC transparency factor (APPX/metadata.md C3),b978d668b8adcb51d956870424944facbf8c9e7b1ca0dd8076bd93d5ada5b610,DECISION_INPUT,,"Scope, status-quo fact, or design input with no exact registered HC/F screen in this label.","B01 constraint-classification session, 2026-10-01",policy_review/2026-10-01; research/methods/constraint-crosswalk-independent-review.md
Merge-contract evidence rules: unit tests are not empirical support for optimization claims; PROVEN only for definitional facts or exact vectors,4ffe8297e706bec50df4ecef97d23266b48a2055dbefb2d51e59447f535cf776,PROGRAM,,"Program/research governance, evidence policy, or cross-decision handoff; not a candidate HC/freeze screen.","B01 constraint-classification session, 2026-10-01",policy_review/2026-10-01; research/methods/constraint-crosswalk-independent-review.md
Model LogicalPath rules P1-P7 (model requirements logicalpath-structural-component-sequence and related),cb9f9e1321d113d6d63899029459cb88e675f89ed0e6807709c8056c7ce993df,HC-xx,HC-17,"Restates the objective HC-17 obligation; candidate screen is its MVT, not this wording alone.","B01 constraint-classification session, 2026-10-01",policy_review/2026-10-01; research/methods/constraint-crosswalk-independent-review.md
Model cluster decision executable-bit-derivation,11c6ceab2bcfcff695bc9c0c40638d08afd493cd294cfec854ee036e00971832,DECISION_INPUT,,Cross-decision ownership or scope handoff; no independent R1 screen.,"B01 constraint-classification session, 2026-10-01",policy_review/2026-10-01; research/methods/constraint-crosswalk-independent-review.md
Model cluster decision reason-code-registry-and-precedence,95e4aef8b45e7488ab83b539ef7a13631dea892c325b4e0b4939f851ded90b8b,DECISION_INPUT,,Cross-decision ownership or scope handoff; no independent R1 screen.,"B01 constraint-classification session, 2026-10-01",policy_review/2026-10-01; research/methods/constraint-crosswalk-independent-review.md
Model cluster decisions non-utf8-native-name-representation and encoding-declaration-identity-participation,0c4d4857c3147e39cfe0667345d3a598c3db8ad771af98994f8074ff63809bfd,DECISION_INPUT,,Cross-decision ownership or scope handoff; no independent R1 screen.,"B01 constraint-classification session, 2026-10-01",policy_review/2026-10-01; research/methods/constraint-crosswalk-independent-review.md
NFS4 registry masks 0x001f01ff/0x000000ff frozen (docs/security-metadata-v1.md L96-102),45330aeb60f9f20c29c33c0b8c89116e0edf54c4a083fbe2aeed99be0ca43731,F-xx,F-17,Explicit fixed behavior within objective Appendix B F-17.,"B01 constraint-classification session, 2026-10-01",policy_review/2026-10-01; research/methods/constraint-crosswalk-independent-review.md
Never invent Unix mode for Windows-authored entries (R1 §14 item 11),d414fb74d4d95a9fee3124d572b035f5750bf7f0ffca08cd7744863c7bcd9070,HC-xx,HC-07,"Restates the objective HC-07 obligation; candidate screen is its MVT, not this wording alone.","B01 constraint-classification session, 2026-10-01",policy_review/2026-10-01; research/methods/constraint-crosswalk-independent-review.md
No GitHub Actions or hosted runners (PROGRESS standing decision 2026-09-12),4b0a8c9cc3f578ef281dd20f3c67dcd3d08c6f0339131953d5e010366749a0db,PROGRAM,,"Program/research governance, evidence policy, or cross-decision handoff; not a candidate HC/freeze screen.","B01 constraint-classification session, 2026-10-01",policy_review/2026-10-01; research/methods/constraint-crosswalk-independent-review.md
No credential handling in unreviewed code paths,5f3632a059d133f648f2073e2db14bd187d6c4ae9433944793d1b4b88df72851,DECISION_INPUT,,"Scope, status-quo fact, or design input with no exact registered HC/F screen in this label.","B01 constraint-classification session, 2026-10-01",policy_review/2026-10-01; research/methods/constraint-crosswalk-independent-review.md
No outreach or filing without program-owner approval,289510cdf80dfba1a586dddc32c921f1b88b7a1dce6bff4a19d89aadbef0b4ea,PROGRAM,,"Program/research governance, evidence policy, or cross-decision handoff; not a candidate HC/freeze screen.","B01 constraint-classification session, 2026-10-01",policy_review/2026-10-01; research/methods/constraint-crosswalk-independent-review.md
No unsafe path is normalised silently (docs/zip-import-v1.md L40-43),e03ea326c2e704090b31d0b101c6f54304624d7ee6f12d13a80b8221bf1fc92a,F-xx,F-20,Existing normative implementation contract represented by objective Appendix B F-20.,"B01 constraint-classification session, 2026-10-01",policy_review/2026-10-01; research/methods/constraint-crosswalk-independent-review.md
OCI layer.md: no duplicate paths,102c4578ee9297164039240e7f194509d2c744dce5c41b104e29a78ffcec1a04,HC-xx,HC-17,"Restates the objective HC-17 obligation; candidate screen is its MVT, not this wording alone.","B01 constraint-classification session, 2026-10-01",policy_review/2026-10-01; research/methods/constraint-crosswalk-independent-review.md
"Observation budgets (max_observations, max_conflicts)",b50dda79551406e70066f104eba1b851df54e188d121e7d7839e86efdda42fdf,HC-xx,HC-06,"Restates the objective HC-06 obligation; candidate screen is its MVT, not this wording alone.","B01 constraint-classification session, 2026-10-01",policy_review/2026-10-01; research/methods/constraint-crosswalk-independent-review.md
Omission permits synthesis under --strict and is always recorded (SPEC §26.5 row 10),0f3229484e5b49a17f498d492828dd649439f66c4d3cdcaa314ee9b0671cc036,HC-xx,HC-07,"Restates the objective HC-07 obligation; candidate screen is its MVT, not this wording alone.","B01 constraint-classification session, 2026-10-01",policy_review/2026-10-01; research/methods/constraint-crosswalk-independent-review.md
Owner approval required before filing issues or publishing,fba71ee866c83ad2c33bab0b090f06280058b9f5545402b36073afb021673e0d,PROGRAM,,"Program/research governance, evidence policy, or cross-decision handoff; not a candidate HC/freeze screen.","B01 constraint-classification session, 2026-10-01",policy_review/2026-10-01; research/methods/constraint-crosswalk-independent-review.md
OwnershipPolicy::Ignore default (archive.rs:164-182),06ee71d215e1f21728e879aaea5d62a48830082df29236f62fca401414589bf2,DECISION_INPUT,,"Scope, status-quo fact, or design input with no exact registered HC/F screen in this label.","B01 constraint-classification session, 2026-10-01",policy_review/2026-10-01; research/methods/constraint-crosswalk-independent-review.md
P3 (no 0x00/0x2F),da21f61c8a7f933ec19cc554c41e02ca97abeb746a7e88f0968cf4be622fdf5a,HC-xx,HC-17,"Restates the objective HC-17 obligation; candidate screen is its MVT, not this wording alone.","B01 constraint-classification session, 2026-10-01",policy_review/2026-10-01; research/methods/constraint-crosswalk-independent-review.md
P5,1c5e95f69bb22aef7c11683dbf81f2bab7bbf77b028014a112bc68e051ba1a79,HC-xx,HC-17,"Restates the objective HC-17 obligation; candidate screen is its MVT, not this wording alone.","B01 constraint-classification session, 2026-10-01",policy_review/2026-10-01; research/methods/constraint-crosswalk-independent-review.md
P5 (no normalisation),63751e31c15b23d9781c6d3c4791b5bcea46498deb76e87e0f3ed18fb848fa47,HC-xx,HC-08,"Restates the objective HC-08 obligation; candidate screen is its MVT, not this wording alone.","B01 constraint-classification session, 2026-10-01",policy_review/2026-10-01; research/methods/constraint-crosswalk-independent-review.md
P8,e71522252c1f2950512dd90f26d9089db690d4263c9b2565f3ed1e0ed0732b14,HC-xx,HC-17,"Restates the objective HC-17 obligation; candidate screen is its MVT, not this wording alone.","B01 constraint-classification session, 2026-10-01",policy_review/2026-10-01; research/methods/constraint-crosswalk-independent-review.md
PCI changes on Index add/remove/repair (docs/format-v0.md L406-407),32ba24dd5c912d44a74cb4bd075526d9ac57cda8094436577d367d720b1fd976,DECISION_INPUT,,"Scope, status-quo fact, or design input with no exact registered HC/F screen in this label.","B01 constraint-classification session, 2026-10-01",policy_review/2026-10-01; research/methods/constraint-crosswalk-independent-review.md
PROGRAM Task 6 capability-matched incumbent baselines,fa6fd1d072ea5a26a3aa83e8e503ff209894901b61c39c59bfa5dc87969251ce,PROGRAM,,"Program/research governance, evidence policy, or cross-decision handoff; not a candidate HC/freeze screen.","B01 constraint-classification session, 2026-10-01",policy_review/2026-10-01; research/methods/constraint-crosswalk-independent-review.md
PROGRESS Known blockers: human usability participants unavailable,9a43477056d01add2fe8e479715236499c10e1dcd869246619454b7c54b4b7ef,PROGRAM,,"Program/research governance, evidence policy, or cross-decision handoff; not a candidate HC/freeze screen.","B01 constraint-classification session, 2026-10-01",policy_review/2026-10-01; research/methods/constraint-crosswalk-independent-review.md
PROGRESS Known blockers: packet-level netem unavailable; application-level proxy planned (Phase B2 ebr-netem),95adbfeb75ee6f559095abe920a5b11f9287e9ffecc07102bce2edd263061810,PROGRAM,,"Program/research governance, evidence policy, or cross-decision handoff; not a candidate HC/freeze screen.","B01 constraint-classification session, 2026-10-01",policy_review/2026-10-01; research/methods/constraint-crosswalk-independent-review.md
"PROGRESS standing decision 2026-09-12: local Windows host, WSL2 and Docker only (no hosted runners)",b859326e51ff1e3557047b0ac7a26349b732d6adf22efea09d792c1b36fe0d40,PROGRAM,,"Program/research governance, evidence policy, or cross-decision handoff; not a candidate HC/freeze screen.","B01 constraint-classification session, 2026-10-01",policy_review/2026-10-01; research/methods/constraint-crosswalk-independent-review.md
PROGRESS standing decision 2026-09-12: local and Docker only,aed15b964616f8dfa7fb9a2ef8a6620e5cc32ba7127dddb1bd0543e358af5b0c,PROGRAM,,"Program/research governance, evidence policy, or cross-decision handoff; not a candidate HC/freeze screen.","B01 constraint-classification session, 2026-10-01",policy_review/2026-10-01; research/methods/constraint-crosswalk-independent-review.md
PROGRESS standing decision 2026-09-12: no GitHub Actions or hosted runners; platform work local only,76a163ac7bbbed465e618ce63ad35c8da2b9874c38dc82798ac5219e599f6517,PROGRAM,,"Program/research governance, evidence policy, or cross-decision handoff; not a candidate HC/freeze screen.","B01 constraint-classification session, 2026-10-01",policy_review/2026-10-01; research/methods/constraint-crosswalk-independent-review.md
PROGRESS standing decision 2026-09-12: production semantics unchanged until a Decision Ledger entry is accepted,539c38b96a06075ab37262bb4d5976d324e313004e167e76296c647b09f2e0e8,PROGRAM,,"Program/research governance, evidence policy, or cross-decision handoff; not a candidate HC/freeze screen.","B01 constraint-classification session, 2026-10-01",policy_review/2026-10-01; research/methods/constraint-crosswalk-independent-review.md
PROGRESS.md method pre-registration before decision-relevant results,412e0ae1170dbbd99b136209b6f084a5e8abdb05df8ff6ce8e8efc7c42a2bee1,PROGRAM,,"Program/research governance, evidence policy, or cross-decision handoff; not a candidate HC/freeze screen.","B01 constraint-classification session, 2026-10-01",policy_review/2026-10-01; research/methods/constraint-crosswalk-independent-review.md
PROGRESS.md production semantics unchanged by experiments,7831d6599f0e47349b45f681603cd48eba376b6fa16b740063719720c7a2ecf9,PROGRAM,,"Program/research governance, evidence policy, or cross-decision handoff; not a candidate HC/freeze screen.","B01 constraint-classification session, 2026-10-01",policy_review/2026-10-01; research/methods/constraint-crosswalk-independent-review.md
Passwords never appear on argv (docs/crypto-implementation-v1.md L132-133),816b30c6bd4e8a91cc5b35288f7962f8c40b1c546fd75b3923cf9000a89fbd50,F-xx,F-16,Existing normative implementation contract represented by objective Appendix B F-16.,"B01 constraint-classification session, 2026-10-01",policy_review/2026-10-01; research/methods/constraint-crosswalk-independent-review.md
Platform cluster streams/forks semantics (program Task 17),54b18ed1971dbbc7d76254be6302a214cd0239f9ae7228489922fcf925e9702f,DECISION_INPUT,,"Scope, status-quo fact, or design input with no exact registered HC/F screen in this label.","B01 constraint-classification session, 2026-10-01",policy_review/2026-10-01; research/methods/constraint-crosswalk-independent-review.md
Platform metadata cluster ownership semantics,9bac4f984dc3b57211b452ad9b6c0502153133d4bba3c8c0583e68e73c20ceda,DECISION_INPUT,,"Scope, status-quo fact, or design input with no exact registered HC/F screen in this label.","B01 constraint-classification session, 2026-10-01",policy_review/2026-10-01; research/methods/constraint-crosswalk-independent-review.md
"Pre-registration gate (§3.3, §37): experiment specs committed before execution",cffec78c0e152c26dde51070ecff4108b6720c8ed8f468031dc37b2a00b00164,PROGRAM,,"Program/research governance, evidence policy, or cross-decision handoff; not a candidate HC/freeze screen.","B01 constraint-classification session, 2026-10-01",policy_review/2026-10-01; research/methods/constraint-crosswalk-independent-review.md
Pre-registration gate: protocol fixed before decision-relevant results,503c44c2c48fc1e4b8d417bf1fedbf8ce1395afc6a2f60fff96f4945eddfb3e4,PROGRAM,,"Program/research governance, evidence policy, or cross-decision handoff; not a candidate HC/freeze screen.","B01 constraint-classification session, 2026-10-01",policy_review/2026-10-01; research/methods/constraint-crosswalk-independent-review.md
Preservation changes AUX only (legacy/zip.rs:4315-4418),41aecdd5baa55c08a9966a9a367446aa1fdaeb91408cb2b7f316406cc7c351c7,HC-xx,HC-10,"Restates the objective HC-10 obligation; candidate screen is its MVT, not this wording alone.","B01 constraint-classification session, 2026-10-01",policy_review/2026-10-01; research/methods/constraint-crosswalk-independent-review.md
Preservation never makes foreign declarations EAM authority (docs/legacy-preservation-v1.md),98f86e4c5bb64231e85c48ca2b24b949bc010e3d6cf35eddc5ff0f28ffc1c66b,F-xx,F-20,Existing normative implementation contract represented by objective Appendix B F-20.,"B01 constraint-classification session, 2026-10-01",policy_review/2026-10-01; research/methods/constraint-crosswalk-independent-review.md
Preserve stores exact source bytes,2cd2f9520db0bb49f43f3e1ea5333eb6b4ff2004051da08d968c6afed7264471,HC-xx,HC-02,"Restates the objective HC-02 obligation; candidate screen is its MVT, not this wording alone.","B01 constraint-classification session, 2026-10-01",policy_review/2026-10-01; research/methods/constraint-crosswalk-independent-review.md
Production never executes a legacy runtime or reparses per profile (docs/zip-compatibility-profiles-v1.md Status),f263f1bba8d3d3b60c3170f100435803667d8408ffe83248e386da508144dbdf,F-xx,F-20,Existing normative implementation contract represented by objective Appendix B F-20.,"B01 constraint-classification session, 2026-10-01",policy_review/2026-10-01; research/methods/constraint-crosswalk-independent-review.md
Profile IDs parse by exact string match only (legacy/zip.rs:126-142),13b62ef5616069bbc9764371ff7748ca07f43e1b0bc41f6a3b97defa56885238,F-xx,F-20,Fixed product contract under objective Appendix B F-20.,"B01 constraint-classification session, 2026-10-01",policy_review/2026-10-01; research/methods/constraint-crosswalk-independent-review.md
Profile change requires new versioned ID and reviewed matrix (tools/zip-compat/README.md),15f16732a5e1f08fd2288f91695bd55ede5b104294ff9da3cfc78ed5b4b70b7d,HC-xx,HC-16,A published profile version ID cannot change historical meaning under HC-16.,"B01 constraint-classification session, 2026-10-01",policy_review/2026-10-01; research/methods/constraint-crosswalk-independent-review.md
Program Task 29 corpus expectation classes (REQUIRED/FORBIDDEN/ACCEPTABLE/PROFILE_DEPENDENT/UNRESOLVED),aa802c1160cd902a10532af49391b277d748a8324c56aaadbeb150a19bc5cf40,PROGRAM,,"Program/research governance, evidence policy, or cross-decision handoff; not a candidate HC/freeze screen.","B01 constraint-classification session, 2026-10-01",policy_review/2026-10-01; research/methods/constraint-crosswalk-independent-review.md
Program constraint: local Windows/WSL2/Docker only; macOS and native ARM64 BLOCKED_PLATFORM,597afd86477b810780162fc242f5062d4a9a8fa38e97dcb1b7e11fadb2575307,PROGRAM,,"Program/research governance, evidence policy, or cross-decision handoff; not a candidate HC/freeze screen.","B01 constraint-classification session, 2026-10-01",policy_review/2026-10-01; research/methods/constraint-crosswalk-independent-review.md
Program owner approval required before any external filing,94c08a6cf467c1cb783494df4081bfc5248ab21cef527a13796125861a6e78ae,PROGRAM,,"Program/research governance, evidence policy, or cross-decision handoff; not a candidate HC/freeze screen.","B01 constraint-classification session, 2026-10-01",policy_review/2026-10-01; research/methods/constraint-crosswalk-independent-review.md
"Program pre-registration gate (§3.3, §37): thresholds fixed before any decision-relevant result",9f741d7e41132985780e58431c11f61becebb61587d5e0b9e025115917ce2fe7,PROGRAM,,"Program/research governance, evidence policy, or cross-decision handoff; not a candidate HC/freeze screen.","B01 constraint-classification session, 2026-10-01",policy_review/2026-10-01; research/methods/constraint-crosswalk-independent-review.md
Program standing decision 2026-09-12 (experiments do not change production semantics),12730fe53d25da7ba0f3a457c7d3d20c86cee224489e5de69d9aaba77d0a14d4,PROGRAM,,"Program/research governance, evidence policy, or cross-decision handoff; not a candidate HC/freeze screen.","B01 constraint-classification session, 2026-10-01",policy_review/2026-10-01; research/methods/constraint-crosswalk-independent-review.md
Program standing decision 2026-09-12 (local and Docker execution only for research),b5dc91b14d9c5aafb34ebdb3a6d7e261822a67bdb50389f2b4cb7298c2dcb63c,PROGRAM,,"Program/research governance, evidence policy, or cross-decision handoff; not a candidate HC/freeze screen.","B01 constraint-classification session, 2026-10-01",policy_review/2026-10-01; research/methods/constraint-crosswalk-independent-review.md
Program standing decision 2026-09-12 (local and Docker execution only),57bc968b0ee14a4ed66382d0f41c04eb2f0b842d32f76d45410fa202f9fa0533,PROGRAM,,"Program/research governance, evidence policy, or cross-decision handoff; not a candidate HC/freeze screen.","B01 constraint-classification session, 2026-10-01",policy_review/2026-10-01; research/methods/constraint-crosswalk-independent-review.md
Program standing decision 2026-09-12 (no hosted runners for research; local and Docker only),d7404d92bba175b53076f39e1d5d951920ee5445fe5ed15661987fa6f134090c,PROGRAM,,"Program/research governance, evidence policy, or cross-decision handoff; not a candidate HC/freeze screen.","B01 constraint-classification session, 2026-10-01",policy_review/2026-10-01; research/methods/constraint-crosswalk-independent-review.md
"Program standing decision 2026-09-12 (research features default-off, byte-identical when disabled)",439785660b88e471112e0a70e44db9d3ff3ff991597168b2f949db55e254e217,PROGRAM,,"Program/research governance, evidence policy, or cross-decision handoff; not a candidate HC/freeze screen.","B01 constraint-classification session, 2026-10-01",policy_review/2026-10-01; research/methods/constraint-crosswalk-independent-review.md
Provenance is inert (SPEC §16.2),bee87892591fffaea8fce7ad547ce18a6a3c16c869c5565500c4dc85386f323a,DECISION_INPUT,,"Scope, status-quo fact, or design input with no exact registered HC/F screen in this label.","B01 constraint-classification session, 2026-10-01",policy_review/2026-10-01; research/methods/constraint-crosswalk-independent-review.md
PublicCryptoContextV1 binds complete required-feature bitmap (docs/crypto-wire-v1.md L205-225),0134817759ed5995e55deff90f39e37649bd13e484c2f52c192bf4485bd7267e,F-xx,F-12,Existing normative implementation contract represented by objective Appendix B F-12.,"B01 constraint-classification session, 2026-10-01",policy_review/2026-10-01; research/methods/constraint-crosswalk-independent-review.md
R1 byte identity across codec versions cannot be promised (non-goal),599ea35bf3f728c5a7fda0949da9295e022f253d9c88458b0d363b895bd06a75,PROGRAM,,"Program/research governance, evidence policy, or cross-decision handoff; not a candidate HC/freeze screen.","B01 constraint-classification session, 2026-10-01",policy_review/2026-10-01; research/methods/constraint-crosswalk-independent-review.md
"R1 §11.1 MUST PRESERVE readability by GNU tar, bsdtar, Info-ZIP, 7-Zip, Windows Explorer",7fb66becbf63696f5c9a1ed2bdb9664c5bff0d8228ebfcaf6869c7a2aa96769d,PROGRAM,,"Program/research governance, evidence policy, or cross-decision handoff; not a candidate HC/freeze screen.","B01 constraint-classification session, 2026-10-01",policy_review/2026-10-01; research/methods/constraint-crosswalk-independent-review.md
R1 §16 no performance claims in v1 (doctrine),2e7824c61be8deb04da11d9c1e8eac493c02e59cb4b7d0d810efbce983ae702e,PROGRAM,,"Program/research governance, evidence policy, or cross-decision handoff; not a candidate HC/freeze screen.","B01 constraint-classification session, 2026-10-01",policy_review/2026-10-01; research/methods/constraint-crosswalk-independent-review.md
R1 §7.5 limits enforced in the inner loop,af22a08b8d9e93107225539ca1849e02f2c7a5252f1dac1ef9fb0d611699f56e,HC-xx,HC-06,Inner-loop resource limits are the HC-06 bounded-work obligation.,"B01 constraint-classification session, 2026-10-01",policy_review/2026-10-01; research/methods/constraint-crosswalk-independent-review.md
"R1 §8.3 L600: more than 65,535 entries require ZIP64",d0fe47b6df9f7de7390ff823245e66793570c50778cac5876b84ded2a4ee91ca,PROGRAM,,"Program/research governance, evidence policy, or cross-decision handoff; not a candidate HC/freeze screen.","B01 constraint-classification session, 2026-10-01",policy_review/2026-10-01; research/methods/constraint-crosswalk-independent-review.md
R2 §17/§23 general transactional extraction dropped as a headline capability,8f3c84aa62e7ee21e2fd1ea7b171d8e268ce3e4ba3510584af3efb0e8a69f162,PROGRAM,,"Program/research governance, evidence policy, or cross-decision handoff; not a candidate HC/freeze screen.","B01 constraint-classification session, 2026-10-01",policy_review/2026-10-01; research/methods/constraint-crosswalk-independent-review.md
R2 §6.3 L246 normalization must precede signing,62815dc8857e07653557bf5be30fda3aeb3ff2030ffd071da4a1aecd93f6f3be,PROGRAM,,"Program/research governance, evidence policy, or cross-decision handoff; not a candidate HC/freeze screen.","B01 constraint-classification session, 2026-10-01",policy_review/2026-10-01; research/methods/constraint-crosswalk-independent-review.md
"README.md L7-8 (format experimental, not stable)",79a41994d981581b454ae36b438c55a3ddc9bec4bf607a73814568356557dd22,DECISION_INPUT,,"Scope, status-quo fact, or design input with no exact registered HC/F screen in this label.","B01 constraint-classification session, 2026-10-01",policy_review/2026-10-01; research/methods/constraint-crosswalk-independent-review.md
README.md L7-8 (not for long-term archival until stable),146d4327a0cdd3eea0249e960fe04a5259d89759b33379273d39fa4ef0dad238,DECISION_INPUT,,"Scope, status-quo fact, or design input with no exact registered HC/F screen in this label.","B01 constraint-classification session, 2026-10-01",policy_review/2026-10-01; research/methods/constraint-crosswalk-independent-review.md
RFC 1952 ISIZE is input size modulo 2^32,196fcebaef5db937644adfc293c4c06d306f50374400f0d4c0b512f625212956,DECISION_INPUT,,"Scope, status-quo fact, or design input with no exact registered HC/F screen in this label.","B01 constraint-classification session, 2026-10-01",policy_review/2026-10-01; research/methods/constraint-crosswalk-independent-review.md
"RFC 6838 template requirements (magic, extension, published specification, security considerations)",676dd194bc475bdc0e0469a9e663da3e5daed12cb9bcf8fcfc809703184fffe6,DECISION_INPUT,,"Scope, status-quo fact, or design input with no exact registered HC/F screen in this label.","B01 constraint-classification session, 2026-10-01",policy_review/2026-10-01; research/methods/constraint-crosswalk-independent-review.md
Raw filename bytes retained as evidence (docs/zip-import-v1.md L37-38),283f4a439e7db1e02d4faf214b4472e29cd2f2e3dbb08a09519878e4d8baf229,F-xx,F-27,Existing normative implementation contract represented by objective Appendix B F-27.,"B01 constraint-classification session, 2026-10-01",policy_review/2026-10-01; research/methods/constraint-crosswalk-independent-review.md
Receipt is outside archive and artifact identity (docs/format-v0.md L181-183),e9c3f18fe49a41ec0016e3769727756b0f9556c4b95236d34e9f2ea7abf408eb,DECISION_INPUT,,"Scope, status-quo fact, or design input with no exact registered HC/F screen in this label.","B01 constraint-classification session, 2026-10-01",policy_review/2026-10-01; research/methods/constraint-crosswalk-independent-review.md
Receipts are unsigned external JSON (docs/legacy-export-v1.md),4501c200bbe2947ea994112d6e239f6bf9ea37e0cbf96e59a2cea98a744625d4,F-xx,F-22,Existing normative implementation contract represented by objective Appendix B F-22.,"B01 constraint-classification session, 2026-10-01",policy_review/2026-10-01; research/methods/constraint-crosswalk-independent-review.md
Reconstructive transform selection is sibling shard compression-codecs-planner scope (Task 8.8),9fa4df14a520b0b76526a82c8644ed2e3b08cd21f19a0f1a92f5e12bbf31a9b4,DECISION_INPUT,,Cross-decision ownership or scope handoff; no independent R1 screen.,"B01 constraint-classification session, 2026-10-01",policy_review/2026-10-01; research/methods/constraint-crosswalk-independent-review.md
Redistribution limited by per-item licence (methodology §1),f23cd18b88e4fe9a9217f7cf346cd8508f2bf6bc907557be002fb705d8f3bb51,PROGRAM,,"Program/research governance, evidence policy, or cross-decision handoff; not a candidate HC/freeze screen.","B01 constraint-classification session, 2026-10-01",policy_review/2026-10-01; research/methods/constraint-crosswalk-independent-review.md
Registry policies are external (Research III §11: profiles must be grounded in existing policy),9a0d2e88ddc471178422775594580663fe7c874aa1670244a1c6d2b8393a997d,PROGRAM,,"Program/research governance, evidence policy, or cross-decision handoff; not a candidate HC/freeze screen.","B01 constraint-classification session, 2026-10-01",policy_review/2026-10-01; research/methods/constraint-crosswalk-independent-review.md
Research I §16 L1007 (SECURITY.md with named contact is a v1 exit criterion),98a369c9a3d674816450bab6ed252aa4407ca768942b6ec3806ed03344a004c2,PROGRAM,,"Program/research governance, evidence policy, or cross-decision handoff; not a candidate HC/freeze screen.","B01 constraint-classification session, 2026-10-01",policy_review/2026-10-01; research/methods/constraint-crosswalk-independent-review.md
Research I §16 L1007 (v1 exit criteria),e06cdd08bf6068df5077a8bcfafa32fee7e9fcbc54777ec4de9bdceb2f1c397e,PROGRAM,,"Program/research governance, evidence policy, or cross-decision handoff; not a candidate HC/freeze screen.","B01 constraint-classification session, 2026-10-01",policy_review/2026-10-01; research/methods/constraint-crosswalk-independent-review.md
Research I §21 L1108 (no decisions by plausible invention),2f1267b96882e8d1f508540c1ecd83a055ebf5549d60f966b6e7bd8749bdd1dd,PROGRAM,,"Program/research governance, evidence policy, or cross-decision handoff; not a candidate HC/freeze screen.","B01 constraint-classification session, 2026-10-01",policy_review/2026-10-01; research/methods/constraint-crosswalk-independent-review.md
Research II §13 L441 binding instruction (not determinism),5b688736ac92c722714b3a2bc9dafc439c428544517a12c179acba6424d4bf6c,PROGRAM,,"Program/research governance, evidence policy, or cross-decision handoff; not a candidate HC/freeze screen.","B01 constraint-classification session, 2026-10-01",policy_review/2026-10-01; research/methods/constraint-crosswalk-independent-review.md
Research II §23 L720-722 (no rescue experiment),e0076174f5c7109c7abaff50e54a34816207f0dc3097bff4b318061137e2b062,PROGRAM,,"Program/research governance, evidence policy, or cross-decision handoff; not a candidate HC/freeze screen.","B01 constraint-classification session, 2026-10-01",policy_review/2026-10-01; research/methods/constraint-crosswalk-independent-review.md
Research III §11 (policy profiles grounded in existing external policy),8d73dff1220b8e735e31271a35bda5cdc7c043053b464cf10747868cc77ad36c,PROGRAM,,"Program/research governance, evidence policy, or cross-decision handoff; not a candidate HC/freeze screen.","B01 constraint-classification session, 2026-10-01",policy_review/2026-10-01; research/methods/constraint-crosswalk-independent-review.md
Research III §11 L542-544 (no invented profiles),6e00886f25e2c14290f8654d286287df1286dcb5b2bd8fa1f46aad40ae91c7e8,PROGRAM,,"Program/research governance, evidence policy, or cross-decision handoff; not a candidate HC/freeze screen.","B01 constraint-classification session, 2026-10-01",policy_review/2026-10-01; research/methods/constraint-crosswalk-independent-review.md
Research III §12 L598 (one human-reviewed issue per implementation; no spam; no Entrybound mention),21ba929048c2edc2ad07ced9ebde34c9dede23420b68b6acec374223f4135489,PROGRAM,,"Program/research governance, evidence policy, or cross-decision handoff; not a candidate HC/freeze screen.","B01 constraint-classification session, 2026-10-01",policy_review/2026-10-01; research/methods/constraint-crosswalk-independent-review.md
Research III §12 L598 and §12.3 L670 (human review; no Entrybound mention; one issue per implementation),4f3f3d60f8d4ec2cb9b02559ad33822d39ab894c561f679251fcd90469ae3119,PROGRAM,,"Program/research governance, evidence policy, or cross-decision handoff; not a candidate HC/freeze screen.","B01 constraint-classification session, 2026-10-01",policy_review/2026-10-01; research/methods/constraint-crosswalk-independent-review.md
Research III §18 L872 (silence is never counted as willingness),d045dd1acf0772b6aaf4b4da6bce0abcdd2ca236f8e30c9718c58cfe413e776e,PROGRAM,,"Program/research governance, evidence policy, or cross-decision handoff; not a candidate HC/freeze screen.","B01 constraint-classification session, 2026-10-01",policy_review/2026-10-01; research/methods/constraint-crosswalk-independent-review.md
Research III §25 L1179 (no fourth thesis),80b9f4930c99f858ca76eeeeec1247c4ba00ee1b95b83fe0b4cfdf34f8f4efbf,PROGRAM,,"Program/research governance, evidence policy, or cross-decision handoff; not a candidate HC/freeze screen.","B01 constraint-classification session, 2026-10-01",policy_review/2026-10-01; research/methods/constraint-crosswalk-independent-review.md
Research program: claims require evidence before publication,fbd6d4b24c381315866acc9d3b85a46ea09b6e52d687f21d6e89fac53a34464c,PROGRAM,,"Program/research governance, evidence policy, or cross-decision handoff; not a candidate HC/freeze screen.","B01 constraint-classification session, 2026-10-01",policy_review/2026-10-01; research/methods/constraint-crosswalk-independent-review.md
SHA-256 identity digest in identity/v1 (docs/crypto-suite-v1.md L20),ecbdb43279d533db8be84895a20df0cc33798aba89ea8af822a83b84fc963ecf,F-xx,F-12,Existing normative implementation contract represented by objective Appendix B F-12.,"B01 constraint-classification session, 2026-10-01",policy_review/2026-10-01; research/methods/constraint-crosswalk-independent-review.md
SPEC Header L6 and Scope note L8 (research is evidence base; existence not revisited),8618ae114f3169fd97567a01486373508f5cc01d019a6e073231689970131741,PROGRAM,,"Program/research governance, evidence policy, or cross-decision handoff; not a candidate HC/freeze screen.","B01 constraint-classification session, 2026-10-01",policy_review/2026-10-01; research/methods/constraint-crosswalk-independent-review.md
SPEC and Research I-III are unpublished and referenced by SHA-256 only (research/source-inventory.md),fefd9e282beff044836dc2ac53956940d85768e83007f69fab968a6fc21102d3,PROGRAM,,"Program/research governance, evidence policy, or cross-decision handoff; not a candidate HC/freeze screen.","B01 constraint-classification session, 2026-10-01",policy_review/2026-10-01; research/methods/constraint-crosswalk-independent-review.md
SPEC authority rank over Research I-III,91eed4530d2fa92aedc1341641eb8bc0ce2134e2c40e0c7b7dea666016a5ac79,PROGRAM,,"Program/research governance, evidence policy, or cross-decision handoff; not a candidate HC/freeze screen.","B01 constraint-classification session, 2026-10-01",policy_review/2026-10-01; research/methods/constraint-crosswalk-independent-review.md
SPEC §1 ECF core component,7be7d680ac71a8bacc059bdf10dafb8f46166a7f2ba1c2d44e821ba4a8a2effb,DECISION_INPUT,,"Scope, status-quo fact, or design input with no exact registered HC/F screen in this label.","B01 constraint-classification session, 2026-10-01",policy_review/2026-10-01; research/methods/constraint-crosswalk-independent-review.md
SPEC §1 L62 and §19.1 L2096 (corpus and verifier core from v1),8d62afbbec2afdd7d6a932b4c7deac8fb9ed952a3975a51811a8c0457c8eff5f,DECISION_INPUT,,"Scope, status-quo fact, or design input with no exact registered HC/F screen in this label.","B01 constraint-classification session, 2026-10-01",policy_review/2026-10-01; research/methods/constraint-crosswalk-independent-review.md
SPEC §1.1 positions Entrybound against 7z,1aba6b68d017fa2b1a66d7259df5c43cdc7899124579510d629e6cf4b845084d,DECISION_INPUT,,"Scope, status-quo fact, or design input with no exact registered HC/F screen in this label.","B01 constraint-classification session, 2026-10-01",policy_review/2026-10-01; research/methods/constraint-crosswalk-independent-review.md
SPEC §10.2 L1219 closed core. and platform namespaces need a format revision,00d42753c3714d64ccaf1eddc4c97b51bae61ce0713179faf1639c41c314b359,HC-xx,HC-04,"Restates the objective HC-04 obligation; candidate screen is its MVT, not this wording alone.","B01 constraint-classification session, 2026-10-01",policy_review/2026-10-01; research/methods/constraint-crosswalk-independent-review.md
"SPEC §10.7 L1294 surface unrepresentable attributes during planning, not mid-extraction",bc5bd62c62c91226eb27d718eeec71287f77853164dd155f82c85b9b30759ace,HC-xx,HC-07,"Restates the objective HC-07 obligation; candidate screen is its MVT, not this wording alone.","B01 constraint-classification session, 2026-10-01",policy_review/2026-10-01; research/methods/constraint-crosswalk-independent-review.md
SPEC §10.7 L1296 decmpfs never synthesised,9ebab7e9b6368ae5334e31cbb0b774e6a4ebab7042b6cf89a938f52aaca7c583,HC-xx,HC-07,Never synthesizing unobserved metadata is part of HC-07 semantic fidelity.,"B01 constraint-classification session, 2026-10-01",policy_review/2026-10-01; research/methods/constraint-crosswalk-independent-review.md
SPEC §10.8 L1307 archive stores exact name bytes and never normalises (frozen); model row target-hostile-bytes-legal-no-normalisation,eaa05b11be6008d2c0d1c6cc910ff6ca379932090587d6c2575bb981e7c2923b,F-xx,F-27,Explicit fixed behavior within objective Appendix B F-27.,"B01 constraint-classification session, 2026-10-01",policy_review/2026-10-01; research/methods/constraint-crosswalk-independent-review.md
SPEC §10.9 L1311 extraction produces a FidelityReport of the same structure,8ce56be6aee3293a90d8a37ad7e72716b1e4ae7269e8732f090d029f86e95e41,HC-xx,HC-07,"Restates the objective HC-07 obligation; candidate screen is its MVT, not this wording alone.","B01 constraint-classification session, 2026-10-01",policy_review/2026-10-01; research/methods/constraint-crosswalk-independent-review.md
SPEC §11.2 L1368,edc0023e09a3dd2d9ecc4ffa0bc5b0c70f0e54fa052d83bed71aa90b58d0ef34,HC-xx,HC-05,SPEC §11.2 setuid/setgid restoration is policy-gated; HC-05 screens policy expansion.,"B01 constraint-classification session, 2026-10-01",policy_review/2026-10-01; research/methods/constraint-crosswalk-independent-review.md
SPEC §11.2 file-versus-directory disposition row (§26.5 row 11 L2679),f6ae3123ae48d3062aa2192f196db947cd2d407ee4c3e8986f54004eccbcf227,HC-xx,HC-17,SPEC §11.2 file/directory ancestor hazard is structurally excluded by HC-17.,"B01 constraint-classification session, 2026-10-01",policy_review/2026-10-01; research/methods/constraint-crosswalk-independent-review.md
"SPEC §11.4 L1389 no prefix, suffix or polyglot",fe7292b06fcf5643014e46268cfcb40b0450bc117ca778fb66b849ce9ed6b308,HC-xx,HC-03,Public SPEC §11.4 maps to registered HC-03; exact claim remains subject to independent review.,"B01 constraint-classification session, 2026-10-01",policy_review/2026-10-01; research/methods/constraint-crosswalk-independent-review.md
"SPEC §11.4 magic at offset 0, no prefix",a2da3a2fdb1985a1606dc7b328d436f9a2adfe89c7cc718cbbf871419266b03b,HC-xx,HC-03,Public SPEC §11.4 maps to registered HC-03; exact claim remains subject to independent review.,"B01 constraint-classification session, 2026-10-01",policy_review/2026-10-01; research/methods/constraint-crosswalk-independent-review.md
SPEC §11.4 one canonical serialisation,dd32950faade02f52fd041ed3a875b45741275b4433db0d52100cf7d7933dec3,HC-xx,HC-03,Public SPEC §11.4 maps to registered HC-03; exact claim remains subject to independent review.,"B01 constraint-classification session, 2026-10-01",policy_review/2026-10-01; research/methods/constraint-crosswalk-independent-review.md
SPEC §11.5 L1409 conservative documented defaults; CLI reports raises,1cbc1ac8995eb3110eb65b2bf831b4dcf978e6e9c37b7edfd8596e12d39a162b,HC-xx,HC-06,Public SPEC §11.5 maps to registered HC-06; exact claim remains subject to independent review.,"B01 constraint-classification session, 2026-10-01",policy_review/2026-10-01; research/methods/constraint-crosswalk-independent-review.md
SPEC §11.5 decode requirements enforced like budgets,e8f146300741e6726601e95b3525d126ddfdfe07b3de25b1846b41049dc8d2be,HC-xx,HC-06,Public SPEC §11.5 maps to registered HC-06; exact claim remains subject to independent review.,"B01 constraint-classification session, 2026-10-01",policy_review/2026-10-01; research/methods/constraint-crosswalk-independent-review.md
SPEC §11.5 two budgets,7727c47b9ec5274298fbd854b597f46ba24e74889a779613ff8f1d713ad3bd7b,HC-xx,HC-06,Public SPEC §11.5 maps to registered HC-06; exact claim remains subject to independent review.,"B01 constraint-classification session, 2026-10-01",policy_review/2026-10-01; research/methods/constraint-crosswalk-independent-review.md
SPEC §11.5 two independent budgets; archive controls neither,239e314bee2369c81adf94dc420f509993f823b97010ab8b3021dcd3975daf44,HC-xx,HC-06,Public SPEC §11.5 maps to registered HC-06; exact claim remains subject to independent review.,"B01 constraint-classification session, 2026-10-01",policy_review/2026-10-01; research/methods/constraint-crosswalk-independent-review.md
"SPEC §11.6 L1413 normative extraction never validates path strings then calls ordinary file operations (frozen, survived review §26.5)",97f44a96413a0821e2f5eb1c2b4770293040437f74d82505fe172930b4b712c8,HC-xx,HC-05,Public SPEC §11.6 maps to registered HC-05; exact claim remains subject to independent review.,"B01 constraint-classification session, 2026-10-01",policy_review/2026-10-01; research/methods/constraint-crosswalk-independent-review.md
"SPEC §11.6 L1417-1419 platform primitives (openat2 IN_ROOT/NO_SYMLINKS; NtCreateFile per component, root without FILE_SHARE_DELETE)",527a393de6432dc2ec86e96a0532bb9001760e311a1a2e4a3a867a5a598b885e,HC-xx,HC-05,Public SPEC §11.6 maps to registered HC-05; exact claim remains subject to independent review.,"B01 constraint-classification session, 2026-10-01",policy_review/2026-10-01; research/methods/constraint-crosswalk-independent-review.md
SPEC §11.6 L1423 never fall back to string validation,14cb97160ce90ccedd6a5142ffc6b6a016b4265147af0f17478573feb07cfd3c,HC-xx,HC-05,Public SPEC §11.6 maps to registered HC-05; exact claim remains subject to independent review.,"B01 constraint-classification session, 2026-10-01",policy_review/2026-10-01; research/methods/constraint-crosswalk-independent-review.md
SPEC §11.6 L1424-1426 never touch metadata by path; decline and record symlink metadata otherwise,5fa4abd980ff997c1bf3e6c844f4653d517a4f0389ec7c917a85568f550cb44e,HC-xx,HC-05,Public SPEC §11.6 maps to registered HC-05; exact claim remains subject to independent review.,"B01 constraint-classification session, 2026-10-01",policy_review/2026-10-01; research/methods/constraint-crosswalk-independent-review.md
"SPEC §11.6 L1429 Pattern 3 exclusive create, never unlink on own initiative",5741fb9ff11c91ccc2fc726be3d0e2a97d13a70121d1ce0af7a939d4ac1084de,HC-xx,HC-05,Public SPEC §11.6 maps to registered HC-05; exact claim remains subject to independent review.,"B01 constraint-classification session, 2026-10-01",policy_review/2026-10-01; research/methods/constraint-crosswalk-independent-review.md
"SPEC §11.6 L1429 exclusive create, never unlink on own initiative",544671ea96800fab49613bffebae598ad09a92156915a44c8e10ae1b0bce5202,HC-xx,HC-05,Public SPEC §11.6 maps to registered HC-05; exact claim remains subject to independent review.,"B01 constraint-classification session, 2026-10-01",policy_review/2026-10-01; research/methods/constraint-crosswalk-independent-review.md
SPEC §11.6 L1432 Pattern 6: emulated copies must independently pass the same policy,15b9fd3a270856c98c9a8cec84740d2776f2f5e530d84987ef1e79e45258d6d2,HC-xx,HC-05,Public SPEC §11.6 maps to registered HC-05; exact claim remains subject to independent review.,"B01 constraint-classification session, 2026-10-01",policy_review/2026-10-01; research/methods/constraint-crosswalk-independent-review.md
SPEC §11.6 L1436 conforming extractor reports confinement mode,3ac7755dc23d5d38c6f7d1e2501f99002f7a0b1cc568e5fc90e267bfea0a7c62,HC-xx,HC-05,Public SPEC §11.6 maps to registered HC-05; exact claim remains subject to independent review.,"B01 constraint-classification session, 2026-10-01",policy_review/2026-10-01; research/methods/constraint-crosswalk-independent-review.md
SPEC §11.7 L1442 (special bits off by default),b48c1f8d4166882adf451c0da72716ef33211c561abc441e319056411fb4833c,HC-xx,HC-05,Public SPEC §11.7 maps to registered HC-05; exact claim remains subject to independent review.,"B01 constraint-classification session, 2026-10-01",policy_review/2026-10-01; research/methods/constraint-crosswalk-independent-review.md
SPEC §11.7 L1446 absolute targets written as-is,113f2014b48593a3f79d2fedce3f2c4bc4415d6a99c239ef625582154d5e00da,HC-xx,HC-05,Public SPEC §11.7 maps to registered HC-05; exact claim remains subject to independent review.,"B01 constraint-classification session, 2026-10-01",policy_review/2026-10-01; research/methods/constraint-crosswalk-independent-review.md
SPEC §11.7 dangerous restorations off by default,976f4a0c8728ed1ff9c4ce77ed66618df8175b3572d913805b0c9c761bb6af6f,HC-xx,HC-05,Public SPEC §11.7 maps to registered HC-05; exact claim remains subject to independent review.,"B01 constraint-classification session, 2026-10-01",policy_review/2026-10-01; research/methods/constraint-crosswalk-independent-review.md
SPEC §12.1 physical determinism unencrypted only,f63b6531db8ea38067bc46bdb3833581194c2245bce9ef597c98fa365cdfc21f,HC-xx,HC-13,Public SPEC §12.1 maps to registered HC-13; exact claim remains subject to independent review.,"B01 constraint-classification session, 2026-10-01",policy_review/2026-10-01; research/methods/constraint-crosswalk-independent-review.md
SPEC §12.1 planner determinism guarantee,2de311d6129320051380d2056fa82fdc77bf4ce21fa083e61633e0cbddedfe7d,HC-xx,HC-13,Public SPEC §12.1 maps to registered HC-13; exact claim remains subject to independent review.,"B01 constraint-classification session, 2026-10-01",policy_review/2026-10-01; research/methods/constraint-crosswalk-independent-review.md
SPEC §12.2 L1473 same input excludes core count,8c550a8addfdae3fb1342aa81d7a2683580f97fc5c6958bda705cc940040e60a,HC-xx,HC-13,Public SPEC §12.2 maps to registered HC-13; exact claim remains subject to independent review.,"B01 constraint-classification session, 2026-10-01",policy_review/2026-10-01; research/methods/constraint-crosswalk-independent-review.md
SPEC §12.2 frozen-planner rule,e435bc8f8c0420151cd5ae2ffaca57c07b00cca40103bc364aae392f07d920b6,F-xx,F-03,Explicit fixed behavior within objective Appendix B F-03.,"B01 constraint-classification session, 2026-10-01",policy_review/2026-10-01; research/methods/constraint-crosswalk-independent-review.md
SPEC §12.4 identity via profiles without normalisation,6200d813031b275cfecfb797fb3dfb4cae3e2c90b0b7d890b5124854accd56cd,HC-xx,HC-08,"Restates the objective HC-08 obligation; candidate screen is its MVT, not this wording alone.","B01 constraint-classification session, 2026-10-01",policy_review/2026-10-01; research/methods/constraint-crosswalk-independent-review.md
SPEC §13.3 L1533 dictionaries create no serial dependency,1e72c7a36971151e6777fca3195036fbbee2991e5bc0d94ca6a8ae8e20187319,HC-xx,HC-09,Public SPEC §13.3 maps to registered HC-09; exact claim remains subject to independent review.,"B01 constraint-classification session, 2026-10-01",policy_review/2026-10-01; research/methods/constraint-crosswalk-independent-review.md
SPEC §13.5 L1551 index inside archive,6d5bcaa71bb9e26e752f65ebb63a1391f76609c74552b21d0097c84380522dcd,DECISION_INPUT,,"Scope, status-quo fact, or design input with no exact registered HC/F screen in this label.","B01 constraint-classification session, 2026-10-01",policy_review/2026-10-01; research/methods/constraint-crosswalk-independent-review.md
"SPEC §14.1 import is explicit, policy-driven and recorded",3b099124adbee76c76b8416c96564d26e8fbd4654726b1da02e8cc78556ac155,F-xx,F-19,Legacy import boundary registered in objective Appendix B F-19.,"B01 constraint-classification session, 2026-10-01",policy_review/2026-10-01; research/methods/constraint-crosswalk-independent-review.md
SPEC §14.2 L1609 import_budget includes maximum conversion-record bytes,5ca05471ef272f263738170c4653888deec1a07fb99caa6fb45100b6b1a2c185,F-xx,F-19,Legacy import boundary registered in objective Appendix B F-19.,"B01 constraint-classification session, 2026-10-01",policy_review/2026-10-01; research/methods/constraint-crosswalk-independent-review.md
SPEC §14.2 Omission synthesis never silent,b7ec3cfeefb15499b1ace3f6f4465fe853c27e4ab99f0644a727ab38ad5cbbb3,F-xx,F-19,Legacy import boundary registered in objective Appendix B F-19.,"B01 constraint-classification session, 2026-10-01",policy_review/2026-10-01; research/methods/constraint-crosswalk-independent-review.md
SPEC §14.2 Refinement severity (superseded for DOS time by code),ca95e521eedd12cc703f09780a4c4cb8ab8f694f0e82bfa468e2eb6091d28f99,DECISION_INPUT,,"Superseded historical classification is context, not a live candidate screen.","B01 constraint-classification session, 2026-10-01",policy_review/2026-10-01; research/methods/constraint-crosswalk-independent-review.md
SPEC §14.2 conflict classes,e345d13a43c6a714c75272fc7e7b89f3756a9a7d7c0796f68d341fe0b73a27c3,F-xx,F-19,Legacy import boundary registered in objective Appendix B F-19.,"B01 constraint-classification session, 2026-10-01",policy_review/2026-10-01; research/methods/constraint-crosswalk-independent-review.md
SPEC §14.2 every conflict and rule recorded,445d9b61459ab3c94d3ad178bbb9c838eaaedaaa3a8d0a700a271e68b815c25b,F-xx,F-19,Legacy import boundary registered in objective Appendix B F-19.,"B01 constraint-classification session, 2026-10-01",policy_review/2026-10-01; research/methods/constraint-crosswalk-independent-review.md
SPEC §14.2 import budget mechanism and fields,8cc96868c558f31610ddc5da20575beb5a915848659708d1e1b65558b8375495,F-xx,F-19,Legacy import boundary registered in objective Appendix B F-19.,"B01 constraint-classification session, 2026-10-01",policy_review/2026-10-01; research/methods/constraint-crosswalk-independent-review.md
"SPEC §14.2 import produces observations, not entries",bf5f24beafea7530a1196fb3a4bd9bffc524287cd0984c1b7afba6565bdd65aa,F-xx,F-19,Legacy import boundary registered in objective Appendix B F-19.,"B01 constraint-classification session, 2026-10-01",policy_review/2026-10-01; research/methods/constraint-crosswalk-independent-review.md
SPEC §14.2 import_budget,050eebb4da453e8f3fd4b5240fe3d79e208924e5dd3482dfb4f4aa6ef35a5bad,F-xx,F-19,Legacy import boundary registered in objective Appendix B F-19.,"B01 constraint-classification session, 2026-10-01",policy_review/2026-10-01; research/methods/constraint-crosswalk-independent-review.md
SPEC §14.3 L1632 no anonymous compat default,e3feeca5e78edf2ad21ceb04d237515db6d758b3b78edcbda56ae3316c8bbe26,F-xx,F-20,Legacy import boundary registered in objective Appendix B F-20.,"B01 constraint-classification session, 2026-10-01",policy_review/2026-10-01; research/methods/constraint-crosswalk-independent-review.md
"SPEC §14.3 L1636 models derived from the observed-outcome matrix, not source reading",725d090e10d656b07e4f8290bac27a490c61b4b1f916c09c3112b71d63b636ac,F-xx,F-20,Legacy import boundary registered in objective Appendix B F-20.,"B01 constraint-classification session, 2026-10-01",policy_review/2026-10-01; research/methods/constraint-crosswalk-independent-review.md
"SPEC §14.3 strict default for anything signed, published or trusted",c7f2018e66f2f583cae3c787e30214f9e973f14866e6680e5d2e1f96791c15a6,F-xx,F-20,Legacy import boundary registered in objective Appendix B F-20.,"B01 constraint-classification session, 2026-10-01",policy_review/2026-10-01; research/methods/constraint-crosswalk-independent-review.md
SPEC §14.4 L1652 block index preserved,3470bcb34905c9291df1ea4c4bc5c6a2c022829124bf9a2bfc7d7ee7b3964715,F-xx,F-21,Legacy import boundary registered in objective Appendix B F-21.,"B01 constraint-classification session, 2026-10-01",policy_review/2026-10-01; research/methods/constraint-crosswalk-independent-review.md
SPEC §14.4 L1660 (OCI adapter Tier 2),3995493b2a6b63f343020ab152bed4d7fa4c86570f6521a87819cab4ca181eb6,DECISION_INPUT,,"Scope, status-quo fact, or design input with no exact registered HC/F screen in this label.","B01 constraint-classification session, 2026-10-01",policy_review/2026-10-01; research/methods/constraint-crosswalk-independent-review.md
"SPEC §14.4 RAR5 decode-only, export not offered",99c70202a5e3a83a0cddd58cb9794a60abd65c4f6dd8ae9ab3751b85175032f0,DECISION_INPUT,,"Scope, status-quo fact, or design input with no exact registered HC/F screen in this label.","B01 constraint-classification session, 2026-10-01",policy_review/2026-10-01; research/methods/constraint-crosswalk-independent-review.md
SPEC §14.4 Tier 2 (post-v1),3d6f384c1a8e92aa75edfe27dd6612b6668bf0fe5ba2aaf9d1c6efac51fda42e,DECISION_INPUT,,"Scope, status-quo fact, or design input with no exact registered HC/F screen in this label.","B01 constraint-classification session, 2026-10-01",policy_review/2026-10-01; research/methods/constraint-crosswalk-independent-review.md
SPEC §14.4 Tier 3 demand-driven,8fcfb86fa6cbe4e1e5c668b713039bba2dd87d4ce4eade1e83a53664c04f61eb,DECISION_INPUT,,"Scope, status-quo fact, or design input with no exact registered HC/F screen in this label.","B01 constraint-classification session, 2026-10-01",policy_review/2026-10-01; research/methods/constraint-crosswalk-independent-review.md
SPEC §14.5 no legacy peculiarity acquires a native representation,169ea051e272749ef0baff67ddf19cade235898fa3fbcfaad53d494c3df6afa3,F-xx,F-19,Legacy import boundary registered in objective Appendix B F-19.,"B01 constraint-classification session, 2026-10-01",policy_review/2026-10-01; research/methods/constraint-crosswalk-independent-review.md
SPEC §15.1 three-outcome contract,fafb019c9bd88b0c9556afb99882abed95e0b05dd94ebb0ebb000b9325bddeb2,F-xx,F-22,Legacy export and migration workflow contract registered as F-22.,"B01 constraint-classification session, 2026-10-01",policy_review/2026-10-01; research/methods/constraint-crosswalk-independent-review.md
SPEC §15.2 L1697 (explicit acknowledgement before an encryption downgrade),b6356ee2c399f65cd88df18b55a454ecfd7e01438e8458a90885d854edd1fb1e,F-xx,F-22,Legacy export and migration workflow contract registered as F-22.,"B01 constraint-classification session, 2026-10-01",policy_review/2026-10-01; research/methods/constraint-crosswalk-independent-review.md
SPEC §15.2 L1697 (explicit acknowledgement of downgrades),6a930a6048476f98acd5150a5e68208525aaa94ebe6ec3697d4a58098acd04e7,F-xx,F-22,Legacy export and migration workflow contract registered as F-22.,"B01 constraint-classification session, 2026-10-01",policy_review/2026-10-01; research/methods/constraint-crosswalk-independent-review.md
SPEC §15.2 L1697: no quiet authenticated-to-unauthenticated conversion,4af176269cbe15791d661661c099af3e613f9459ebda3d3438c1d4c971c63ecf,F-xx,F-22,Legacy export and migration workflow contract registered as F-22.,"B01 constraint-classification session, 2026-10-01",policy_review/2026-10-01; research/methods/constraint-crosswalk-independent-review.md
SPEC §15.3 one semantic source,86912a2573e4699babf3091f6f29d81f45cda544d2c08413368c51da03175ee9,F-xx,F-22,Legacy export and migration workflow contract registered as F-22.,"B01 constraint-classification session, 2026-10-01",policy_review/2026-10-01; research/methods/constraint-crosswalk-independent-review.md
SPEC §15.4 L1718 sidecar is an ordinary .eb archive,579a69f1bf21dab840819bcab22e53ab4b0deaaecd9e6c197a5c08907b5fc14c,F-xx,F-22,Legacy export and migration workflow contract registered as F-22.,"B01 constraint-classification session, 2026-10-01",policy_review/2026-10-01; research/methods/constraint-crosswalk-independent-review.md
"SPEC §15.4 L1718 sidecar is an ordinary .eb archive: no new extension, format or parser",d3b07a949d63296e8366470c0d3611967a544327a85d394653503283c4121176,F-xx,F-22,Legacy export and migration workflow contract registered as F-22.,"B01 constraint-classification session, 2026-10-01",policy_review/2026-10-01; research/methods/constraint-crosswalk-independent-review.md
SPEC §15.4 L1727 (sidecars with External references for artifacts still published as ZIP),9c6d1fec64b3f0a006da23acf17789cef1b41a708e5fb23f01be88969be65c04,F-xx,F-22,Legacy export and migration workflow contract registered as F-22.,"B01 constraint-classification session, 2026-10-01",policy_review/2026-10-01; research/methods/constraint-crosswalk-independent-review.md
SPEC §16.1 import record field tables,01c0a703316f8a30302a1e31c8ad2b49450947a1e6a0fdf1e881f5c6490f63c2,F-xx,F-19,Canonical provenance or signature binding contract registered as F-19.,"B01 constraint-classification session, 2026-10-01",policy_review/2026-10-01; research/methods/constraint-crosswalk-independent-review.md
SPEC §16.2 L1774 provenance removal must invalidate signatures,9abed02f68d1e53f7c5be8e3a4e37b25b7c18a10e555daabbb72f15165f44377,F-xx,F-13,Canonical provenance or signature binding contract registered as F-13.,"B01 constraint-classification session, 2026-10-01",policy_review/2026-10-01; research/methods/constraint-crosswalk-independent-review.md
SPEC §16.2 L1774 strip-provenance refuses on signed archives unless --drop-signatures,7d8782a84bac7d236c3ecaeb8dce88453db925d419ac158e18d9d12598c2a398,F-xx,F-13,Canonical provenance or signature binding contract registered as F-13.,"B01 constraint-classification session, 2026-10-01",policy_review/2026-10-01; research/methods/constraint-crosswalk-independent-review.md
SPEC §16.2 provenance embedded by default,7e0525e915fe142a61de8ef2775e551473df17b9e78db2841bb557c6fb4170ff,F-xx,F-19,Canonical provenance or signature binding contract registered as F-19.,"B01 constraint-classification session, 2026-10-01",policy_review/2026-10-01; research/methods/constraint-crosswalk-independent-review.md
SPEC §16.3 ordered provenance chain,ca778ed62ba37a7575fa876c71ffd17fef35b0554396fd0688688d2f5db15020,F-xx,F-19,Canonical provenance or signature binding contract registered as F-19.,"B01 constraint-classification session, 2026-10-01",policy_review/2026-10-01; research/methods/constraint-crosswalk-independent-review.md
SPEC §17.1 L1788-1790,24269567d39cf76de68d9d266e02cc6abb013aaead748c48213e1b460f5d9458,DECISION_INPUT,,"Scope, status-quo fact, or design input with no exact registered HC/F screen in this label.","B01 constraint-classification session, 2026-10-01",policy_review/2026-10-01; research/methods/constraint-crosswalk-independent-review.md
SPEC §17.1 L1788-1791 (outcome-named verbs; no command requires naming a codec),b9006e48b1545a54b3838006de3482e68c15ab843715ad9f8edf700a7de9fdda,DECISION_INPUT,,"Scope, status-quo fact, or design input with no exact registered HC/F screen in this label.","B01 constraint-classification session, 2026-10-01",policy_review/2026-10-01; research/methods/constraint-crosswalk-independent-review.md
SPEC §17.1 L1789 (policy discoverable via --help),6bc40bd30b58b7fe5bc54694a0a2687f4303c3ce0c522710ade06d934e8c9154,DECISION_INPUT,,"Scope, status-quo fact, or design input with no exact registered HC/F screen in this label.","B01 constraint-classification session, 2026-10-01",policy_review/2026-10-01; research/methods/constraint-crosswalk-independent-review.md
SPEC §17.1 L1790,a21bd23f2e52ea5fb054d85c19187959df2341c1f1963916b2766b8d51634e49,DECISION_INPUT,,"Scope, status-quo fact, or design input with no exact registered HC/F screen in this label.","B01 constraint-classification session, 2026-10-01",policy_review/2026-10-01; research/methods/constraint-crosswalk-independent-review.md
SPEC §17.1 L1790 (no codec naming required),96ae69c60bcd8f5395f06dfb8f9f9ae566a7b59bcd7210247d3e573463beb3ed,DECISION_INPUT,,"Scope, status-quo fact, or design input with no exact registered HC/F screen in this label.","B01 constraint-classification session, 2026-10-01",policy_review/2026-10-01; research/methods/constraint-crosswalk-independent-review.md
SPEC §17.1 L1792 dangerous things named dangerous and never defaults,0c4e116e6b2e9e270391fa89195d2b9288f6646ed1a84c6ee207937cd030bdb9,HC-xx,HC-05,Dangerous restoration requires explicit caller policy and cannot become a default under HC-05.,"B01 constraint-classification session, 2026-10-01",policy_review/2026-10-01; research/methods/constraint-crosswalk-independent-review.md
SPEC §17.2 L1824 salvage is the only command producing output from non-conforming archives,f9dd88f42a0a0f02ae2c160b976b1ea1252b6b82b3c312fceb2b97ce8215c49f,HC-xx,HC-15,"Restates the objective HC-15 obligation; candidate screen is its MVT, not this wording alone.","B01 constraint-classification session, 2026-10-01",policy_review/2026-10-01; research/methods/constraint-crosswalk-independent-review.md
SPEC §17.3 L1843 pack --sign,cee5c51f83be4ef7339644b832c69e6d770406c02b3616000bc629fa4b9fb6a0,DECISION_INPUT,,"Scope, status-quo fact, or design input with no exact registered HC/F screen in this label.","B01 constraint-classification session, 2026-10-01",policy_review/2026-10-01; research/methods/constraint-crosswalk-independent-review.md
SPEC §17.3 L1845 and §17.5 L1959 synopsis flags,4dbc3cd74fd33d61073bbc4e142551f76095de466a69bb40c63a6fc674644ab8,DECISION_INPUT,,"Scope, status-quo fact, or design input with no exact registered HC/F screen in this label.","B01 constraint-classification session, 2026-10-01",policy_review/2026-10-01; research/methods/constraint-crosswalk-independent-review.md
SPEC §17.3 L1853,1fea36e7e5584f6dc87b0bf630c941ddde798bab29e93bcbdb03d36371d1a508,DECISION_INPUT,,"Scope, status-quo fact, or design input with no exact registered HC/F screen in this label.","B01 constraint-classification session, 2026-10-01",policy_review/2026-10-01; research/methods/constraint-crosswalk-independent-review.md
SPEC §17.3 L1853 (option exclusions refused at parse time),aff08f9780ef0c720321229136efc85816d4083e36d28ecf1c8c40788c940735,DECISION_INPUT,,"Scope, status-quo fact, or design input with no exact registered HC/F screen in this label.","B01 constraint-classification session, 2026-10-01",policy_review/2026-10-01; research/methods/constraint-crosswalk-independent-review.md
SPEC §17.3 L1866 unpack --allow,110e442c6816a7de9faa2d2ead4c7ba073cb1b0435c7960b8ebf74d83c7529e0,DECISION_INPUT,,"Scope, status-quo fact, or design input with no exact registered HC/F screen in this label.","B01 constraint-classification session, 2026-10-01",policy_review/2026-10-01; research/methods/constraint-crosswalk-independent-review.md
SPEC §17.3 L1883-1884 default versus --deep,2341e999debe6aa35365b708f8d9b7045093ce1753885e5f769f50cd127aab2c,DECISION_INPUT,,"Scope, status-quo fact, or design input with no exact registered HC/F screen in this label.","B01 constraint-classification session, 2026-10-01",policy_review/2026-10-01; research/methods/constraint-crosswalk-independent-review.md
SPEC §17.3 L1891 explicit reporting of unchecked work,e2186db880ffd3f208b5bb81e8da82b0f9249d943ae316b5d246c89501ee70cd,HC-xx,HC-15,"Restates the objective HC-15 obligation; candidate screen is its MVT, not this wording alone.","B01 constraint-classification session, 2026-10-01",policy_review/2026-10-01; research/methods/constraint-crosswalk-independent-review.md
"SPEC §17.3 L1891 no signatures reports ""no signatures present"", never ""verified""",b215f8c6cc7331be77b537e2002066968f0f602e35046d029c0f347eb79aa430,HC-xx,HC-15,Reporting no signatures as verified would violate HC-15 verification honesty.,"B01 constraint-classification session, 2026-10-01",policy_review/2026-10-01; research/methods/constraint-crosswalk-independent-review.md
SPEC §17.3 L1891 verify output explicit about checked and unchecked,d33c6e1d7a07944f144d022de0fbc4c363af7e8927f627898ced5d139f0dd88a,HC-xx,HC-15,"Restates the objective HC-15 obligation; candidate screen is its MVT, not this wording alone.","B01 constraint-classification session, 2026-10-01",policy_review/2026-10-01; research/methods/constraint-crosswalk-independent-review.md
SPEC §17.4 explain --rejected with measured sizes,dbed4f1d51de47bf28d963e6cabc2a521a4a67ac8720a80243a77f679d87a75f,DECISION_INPUT,,"Scope, status-quo fact, or design input with no exact registered HC/F screen in this label.","B01 constraint-classification session, 2026-10-01",policy_review/2026-10-01; research/methods/constraint-crosswalk-independent-review.md
SPEC §17.5 L1961 --drop-signatures required,a77b2eeff2446d84ce06e63a7b8e2bc758eaeaa65c595cb90e2581c0dcaa2224,F-xx,F-13,Operations invalidating independent signatures require explicit drop semantics under F-13.,"B01 constraint-classification session, 2026-10-01",policy_review/2026-10-01; research/methods/constraint-crosswalk-independent-review.md
SPEC §17.5 L1961 --drop-signatures required for operations that invalidate signatures,363f673023ebeff623f854ebb8f498fd33fc424620afee35a1694e7994e53254,F-xx,F-13,Explicit signature invalidation/drop semantics are registered in F-13.,"B01 constraint-classification session, 2026-10-01",policy_review/2026-10-01; research/methods/constraint-crosswalk-independent-review.md
SPEC §17.5 convert synopsis,f7dde803aae9c65cd51e8969defa98919a69c1a9a67feaa8c5fc39d12ef3eb32,DECISION_INPUT,,"Scope, status-quo fact, or design input with no exact registered HC/F screen in this label.","B01 constraint-classification session, 2026-10-01",policy_review/2026-10-01; research/methods/constraint-crosswalk-independent-review.md
SPEC §17.5 repack preserves LAI,20e9e7b285fa875517f237a6da5d7e96a6bc90ae10ee874d0a83218eaa7373cf,HC-xx,HC-10,"Restates the objective HC-10 obligation; candidate screen is its MVT, not this wording alone.","B01 constraint-classification session, 2026-10-01",policy_review/2026-10-01; research/methods/constraint-crosswalk-independent-review.md
SPEC §17.5 verify-identity guardrail,653d99cb3051f437e2c37ea22fff3fbe3fea891c8e40eb728dbeec6dd4814c30,DECISION_INPUT,,"Scope, status-quo fact, or design input with no exact registered HC/F screen in this label.","B01 constraint-classification session, 2026-10-01",policy_review/2026-10-01; research/methods/constraint-crosswalk-independent-review.md
SPEC §17.6 L1970 sign --detached --timestamp,fb730a2b9713620a214c5a6ea237bc7ec43318926982aec5b788f795f9fc29fe,DECISION_INPUT,,"Scope, status-quo fact, or design input with no exact registered HC/F screen in this label.","B01 constraint-classification session, 2026-10-01",policy_review/2026-10-01; research/methods/constraint-crosswalk-independent-review.md
SPEC §17.7 L1980-1988 (pack/unpack canonical; compress and 'a' aliases rejected),5a7a11dbc8ff28da6db157da2d12bc81bd6597cd205779ef2e8d2adde448ffe5,DECISION_INPUT,,"Scope, status-quo fact, or design input with no exact registered HC/F screen in this label.","B01 constraint-classification session, 2026-10-01",policy_review/2026-10-01; research/methods/constraint-crosswalk-independent-review.md
SPEC §17.7 L1988 (no append),c37ab2c876f03be13a43f7b62ce2a8465b0d0bae6d8ac2a8cc167f867b36d724,NON_GOAL,F-25,SPEC §24 items 12–13 defer append-in-place and versioned journaling beyond v1.,"B01 constraint-classification session, 2026-10-01",policy_review/2026-10-01; research/methods/constraint-crosswalk-independent-review.md
SPEC §17.8 worked examples L1993-2008,b15a47826b041faa1be2129257fb9e0a9198efc8e5c5e5595d9d3e73253b1a0b,DECISION_INPUT,,"Scope, status-quo fact, or design input with no exact registered HC/F screen in this label.","B01 constraint-classification session, 2026-10-01",policy_review/2026-10-01; research/methods/constraint-crosswalk-independent-review.md
"SPEC §18.1 L2038 rejected .ebz, .ebx and encrypted variants",0dfd9002c05c780ab9e545d523c881415a3196ff0859f81443410192dc0a8f67,DECISION_INPUT,,"Scope, status-quo fact, or design input with no exact registered HC/F screen in this label.","B01 constraint-classification session, 2026-10-01",policy_review/2026-10-01; research/methods/constraint-crosswalk-independent-review.md
SPEC §18.1 one extension for all archives,148a76bb4bf564a5dab675217976122a4adfe5d382f32b6d7cf2c13eb84ca164,DECISION_INPUT,,"Scope, status-quo fact, or design input with no exact registered HC/F screen in this label.","B01 constraint-classification session, 2026-10-01",policy_review/2026-10-01; research/methods/constraint-crosswalk-independent-review.md
SPEC §18.1 one extension regardless of layout or encryption,3afa4f4d3d77bd0ee955506fb4b5254aa5dd367862e71a26d181a3fd84b22c09,DECISION_INPUT,,"Scope, status-quo fact, or design input with no exact registered HC/F screen in this label.","B01 constraint-classification session, 2026-10-01",policy_review/2026-10-01; research/methods/constraint-crosswalk-independent-review.md
SPEC §18.2 vendor tree without structured suffix,23af4d7e62913fbf5c803c528fc35b7d976bbb7e1737bfbe48c7b129eb8f8b8b,DECISION_INPUT,,"Scope, status-quo fact, or design input with no exact registered HC/F screen in this label.","B01 constraint-classification session, 2026-10-01",policy_review/2026-10-01; research/methods/constraint-crosswalk-independent-review.md
SPEC §18.3 PNG-derived criteria,b5f0d1a142853b28e3d4018908f95f9358e58b3a360d9486b7882cef148d32bf,DECISION_INPUT,,"Scope, status-quo fact, or design input with no exact registered HC/F screen in this label.","B01 constraint-classification session, 2026-10-01",policy_review/2026-10-01; research/methods/constraint-crosswalk-independent-review.md
SPEC §19.1 L2091-2095 (normative format spec is Core),dd5e87a75fd351ce1ae50888fd484d74acecd73e8404d5427c31ecebc66b3f55,HC-xx,HC-12,"Restates the objective HC-12 obligation; candidate screen is its MVT, not this wording alone.","B01 constraint-classification session, 2026-10-01",policy_review/2026-10-01; research/methods/constraint-crosswalk-independent-review.md
SPEC §19.1 L2091-2095 (normative spec is Core),aa02c8118e510d40e16cfbf5010d1025b2833b69421a58ff89424e3f68e4f5c5,HC-xx,HC-12,Normative Core specification supports the independent-reader HC-12 obligation.,"B01 constraint-classification session, 2026-10-01",policy_review/2026-10-01; research/methods/constraint-crosswalk-independent-review.md
SPEC §19.1 L2096 (Core-tier deliverable),b7b4d3d09e0ab66fda249e9c2b22e1e42b09ad0d6f600f4dc9082ab3e35890e3,DECISION_INPUT,,"Scope, status-quo fact, or design input with no exact registered HC/F screen in this label.","B01 constraint-classification session, 2026-10-01",policy_review/2026-10-01; research/methods/constraint-crosswalk-independent-review.md
SPEC §19.1 L2097 (CLI Core tier),0081acbae2395aadd8c3626d4ea1b5497912f3cd86f35dae7a880eafa7ce9b3b,DECISION_INPUT,,"Scope, status-quo fact, or design input with no exact registered HC/F screen in this label.","B01 constraint-classification session, 2026-10-01",policy_review/2026-10-01; research/methods/constraint-crosswalk-independent-review.md
SPEC §19.1 L2099 and §19.2 L2107-2109 (reader deliberately separated from core library),2da0fe202ddfa191f72898c9832411c33ed71db3dfd430f8b862c98528158968,DECISION_INPUT,,"Scope, status-quo fact, or design input with no exact registered HC/F screen in this label.","B01 constraint-classification session, 2026-10-01",policy_review/2026-10-01; research/methods/constraint-crosswalk-independent-review.md
SPEC §19.1 L2104 (build and CI integrations are Ecosystem tier),79c9b2b90268079f5707f01ca4de2e36b92c02ebf9ba58c737959059a4336ede,DECISION_INPUT,,"Scope, status-quo fact, or design input with no exact registered HC/F screen in this label.","B01 constraint-classification session, 2026-10-01",policy_review/2026-10-01; research/methods/constraint-crosswalk-independent-review.md
SPEC §19.1 L2105 (package-manager integration is Ecosystem tier),313aebf95eac0bd6ebd43842b0da060200bc425aae02d6c47287fb58dd09c591,DECISION_INPUT,,"Scope, status-quo fact, or design input with no exact registered HC/F screen in this label.","B01 constraint-classification session, 2026-10-01",policy_review/2026-10-01; research/methods/constraint-crosswalk-independent-review.md
SPEC §19.2 L2107-2109 (minimal-dependency reader),1f12f67504a53fb995e974708394d6ab88e76db5f40c5b2b88d0f3eba6a7d145,DECISION_INPUT,,"Scope, status-quo fact, or design input with no exact registered HC/F screen in this label.","B01 constraint-classification session, 2026-10-01",policy_review/2026-10-01; research/methods/constraint-crosswalk-independent-review.md
SPEC §19.2 L2107-2115 (read-only minimal-dependency reader within a stated size budget),47cce8870819528f908eee472f688c50d4dbcd62f048980fd8ea4b71e9a3a1c8,HC-xx,HC-06,"Restates the objective HC-06 obligation; candidate screen is its MVT, not this wording alone.","B01 constraint-classification session, 2026-10-01",policy_review/2026-10-01; research/methods/constraint-crosswalk-independent-review.md
SPEC §19.2 minimal reader size budget,a771a151659a88c752136d15a128dec677349b00dacd71ad61edd048ff15c091,HC-xx,HC-06,"Restates the objective HC-06 obligation; candidate screen is its MVT, not this wording alone.","B01 constraint-classification session, 2026-10-01",policy_review/2026-10-01; research/methods/constraint-crosswalk-independent-review.md
SPEC §19.3 L2121 (external corpus acknowledged),e99a53ef23b6680131a95ef7867c4ebc04e5cbb3f416e874ceb34d0a49c3e66b,F-xx,F-18,Public SPEC §19.3 maps to registered F-18; exact claim remains subject to independent review.,"B01 constraint-classification session, 2026-10-01",policy_review/2026-10-01; research/methods/constraint-crosswalk-independent-review.md
"SPEC §19.3 L2123-2125 (stable ID, primitive-generated bytes, property, specification reference, expectation class)",477076cd89e99dac8dd2c0ea65ea0a898ab15d422244cebe4ad72557ad084bde,F-xx,F-18,Public SPEC §19.3 maps to registered F-18; exact claim remains subject to independent review.,"B01 constraint-classification session, 2026-10-01",policy_review/2026-10-01; research/methods/constraint-crosswalk-independent-review.md
"SPEC §19.3 L2123-2131 (versioned, part of release, not a test directory)",0f78eb9d6ed23888929033ca4894221c63586d5ca8094358e8217d1785e7c200,F-xx,F-18,Public SPEC §19.3 maps to registered F-18; exact claim remains subject to independent review.,"B01 constraint-classification session, 2026-10-01",policy_review/2026-10-01; research/methods/constraint-crosswalk-independent-review.md
SPEC §19.3 L2126 (UNRESOLVED empty),d7a5c079f2ba81904c54c285c5967c9c806d8139a61d254f1567d1fed288009b,F-xx,F-18,Public SPEC §19.3 maps to registered F-18; exact claim remains subject to independent review.,"B01 constraint-classification session, 2026-10-01",policy_review/2026-10-01; research/methods/constraint-crosswalk-independent-review.md
SPEC §19.3 L2126 (five classes; UNRESOLVED empty for native),0678cdf866eed6654450984a4be75921d8b590679e5ca1e90387163b60cd50cb,F-xx,F-18,Public SPEC §19.3 maps to registered F-18; exact claim remains subject to independent review.,"B01 constraint-classification session, 2026-10-01",policy_review/2026-10-01; research/methods/constraint-crosswalk-independent-review.md
SPEC §19.3 L2126 UNRESOLVED permitted in adapter corpora,fed960ba1f59833d7ffb48d75042b9840ea83f02db39e4c187445ba30992db91,F-xx,F-18,Public SPEC §19.3 maps to registered F-18; exact claim remains subject to independent review.,"B01 constraint-classification session, 2026-10-01",policy_review/2026-10-01; research/methods/constraint-crosswalk-independent-review.md
SPEC §19.3 L2127,2e58898271a540bc2607d02e1c5d728934294a80dbbf07e5fefe29bd7859306f,F-xx,F-18,Public SPEC §19.3 maps to registered F-18; exact claim remains subject to independent review.,"B01 constraint-classification session, 2026-10-01",policy_review/2026-10-01; research/methods/constraint-crosswalk-independent-review.md
SPEC §19.3 L2127 (matrix per case),959c23414d58241002cd7dd8d2d5e04f3e2eb4b8c415d1e05a6fd57c77ffe966,F-xx,F-18,Public SPEC §19.3 maps to registered F-18; exact claim remains subject to independent review.,"B01 constraint-classification session, 2026-10-01",policy_review/2026-10-01; research/methods/constraint-crosswalk-independent-review.md
SPEC §19.3 L2128 (runs against any implementation; machine-readable report),1d98be2be3861fe3a476a680a2dca74676b20727c825f4c933a3cfaca2465221,F-xx,F-18,Public SPEC §19.3 maps to registered F-18; exact claim remains subject to independent review.,"B01 constraint-classification session, 2026-10-01",policy_review/2026-10-01; research/methods/constraint-crosswalk-independent-review.md
SPEC §19.3 L2128 (verifier runs against any implementation),33bd775621ab34f23aa2d99b2bc7422023222333a2d5fbd9bbc8ff2442580c6d,F-xx,F-18,Public SPEC §19.3 maps to registered F-18; exact claim remains subject to independent review.,"B01 constraint-classification session, 2026-10-01",policy_review/2026-10-01; research/methods/constraint-crosswalk-independent-review.md
SPEC §19.3 L2129 (no third-party fixture bytes),27fc1850bbe86ab8f1cce2b300eda7db76696b783d2396f633c1cb0ef5ff0820,F-xx,F-18,Public SPEC §19.3 maps to registered F-18; exact claim remains subject to independent review.,"B01 constraint-classification session, 2026-10-01",policy_review/2026-10-01; research/methods/constraint-crosswalk-independent-review.md
"SPEC §19.3 L2129 (permissive corpus licence, no third-party fixture bytes)",8a40fadcf0c9096ff7b52204959d25f173ca4e316fc8a630655c128da306444e,F-xx,F-18,Public SPEC §19.3 maps to registered F-18; exact claim remains subject to independent review.,"B01 constraint-classification session, 2026-10-01",policy_review/2026-10-01; research/methods/constraint-crosswalk-independent-review.md
SPEC §19.4 L2143 ExtractionPolicy includes ownership and setuid policy,536840ded5b22237c662d90f921e064f6acdc2d64b751bfc00d0c76b1e3a502b,HC-xx,HC-05,Public SPEC §19.4 maps to registered HC-05; exact claim remains subject to independent review.,"B01 constraint-classification session, 2026-10-01",policy_review/2026-10-01; research/methods/constraint-crosswalk-independent-review.md
"SPEC §19.4 L2152 verification state carried, never inferred",a13ac356c9e2b5ee21e90ce492fce5750997523e59e69e34d3a4631ddee84c68,HC-xx,HC-15,Verification status must report only established evidence under HC-15.,"B01 constraint-classification session, 2026-10-01",policy_review/2026-10-01; research/methods/constraint-crosswalk-independent-review.md
SPEC §19.4 complexity-visible rule (no silent O(n) scan presented as random access),f30ba10ad345f07695db354b692f05752482b03b88d1ccecb1a49d0e767fe61d,F-xx,F-09,The registered access/stream contract forbids hiding a scan as a seekable operation.,"B01 constraint-classification session, 2026-10-01",policy_review/2026-10-01; research/methods/constraint-crosswalk-independent-review.md
SPEC §19.4 object shape and three normative behaviours not deferred,3c3abbae4da606c252776bd875e0060284a6f97201aaceba44d6e82aa832e252,HC-xx,HC-05;HC-15,"The three behaviours are visible Sequential/RandomAccess complexity, caller-constructed archive-immutable policy (HC-05), and carried verification state (HC-15); the object shape is decision context.","B01 constraint-classification session, 2026-10-01",policy_review/2026-10-01; research/methods/constraint-crosswalk-independent-review.md
SPEC §19.5 L2160 (bindings follow one working implementation),6822083b9f5f567419e372802eff67fde6c50e020651c40c0f55093ddd12a910,DECISION_INPUT,,"Scope, status-quo fact, or design input with no exact registered HC/F screen in this label.","B01 constraint-classification session, 2026-10-01",policy_review/2026-10-01; research/methods/constraint-crosswalk-independent-review.md
SPEC §2.1(4) declarations before first payload byte,bab193fa8eef91f5d8a0f6c5f5fc438aabc4f876758b62b50bc245f8079b8187,HC-xx,HC-01,Public SPEC §2.1 maps to registered HC-01; exact claim remains subject to independent review.,"B01 constraint-classification session, 2026-10-01",policy_review/2026-10-01; research/methods/constraint-crosswalk-independent-review.md
SPEC §2.1(5) L95 every extraction records what it restored and could not,4c92a006cc972c61704ba7a5a4fe8a176dfd238461b1bf708b5a4e252d40ff72,HC-xx,HC-07,Restoration and loss reporting is the HC-07 semantic-fidelity obligation.,"B01 constraint-classification session, 2026-10-01",policy_review/2026-10-01; research/methods/constraint-crosswalk-independent-review.md
SPEC §2.3 L111 unbounded solid rejected,5be24e5050a42bd7ce72b04675b02027bd01e8466df648ff179c546921bea958,HC-xx,HC-06,"Restates the objective HC-06 obligation; candidate screen is its MVT, not this wording alone.","B01 constraint-classification session, 2026-10-01",policy_review/2026-10-01; research/methods/constraint-crosswalk-independent-review.md
SPEC §20.1 three-tier semantics fixed,3e91a91f6199f836ed2782c591317fdfeaf5a4cfd9d3a24e860d734966c1fd96,HC-xx,HC-04,Unknown-feature and optional-data behavior is the HC-04 fail-closed screen.,"B01 constraint-classification session, 2026-10-01",policy_review/2026-10-01; research/methods/constraint-crosswalk-independent-review.md
SPEC §20.1 tier semantics (incompat refuse; ro_compat read but not write; compat ignorable),87b7782920491ff8dc0fcee5c4192f1137fb3634b8fe15a1c7aebb0f1c45ee2f,HC-xx,HC-04,Unknown-feature and optional-data behavior is the HC-04 fail-closed screen.,"B01 constraint-classification session, 2026-10-01",policy_review/2026-10-01; research/methods/constraint-crosswalk-independent-review.md
SPEC §20.1 unknown codec is incompat and fails closed at open,e41d15313727ddf39968ad2a37ac904f6d105b3ecc511dbe6c67be0e82f7fe62,HC-xx,HC-04,Unknown-feature and optional-data behavior is the HC-04 fail-closed screen.,"B01 constraint-classification session, 2026-10-01",policy_review/2026-10-01; research/methods/constraint-crosswalk-independent-review.md
SPEC §20.1 writer disabled/enabled/active tri-state,a9b238cc6fda0e270d72bb049b2c7f5fc8c876385be642d8e77654b2c6a212f7,HC-xx,HC-04,Unknown-feature and optional-data behavior is the HC-04 fail-closed screen.,"B01 constraint-classification session, 2026-10-01",policy_review/2026-10-01; research/methods/constraint-crosswalk-independent-review.md
SPEC §20.2 fail open only on explicitly optional items covered by digests and signatures,343e9f275a77594f6baa01b3d3e97f5436f1afd59bbd36f630ecc1fe179c987d,HC-xx,HC-04,Unknown-feature and optional-data behavior is the HC-04 fail-closed screen.,"B01 constraint-classification session, 2026-10-01",policy_review/2026-10-01; research/methods/constraint-crosswalk-independent-review.md
SPEC §20.3 L2200-2210 (seven central registries),1ecd59b2287b5b8f5525a92a0393f0aa9328a18e843cc50886a966cd1b97fa62,DECISION_INPUT,,"Scope, status-quo fact, or design input with no exact registered HC/F screen in this label.","B01 constraint-classification session, 2026-10-01",policy_review/2026-10-01; research/methods/constraint-crosswalk-independent-review.md
SPEC §20.3 feature bits never reused,5eb00baabc9341ba64e6cb1ed0f2aa9dbecdfc9494fe6c044e3465e9aa87e870,F-xx,F-26,Explicit fixed behavior within objective Appendix B F-26.,"B01 constraint-classification session, 2026-10-01",policy_review/2026-10-01; research/methods/constraint-crosswalk-independent-review.md
SPEC §20.3 planner IDs registered and frozen,37009b39a298dfea5bedbecf42a68db2c88e32b4193b70a447fde79e7df7265f,F-xx,F-03,Explicit fixed behavior within objective Appendix B F-03.,"B01 constraint-classification session, 2026-10-01",policy_review/2026-10-01; research/methods/constraint-crosswalk-independent-review.md
"SPEC §20.3 registration needs normative reference, test vectors and licence",cb7c6344696132ed55d675d4a8061de49d28c6641dfa64fed5a1ec6d89d4037e,HC-xx,HC-12,"Restates the objective HC-12 obligation; candidate screen is its MVT, not this wording alone.","B01 constraint-classification session, 2026-10-01",policy_review/2026-10-01; research/methods/constraint-crosswalk-independent-review.md
SPEC §20.3 registry per-name defaults,7c609c46ea2bd5456079ce1a7fc360343cdef27fddb20900d9dc22ee7021bf37,F-xx,F-26,Identifier and registry permanence is registered as F-26.,"B01 constraint-classification session, 2026-10-01",policy_review/2026-10-01; research/methods/constraint-crosswalk-independent-review.md
SPEC §20.3 transform IDs declare reversibility class,c23f54cdb4fb6aaf9824631f68804df206c9f0fcd2f3d5c17622f4e8c4342e1b,DECISION_INPUT,,"Scope, status-quo fact, or design input with no exact registered HC/F screen in this label.","B01 constraint-classification session, 2026-10-01",policy_review/2026-10-01; research/methods/constraint-crosswalk-independent-review.md
SPEC §20.4,c64f6620324a93ed6c7e8ea14c46e81f823b6fe2f1dbdb8e73c20643e5401949,DECISION_INPUT,,"Scope, status-quo fact, or design input with no exact registered HC/F screen in this label.","B01 constraint-classification session, 2026-10-01",policy_review/2026-10-01; research/methods/constraint-crosswalk-independent-review.md
SPEC §20.4 DEPRECATED diagnostic,50c554a5625c9ef1eaea79f5d903c7dc04d3d52dc651967c13061577fbd33312,F-xx,F-26,Retired identifier behavior is registered as F-26.,"B01 constraint-classification session, 2026-10-01",policy_review/2026-10-01; research/methods/constraint-crosswalk-independent-review.md
SPEC §20.4 L2217 readers decode retired identifiers without refusal,bb9decbe1bc99385d3cb2fcfbc10ef8f2a8ebb04c5c7e76a6ff9b07563587ce4,F-xx,F-26,Retired identifier behavior is registered as F-26.,"B01 constraint-classification session, 2026-10-01",policy_review/2026-10-01; research/methods/constraint-crosswalk-independent-review.md
SPEC §20.4 identifiers never reused; retired identifiers decode normally,b654240bda1eeecb07e1cdddbeddbb9e3325182a35cf424f394500bedc61f190,F-xx,F-26,Explicit fixed behavior within objective Appendix B F-26.,"B01 constraint-classification session, 2026-10-01",policy_review/2026-10-01; research/methods/constraint-crosswalk-independent-review.md
SPEC §20.4 retired identifiers decode normally with DEPRECATED diagnostics,1168987692dacf9f2162b6c1206ea704a12c0b348a942ff38b5f2ad54321c960,F-xx,F-26,Retired identifier behavior is registered as F-26.,"B01 constraint-classification session, 2026-10-01",policy_review/2026-10-01; research/methods/constraint-crosswalk-independent-review.md
SPEC §20.4 retirement as dated specification revision,80f5f40e76eea7b11fcea5670bb3a07d727a55ac968d9a1d965631337c5eb6e9,F-xx,F-26,Retired identifier behavior is registered as F-26.,"B01 constraint-classification session, 2026-10-01",policy_review/2026-10-01; research/methods/constraint-crosswalk-independent-review.md
SPEC §20.5 L2232-2233 outcome detail definitions,5d07a5a818a2dd61ecd3f67981ab3b617b7ae3095d43413964af1ff265c99aa6,HC-xx,HC-15,Outcome and verification-state honesty is tested by HC-15.,"B01 constraint-classification session, 2026-10-01",policy_review/2026-10-01; research/methods/constraint-crosswalk-independent-review.md
"SPEC §20.5 L2237 UNVERIFIED is a qualifier, not an outcome class",17dcf926a4e78dd471d95caf79634dea00a6ba094766363eff4114036f0ba6d8,HC-xx,HC-15,Outcome and verification-state honesty is tested by HC-15.,"B01 constraint-classification session, 2026-10-01",policy_review/2026-10-01; research/methods/constraint-crosswalk-independent-review.md
SPEC §20.5 L2239 (reason code asserted per case),6eefde5f8f6eaf0ca2ceeff9ce8a5a53eb15be904ba305db7f4978cb2b48b039,HC-xx,HC-15,Outcome and verification-state honesty is tested by HC-15.,"B01 constraint-classification session, 2026-10-01",policy_review/2026-10-01; research/methods/constraint-crosswalk-independent-review.md
SPEC §20.5 L2239 (stable reason codes in outputs),12f9bbf36a372faac5a5778eb57dffdd9342b9b044b6eee2e2fac229791957a1,HC-xx,HC-15,Outcome and verification-state honesty is tested by HC-15.,"B01 constraint-classification session, 2026-10-01",policy_review/2026-10-01; research/methods/constraint-crosswalk-independent-review.md
SPEC §20.5 L2239 reason codes stable across versions,ba9144c2ca0be151c2b3890fd915c873eeb03c252b753155be43df9fec0e43a7,HC-xx,HC-15,Outcome and verification-state honesty is tested by HC-15.,"B01 constraint-classification session, 2026-10-01",policy_review/2026-10-01; research/methods/constraint-crosswalk-independent-review.md
SPEC §20.5 UNVERIFIED qualifier,87910107f512595dc4ae42ee52f0c0731fd8778d4de0842f53c7bff07b1d05df,HC-xx,HC-15,Outcome and verification-state honesty is tested by HC-15.,"B01 constraint-classification session, 2026-10-01",policy_review/2026-10-01; research/methods/constraint-crosswalk-independent-review.md
SPEC §20.5 detail record per outcome,0752eab62e5b28bf310918d6425ff94d117fccbd5ed26cbcf88aebe521e568cc,HC-xx,HC-15,Outcome and verification-state honesty is tested by HC-15.,"B01 constraint-classification session, 2026-10-01",policy_review/2026-10-01; research/methods/constraint-crosswalk-independent-review.md
SPEC §20.5 diagnostics taxonomy is part of the format,a2486e429c04f672ce8faf6f520cd2fd1bbb604b77f937590a20acec39fdd0b7,HC-xx,HC-15,Outcome and verification-state honesty is tested by HC-15.,"B01 constraint-classification session, 2026-10-01",policy_review/2026-10-01; research/methods/constraint-crosswalk-independent-review.md
SPEC §20.5 six outcome classes,b2d993591c8897e4ea313aac8ab53732a569ba49399eb7b1742db4edfbcb23d9,HC-xx,HC-15,Outcome and verification-state honesty is tested by HC-15.,"B01 constraint-classification session, 2026-10-01",policy_review/2026-10-01; research/methods/constraint-crosswalk-independent-review.md
SPEC §20.6 L2243,f2f0775fc22da747fce80d931ab4e5b70659e4b5f32e3e935eefe25b2debb6f4,HC-xx,HC-12,Independent decoder and normative specification obligation is HC-12.,"B01 constraint-classification session, 2026-10-01",policy_review/2026-10-01; research/methods/constraint-crosswalk-independent-review.md
SPEC §20.6 L2243 (implementable from specification and vectors alone),4857076b591a849aff7841997e2c5260a8ebd7733e7dacb4012758316a7b1d64,HC-xx,HC-12,Independent decoder and normative specification obligation is HC-12.,"B01 constraint-classification session, 2026-10-01",policy_review/2026-10-01; research/methods/constraint-crosswalk-independent-review.md
SPEC §20.6 L2247 (independent implementation and archived specification reduce single-maintainer risk),60b2e007176efb7ee8cb0da8e0e920a6a9412dde84c8076c06bf15fea2396fe5,HC-xx,HC-12,Independent decoder and normative specification obligation is HC-12.,"B01 constraint-classification session, 2026-10-01",policy_review/2026-10-01; research/methods/constraint-crosswalk-independent-review.md
SPEC §20.6 L2247 (independent implementation before v1.0 stable),bb20215df8e398253ce8b1667c778a0de07d2874a896c9979b73eb3f212dcdcd,HC-xx,HC-12,Independent decoder and normative specification obligation is HC-12.,"B01 constraint-classification session, 2026-10-01",policy_review/2026-10-01; research/methods/constraint-crosswalk-independent-review.md
SPEC §20.6 L2247 (no structural external dependency),cb2c629449c1c72f2bdc0e64a382f78871f65d9b15d8f514ebdd08c8ab21796c,HC-xx,HC-12,Independent decoder and normative specification obligation is HC-12.,"B01 constraint-classification session, 2026-10-01",policy_review/2026-10-01; research/methods/constraint-crosswalk-independent-review.md
SPEC §20.6 L2247 (published alongside the specification),78c6319ec2813a0b0b8cda69156b96d81ec9c742a1601f5ddd7e3b6a307052d8,HC-xx,HC-12,Independent decoder and normative specification obligation is HC-12.,"B01 constraint-classification session, 2026-10-01",policy_review/2026-10-01; research/methods/constraint-crosswalk-independent-review.md
"SPEC §20.6 L2247 (stable, archived, versioned URL)",9b43199d7c07dbefcd67a02fe7d5daa06db29c6ef7313b686041d744165552aa,HC-xx,HC-12,Independent decoder and normative specification obligation is HC-12.,"B01 constraint-classification session, 2026-10-01",policy_review/2026-10-01; research/methods/constraint-crosswalk-independent-review.md
SPEC §20.6 decoder longevity,ab46a14066a50b61c8757406ab91befb5c5e62374aca5834d30c88b07f4daf1a,HC-xx,HC-12,Independent decoder and normative specification obligation is HC-12.,"B01 constraint-classification session, 2026-10-01",policy_review/2026-10-01; research/methods/constraint-crosswalk-independent-review.md
SPEC §20.7 no in-archive decompressor VM,3bbd16cbc840d852978a3fa001097c0ef8602b03e8a7410ee79ff219507b3db4,F-xx,F-30,SPEC §20.7 rejection is registered as objective Appendix B F-30.,"B01 constraint-classification session, 2026-10-01",policy_review/2026-10-01; research/methods/constraint-crosswalk-independent-review.md
SPEC §21.1 'nobody is broken',8a439db25fffb12ed95170ff6409ce8e144403d206de7f2b05799b11358b0400,DECISION_INPUT,,"Scope, status-quo fact, or design input with no exact registered HC/F screen in this label.","B01 constraint-classification session, 2026-10-01",policy_review/2026-10-01; research/methods/constraint-crosswalk-independent-review.md
SPEC §21.1 L2259-2282 (five stages),996720db22caf64c4c5a29f7e02912037cce8c7dd607600c6f0010eb019d6e64,DECISION_INPUT,,"Scope, status-quo fact, or design input with no exact registered HC/F screen in this label.","B01 constraint-classification session, 2026-10-01",policy_review/2026-10-01; research/methods/constraint-crosswalk-independent-review.md
SPEC §21.1 L2265 (ambiguity checking with offsets and authorities),8bdf005df60ab15be05a068e242b3c7d4a7c547d55dcb0546097bedc6bfe9b25,HC-xx,HC-03,"Restates the objective HC-03 obligation; candidate screen is its MVT, not this wording alone.","B01 constraint-classification session, 2026-10-01",policy_review/2026-10-01; research/methods/constraint-crosswalk-independent-review.md
SPEC §21.1 L2278-2279 (legacy consumers unaffected),48d97c646a2cfc2326d98104f64ab9d2be2a33628d052b996e2f8c3ab6fb007c,DECISION_INPUT,,"Scope, status-quo fact, or design input with no exact registered HC/F screen in this label.","B01 constraint-classification session, 2026-10-01",policy_review/2026-10-01; research/methods/constraint-crosswalk-independent-review.md
SPEC §21.1 Stage 1 commitments,397831fa99851480f0ba0fa613b3fad332f9fb26ac23ab3c1736df9df15ff292,DECISION_INPUT,,"Scope, status-quo fact, or design input with no exact registered HC/F screen in this label.","B01 constraint-classification session, 2026-10-01",policy_review/2026-10-01; research/methods/constraint-crosswalk-independent-review.md
"SPEC §21.1-§21.2 (five stages; aliases, CI plugins, package managers as mechanisms)",484d4625de06a91298bb5c71b60c98a90ecb012b880237742e71ef00ddc766e0,DECISION_INPUT,,"Scope, status-quo fact, or design input with no exact registered HC/F screen in this label.","B01 constraint-classification session, 2026-10-01",policy_review/2026-10-01; research/methods/constraint-crosswalk-independent-review.md
SPEC §21.2 legacy handles surface source format and policy; strict default,fdf92a3249be3941c49e8c765336ec0550f8ac449722373a230603c09dc28598,F-xx,F-19,Legacy observation handles expose source format and strict policy under the registered F-19 boundary.,"B01 constraint-classification session, 2026-10-01",policy_review/2026-10-01; research/methods/constraint-crosswalk-independent-review.md
SPEC §22.1 L2318-2320 (matrix entries are not measurements),33e575e421f52dc25d616923465a9ce39cfd9376c459c3657bb0f7dbf7c37ef3,PROGRAM,,"SPEC evidence, comparison, research, or feature-governance rule; not an individual R1 design screen.","B01 constraint-classification session, 2026-10-01",policy_review/2026-10-01; research/methods/constraint-crosswalk-independent-review.md
SPEC §22.1 L2322-2326 dispositions,17b0ab598164a86fe516af26cc59a2474e66f3c270243c8c137eed68f60b6acd,PROGRAM,,"SPEC evidence, comparison, research, or feature-governance rule; not an individual R1 design screen.","B01 constraint-classification session, 2026-10-01",policy_review/2026-10-01; research/methods/constraint-crosswalk-independent-review.md
SPEC §22.1 comparative claims require measurement,30fd081c0bf368354e42bbd47151f348763d663354289113c57d06d12a9c7209,PROGRAM,,"SPEC evidence, comparison, research, or feature-governance rule; not an individual R1 design screen.","B01 constraint-classification session, 2026-10-01",policy_review/2026-10-01; research/methods/constraint-crosswalk-independent-review.md
SPEC §22.1 comparison claims require measurement,f07f475cf5aa4c3600b1956a9f967cd917ce3934b376d8b7e976d3be982ca717,PROGRAM,,"SPEC evidence, comparison, research, or feature-governance rule; not an individual R1 design screen.","B01 constraint-classification session, 2026-10-01",policy_review/2026-10-01; research/methods/constraint-crosswalk-independent-review.md
SPEC §22.2 L2330-2332 (fairness rules apply both ways),d0e0a6a527f67d0c6ab1bdb920beacda3721babafc478b95b5dca66bf96b272c,PROGRAM,,"SPEC evidence, comparison, research, or feature-governance rule; not an individual R1 design screen.","B01 constraint-classification session, 2026-10-01",policy_review/2026-10-01; research/methods/constraint-crosswalk-independent-review.md
SPEC §22.2 L2330-2332 fairness rules,791e2119e308e4b3dec9fe1fc1ed464a6538d1ec8c463cd6f269182e33ccad51,PROGRAM,,"SPEC evidence, comparison, research, or feature-governance rule; not an individual R1 design screen.","B01 constraint-classification session, 2026-10-01",policy_review/2026-10-01; research/methods/constraint-crosswalk-independent-review.md
SPEC §22.4 L2419 append-in-place rejected,7954d451653a9b29230fc1242aba6fdf820e5e378e03704dc62c901bacf5ec8d,NON_GOAL,F-25,SPEC §24 items 12–13 defer append-in-place and versioned journaling beyond v1.,"B01 constraint-classification session, 2026-10-01",policy_review/2026-10-01; research/methods/constraint-crosswalk-independent-review.md
SPEC §22.4 context-mixing as registry-gated Extension,c0c8ec403c2ab5e46aae02c0afe355145a52af83bace266f561c8c98f4cb90b6,DECISION_INPUT,,"Scope, status-quo fact, or design input with no exact registered HC/F screen in this label.","B01 constraint-classification session, 2026-10-01",policy_review/2026-10-01; research/methods/constraint-crosswalk-independent-review.md
SPEC §22.5 L2430 in-archive ECC refused (frozen),e3da9bc6239428fc9c26c4b07fa11633068874b9c3f54d07b64f5c1d4ba29482,NON_GOAL,F-25,"SPEC §24/F-25 refusal of in-archive error correction, repeated in §22.5.","B01 constraint-classification session, 2026-10-01",policy_review/2026-10-01; research/methods/constraint-crosswalk-independent-review.md
SPEC §22.5 L2430 in-archive ECC refused (parity external),98068cb3dce2981e06eedaa808e66b872e78430978331bef9582f79f0545be74,NON_GOAL,F-25,"SPEC §24/F-25 refusal of in-archive error correction, repeated in §22.5.","B01 constraint-classification session, 2026-10-01",policy_review/2026-10-01; research/methods/constraint-crosswalk-independent-review.md
SPEC §22.5 L2430 redundancy is a storage-medium decision,15328cefc43bac1914cfc7be4a72bf00794c61641c477b8e816144c069f21f5e,DECISION_INPUT,,"Scope, status-quo fact, or design input with no exact registered HC/F screen in this label.","B01 constraint-classification session, 2026-10-01",policy_review/2026-10-01; research/methods/constraint-crosswalk-independent-review.md
SPEC §22.5 L2438 versioned log is a v1 non-goal,279088fc1f3c622164dea53946b75e3b66b4a317af485875a074029f3e5f14cd,NON_GOAL,F-25,SPEC §24 items 12–13 defer append-in-place and versioned journaling beyond v1.,"B01 constraint-classification session, 2026-10-01",policy_review/2026-10-01; research/methods/constraint-crosswalk-independent-review.md
SPEC §22.5 self-extracting archives refused,b35807c73f0bac7880f838e41ec6f873af124d01572d587071d061f51e5280ee,HC-xx,HC-03,SPEC §11.4 canonical no-prefix/no-polyglot rule excludes self-extracting archives.,"B01 constraint-classification session, 2026-10-01",policy_review/2026-10-01; research/methods/constraint-crosswalk-independent-review.md
SPEC §22.5: append-in-place refused (disposition 5),6e06d9be8dbd0d299c32be7d132e28d2a9af1a897b0a59fd1f4918c20b3151bf,NON_GOAL,F-25,SPEC §24 items 12–13 defer append-in-place and versioned journaling beyond v1.,"B01 constraint-classification session, 2026-10-01",policy_review/2026-10-01; research/methods/constraint-crosswalk-independent-review.md
SPEC §23.1 L2444-2446 (no single-axis superiority claimed),f73d804f3a97ca90e799ed9ec2186740a6437d6ce36982ad1d6dd2fe188530d9,PROGRAM,,"SPEC evidence, comparison, research, or feature-governance rule; not an individual R1 design screen.","B01 constraint-classification session, 2026-10-01",policy_review/2026-10-01; research/methods/constraint-crosswalk-independent-review.md
SPEC §23.1 L2444-2446 (no single-axis superiority),9e759216c211ca2d5a638dc02ba9c6b16836932eba296a2ba015f0cada0c848f,PROGRAM,,"SPEC evidence, comparison, research, or feature-governance rule; not an individual R1 design screen.","B01 constraint-classification session, 2026-10-01",policy_review/2026-10-01; research/methods/constraint-crosswalk-independent-review.md
SPEC §23.2 post-quantum confidentiality combination,3dfac9da3267a865cc8b3564ffc5426ba43de5d0568a04d7301646809321eb1b,HC-xx,HC-14,"Restates the objective HC-14 obligation; candidate screen is its MVT, not this wording alone.","B01 constraint-classification session, 2026-10-01",policy_review/2026-10-01; research/methods/constraint-crosswalk-independent-review.md
SPEC §23.3 L2473 content signature survives repack --profile,31eda42e2fcf847b7bec0c5e761164649e72b5eaf16fa272181c80aa837de286,F-xx,F-13,Fixed product contract under objective Appendix B F-13.,"B01 constraint-classification session, 2026-10-01",policy_review/2026-10-01; research/methods/constraint-crosswalk-independent-review.md
SPEC §23.4 L2481 (no ecosystem at v1; mitigated by Stage 1),5b14af84a764b1b960c16a8866675ff035e4bd88614225ec3d16d6ef0f50b02b,DECISION_INPUT,,"Scope, status-quo fact, or design input with no exact registered HC/F screen in this label.","B01 constraint-classification session, 2026-10-01",policy_review/2026-10-01; research/methods/constraint-crosswalk-independent-review.md
SPEC §23.4 L2486 (pack and unpack need no flags),73be5bb87d27c439e78032cf037d2e6a7dba0e64eecbcaf2c0b4aa5ea448d4bb,DECISION_INPUT,,"Scope, status-quo fact, or design input with no exact registered HC/F screen in this label.","B01 constraint-classification session, 2026-10-01",policy_review/2026-10-01; research/methods/constraint-crosswalk-independent-review.md
SPEC §23.5 L2489-2493,6ad0cda1adba81b0dd977fb3b57895840a7532a04986936818a285a18fc810fe,PROGRAM,,"SPEC evidence, comparison, research, or feature-governance rule; not an individual R1 design screen.","B01 constraint-classification session, 2026-10-01",policy_review/2026-10-01; research/methods/constraint-crosswalk-independent-review.md
SPEC §23.5 L2489-2493 (invariant-based feature governance),51b2efbe277fe685e3c11c24f4daed3b667340f4a126b1399ce693fa1da0e419,PROGRAM,,"SPEC evidence, comparison, research, or feature-governance rule; not an individual R1 design screen.","B01 constraint-classification session, 2026-10-01",policy_review/2026-10-01; research/methods/constraint-crosswalk-independent-review.md
SPEC §23.5 L2495 completeness claim,a1f7643d5e1441bb8688d5687c2cfac59fc217a2d1e7758db53a9b9785c452ee,PROGRAM,,"SPEC evidence, comparison, research, or feature-governance rule; not an individual R1 design screen.","B01 constraint-classification session, 2026-10-01",policy_review/2026-10-01; research/methods/constraint-crosswalk-independent-review.md
SPEC §23.5 invariant list is the feature gate,f8477b6607e620f6ea09acb6a9971dee3c41d0f3786d1794ed66b90353719eea,PROGRAM,,"SPEC evidence, comparison, research, or feature-governance rule; not an individual R1 design screen.","B01 constraint-classification session, 2026-10-01",policy_review/2026-10-01; research/methods/constraint-crosswalk-independent-review.md
SPEC §24 (no append),82718cf177e05bdd2aa09325a879e2f9510391b9706a48f56f6256640027eafc,NON_GOAL,F-25,SPEC §24 non-goal; enforce through registered F-25 only.,"B01 constraint-classification session, 2026-10-01",policy_review/2026-10-01; research/methods/constraint-crosswalk-independent-review.md
SPEC §24 (non-goals),e3e953229ad5964fad3a17b2d797e491e417dbcc6fa3a88aec5ade353d2dda42,NON_GOAL,F-25,SPEC §24 non-goal; enforce through registered F-25 only.,"B01 constraint-classification session, 2026-10-01",policy_review/2026-10-01; research/methods/constraint-crosswalk-independent-review.md
SPEC §24 append not offered,7cffa1d4f93cd7bec1487233aea916759b0bb2e1bafdddedb7bcfd7f1ecccc7b,NON_GOAL,F-25,SPEC §24 non-goal; enforce through registered F-25 only.,"B01 constraint-classification session, 2026-10-01",policy_review/2026-10-01; research/methods/constraint-crosswalk-independent-review.md
SPEC §24 item 16 L2521 no fetch protocol in v1,6952f1491a553290e9a64f3b3d02725191a4d24b0fa616d2e1c1faa561f104b8,NON_GOAL,F-25,SPEC §24 non-goal; enforce through registered F-25 only.,"B01 constraint-classification session, 2026-10-01",policy_review/2026-10-01; research/methods/constraint-crosswalk-independent-review.md
SPEC §24 item 4 (no compress command),21039db6b43cfeec2bcc74326f769b4bf4f4539d40e2fb84a1a4b7a701a62218,NON_GOAL,F-25,SPEC §24 non-goal; enforce through registered F-25 only.,"B01 constraint-classification session, 2026-10-01",policy_review/2026-10-01; research/methods/constraint-crosswalk-independent-review.md
SPEC §24 item 5 (no Entrybound transport protocol),6aaf4bd5651000f9a21f68ff3a4fccdeba59b98066e3e6b9e73b95a212dcf8c0,NON_GOAL,F-25,SPEC §24 non-goal; enforce through registered F-25 only.,"B01 constraint-classification session, 2026-10-01",policy_review/2026-10-01; research/methods/constraint-crosswalk-independent-review.md
SPEC §24 item 5: no Entrybound-defined transport protocol,fe1bff17f732baea65d364513b48c781ff605fe71e75d9d3c098c08514d2e6c7,NON_GOAL,F-25,SPEC §24 non-goal; enforce through registered F-25 only.,"B01 constraint-classification session, 2026-10-01",policy_review/2026-10-01; research/methods/constraint-crosswalk-independent-review.md
"SPEC §24 item 6 Entrybound does not issue, store, rotate or escrow keys",19f96ef3939e5dec7cca502276003f97e0c85ac3dba49921365692bb1627c922,NON_GOAL,F-25,SPEC §24 non-goal; enforce through registered F-25 only.,"B01 constraint-classification session, 2026-10-01",policy_review/2026-10-01; research/methods/constraint-crosswalk-independent-review.md
SPEC §24 item 6 Entrybound is not a key-management system,94c83d88b84c8432fadb1cdab80780e48553f49489fa5d42b5c3e8e02d4d9f76,NON_GOAL,F-25,SPEC §24 non-goal; enforce through registered F-25 only.,"B01 constraint-classification session, 2026-10-01",policy_review/2026-10-01; research/methods/constraint-crosswalk-independent-review.md
SPEC §24 item 6 not a key-management system,b8932837b95279b448b3e709c9a459fdb92e4f2c1f425f716e838d3ea1311011,NON_GOAL,F-25,SPEC §24 non-goal; enforce through registered F-25 only.,"B01 constraint-classification session, 2026-10-01",policy_review/2026-10-01; research/methods/constraint-crosswalk-independent-review.md
SPEC §24 item 7 L2509 verification never requires live infrastructure,414300244dda2cafa5bf024d82e86d03d4af8d4442f74065a6ba77bb4501cfe0,NON_GOAL,F-25,SPEC §24 non-goal; enforce through registered F-25 only.,"B01 constraint-classification session, 2026-10-01",policy_review/2026-10-01; research/methods/constraint-crosswalk-independent-review.md
SPEC §24 item 7 L2509 verification never requires live infrastructure (creation may),eab1b7d4ac55e8f604ae9d3360f67810ac1715d90e3cfcafb8c4db8f527ed43e,NON_GOAL,F-25,SPEC §24 non-goal; enforce through registered F-25 only.,"B01 constraint-classification session, 2026-10-01",policy_review/2026-10-01; research/methods/constraint-crosswalk-independent-review.md
"SPEC §24 items 1-4 and 10 (not filesystem, backup, VCS, single-stream compressor, disk image)",8cb6fd9d06a5fef6bb62d62722fcd344cb124c0a827d82b82cd9014f70d73a61,NON_GOAL,F-25,SPEC §24 non-goal; enforce through registered F-25 only.,"B01 constraint-classification session, 2026-10-01",policy_review/2026-10-01; research/methods/constraint-crosswalk-independent-review.md
"SPEC §25.1 #1 length-prefixed, streaming emission, inspectable uncompressed manifest",0b323d1ef9aeb3022543876e4653601f095af4cc9a2d2c0e454486016bc8244e,F-xx,F-09,SPEC §25.1 fixed constraint is covered by registered F-09.,"B01 constraint-classification session, 2026-10-01",policy_review/2026-10-01; research/methods/constraint-crosswalk-independent-review.md
SPEC §25.1 #15 collision check before freeze,086b15a47c6c26a815df5d2336fe7502fd260e83309323cf4fe0bfe949d86125,DECISION_INPUT,,"Scope, status-quo fact, or design input with no exact registered HC/F screen in this label.","B01 constraint-classification session, 2026-10-01",policy_review/2026-10-01; research/methods/constraint-crosswalk-independent-review.md
SPEC §25.1 #19 dependency policy,be7571aa64b372aadf773c16f22ca1e5da6a893210fc6488e0ab5043f747caa7,DECISION_INPUT,,"Scope, status-quo fact, or design input with no exact registered HC/F screen in this label.","B01 constraint-classification session, 2026-10-01",policy_review/2026-10-01; research/methods/constraint-crosswalk-independent-review.md
SPEC §25.1 #21 library API surface deferred,b87e6baa200990294ca75acd6a979c2ee9810e4dcceb24d68b7db36bb68feca0,DECISION_INPUT,,"Scope, status-quo fact, or design input with no exact registered HC/F screen in this label.","B01 constraint-classification session, 2026-10-01",policy_review/2026-10-01; research/methods/constraint-crosswalk-independent-review.md
SPEC §25.1 #23 defaults deferred to detailed design,399c8cc3057ae9a475f3c8fc6cf7575c02ad2f003d37032d2b438b2d70f07ee7,DECISION_INPUT,,"Scope, status-quo fact, or design input with no exact registered HC/F screen in this label.","B01 constraint-classification session, 2026-10-01",policy_review/2026-10-01; research/methods/constraint-crosswalk-independent-review.md
SPEC §25.1 item 22 L2554 (--compat models derived from the matrix),8cadee64f859c96ab0e7c428d460ca8f726d38d5d2195ca455d13ec1d4ca6a92,DECISION_INPUT,,"Scope, status-quo fact, or design input with no exact registered HC/F screen in this label.","B01 constraint-classification session, 2026-10-01",policy_review/2026-10-01; research/methods/constraint-crosswalk-independent-review.md
SPEC §25.1 row 10 and §25.2 KEM selection routed to security review,d8c4704493e134e21ae0ec23b9a86a435a3795efea59eb74f9acb473b78afb5b,PROGRAM,,"SPEC design-review or release-timing obligation, not an individual R1 screen.","B01 constraint-classification session, 2026-10-01",policy_review/2026-10-01; research/methods/constraint-crosswalk-independent-review.md
SPEC §25.1 row 12 and §25.2 password KDF and defaults routed to security review,5316d66baf830c6ae5e56315ea0bcfd935837a8b1a5e80a6c8c9a5c50bf8b78d,PROGRAM,,"SPEC design-review or release-timing obligation, not an individual R1 screen.","B01 constraint-classification session, 2026-10-01",policy_review/2026-10-01; research/methods/constraint-crosswalk-independent-review.md
SPEC §25.1 row 13 L2545,156071ae692b48d9d6a7fcbcae2c4ad051b432d7a311cf126f4878e0ce0c6640,F-xx,F-12,SPEC §25.1 row 13 fixes a declared bucketed crypto padding requirement represented by F-12.,"B01 constraint-classification session, 2026-10-01",policy_review/2026-10-01; research/methods/constraint-crosswalk-independent-review.md
SPEC §25.1 row 19 L2551,9834f79b9c082fe50185980afb43afe9d90e6ffb50aee912ff993a2a2f22434d,DECISION_INPUT,,"Scope, status-quo fact, or design input with no exact registered HC/F screen in this label.","B01 constraint-classification session, 2026-10-01",policy_review/2026-10-01; research/methods/constraint-crosswalk-independent-review.md
SPEC §25.1 row 19 L2551 (dependency policy deferred),7ec570178812fc1faaa1bf1ea640083f4cc48577d19a60ac0c962a10f72176d0,DECISION_INPUT,,"Scope, status-quo fact, or design input with no exact registered HC/F screen in this label.","B01 constraint-classification session, 2026-10-01",policy_review/2026-10-01; research/methods/constraint-crosswalk-independent-review.md
SPEC §25.1 row 2 every count bounded and declared,d29c7ecd994ddccb0e6ca8d65b6e2ea06d425f4793620a800de63edff6b376de,HC-xx,HC-06,SPEC §25.1 fixed constraint is covered by registered HC-06.,"B01 constraint-classification session, 2026-10-01",policy_review/2026-10-01; research/methods/constraint-crosswalk-independent-review.md
SPEC §25.1 row 6 chunker versioned and declared,cc72f7e9e0c1aab45e8a637cb29d612b81b9e33782664c6256baa11f10946fb1,F-xx,F-04,Fixed product contract under objective Appendix B F-04.,"B01 constraint-classification session, 2026-10-01",policy_review/2026-10-01; research/methods/constraint-crosswalk-independent-review.md
SPEC §25.1 row 6 chunker versioned and declared from v1,a45942c9ab88c56da8226037542287a929b7b21f4cfe7956d33b27022f903ad0,F-xx,F-04,Fixed product contract under objective Appendix B F-04.,"B01 constraint-classification session, 2026-10-01",policy_review/2026-10-01; research/methods/constraint-crosswalk-independent-review.md
SPEC §25.1 row 6 index size is a planner input,b9a9fd4becebf4dfad4183a1542244bb3c014b0781512c5c4ec6f4f824358b67,DECISION_INPUT,,"Scope, status-quo fact, or design input with no exact registered HC/F screen in this label.","B01 constraint-classification session, 2026-10-01",policy_review/2026-10-01; research/methods/constraint-crosswalk-independent-review.md
SPEC §25.1 row 9 and §25.2 primitive selection routed to dedicated security review,d82771185d2b5067f77319d9d931831fdc3d1acea696f081a10c209672613084,PROGRAM,,"SPEC design-review or release-timing obligation, not an individual R1 screen.","B01 constraint-classification session, 2026-10-01",policy_review/2026-10-01; research/methods/constraint-crosswalk-independent-review.md
SPEC §25.2 L2559 review items not settled by container designers,933b7ce424c609bf8ed2cf32bd79294787d6f5b494a2a6e3db4accd146ec50e8,PROGRAM,,"Program/research governance, evidence policy, or cross-decision handoff; not a candidate HC/freeze screen.","B01 constraint-classification session, 2026-10-01",policy_review/2026-10-01; research/methods/constraint-crosswalk-independent-review.md
SPEC §25.2 L2559: security review independent of container designers,2569e641a5a07c62177e67b2e9fd1821335b2c9f25c24940ec357b2faf676da7,PROGRAM,,"Program/research governance, evidence policy, or cross-decision handoff; not a candidate HC/freeze screen.","B01 constraint-classification session, 2026-10-01",policy_review/2026-10-01; research/methods/constraint-crosswalk-independent-review.md
SPEC §25.2 L2561 final primitive selection by dedicated security review,55ab17de5667991c8cc85c0a84fe7e1fb3b67a412a881c4cb429dff925b13bac,PROGRAM,,"Program/research governance, evidence policy, or cross-decision handoff; not a candidate HC/freeze screen.","B01 constraint-classification session, 2026-10-01",policy_review/2026-10-01; research/methods/constraint-crosswalk-independent-review.md
SPEC §25.2 L2562 formal analysis routed to dedicated security review,08efe300bd2663b3682050c91cbb5acc9e6035a456d1ebd35756aa68a8f6b880,PROGRAM,,"Program/research governance, evidence policy, or cross-decision handoff; not a candidate HC/freeze screen.","B01 constraint-classification session, 2026-10-01",policy_review/2026-10-01; research/methods/constraint-crosswalk-independent-review.md
SPEC §25.2 L2562 segment construction routed to formal analysis,c98249238c86b6080f0eb2bd15f9c2462d824b2023cc3e222d1e4aff1f6aefd5,PROGRAM,,"Program/research governance, evidence policy, or cross-decision handoff; not a candidate HC/freeze screen.","B01 constraint-classification session, 2026-10-01",policy_review/2026-10-01; research/methods/constraint-crosswalk-independent-review.md
SPEC §25.2 L2564 composition resistance routed to security review,4e23be580eb742ea7eb863c67a484f01040284761f768dd2da0944cd16547fab,PROGRAM,,"Program/research governance, evidence policy, or cross-decision handoff; not a candidate HC/freeze screen.","B01 constraint-classification session, 2026-10-01",policy_review/2026-10-01; research/methods/constraint-crosswalk-independent-review.md
"SPEC §25.2 L2565: snapshot, persistent read-write and partial-plaintext adversaries required",458e1f46da1da16a91b6f344489562cac7fc27329eafeb6b2f91bbe82987caec,PROGRAM,,"Program/research governance, evidence policy, or cross-decision handoff; not a candidate HC/freeze screen.","B01 constraint-classification session, 2026-10-01",policy_review/2026-10-01; research/methods/constraint-crosswalk-independent-review.md
SPEC §25.2 commitment analysis routed to security review,82411ce9ec0d1699b8544513c591c9745836f8eb44009ab068c8adf0d06bba10,PROGRAM,,"Program/research governance, evidence policy, or cross-decision handoff; not a candidate HC/freeze screen.","B01 constraint-classification session, 2026-10-01",policy_review/2026-10-01; research/methods/constraint-crosswalk-independent-review.md
SPEC §25.2 dedicated security review,10ba505623bacd790736443ab8c921b78e94162b4ee5f9eaf7453a0247c9760c,PROGRAM,,"Program/research governance, evidence policy, or cross-decision handoff; not a candidate HC/freeze screen.","B01 constraint-classification session, 2026-10-01",policy_review/2026-10-01; research/methods/constraint-crosswalk-independent-review.md
SPEC §25.2 primitive-level limits under dedicated security review,51a2c8c78cac24fa585b68f6d1ac0adc3974e757da4fe2ae223103124cb2fce3,PROGRAM,,"Program/research governance, evidence policy, or cross-decision handoff; not a candidate HC/freeze screen.","B01 constraint-classification session, 2026-10-01",policy_review/2026-10-01; research/methods/constraint-crosswalk-independent-review.md
SPEC §25.3 L2570 chunk-size/index-size curves must be measured per category,b8efd2bc569a122bd7a49cd3115238d8982090103b2d19c3b103844850ff2a9b,PROGRAM,,"SPEC evidence, comparison, research, or feature-governance rule; not an individual R1 design screen.","B01 constraint-classification session, 2026-10-01",policy_review/2026-10-01; research/methods/constraint-crosswalk-independent-review.md
SPEC §25.3 weights fit to real file-type mix corpus,7c91d7d5909ce8353c1c16bf22f8371ad9a394191ec6dc25000b3817c5a5727d,PROGRAM,,"SPEC evidence, comparison, research, or feature-governance rule; not an individual R1 design screen.","B01 constraint-classification session, 2026-10-01",policy_review/2026-10-01; research/methods/constraint-crosswalk-independent-review.md
SPEC §25.4 L2577 (complete CLI and adoption path not deferred),c57fbd40504b4821744f4e0b94f2c3e2a329d8cc8fbdb48752ffe3ec250ccbd2,PROGRAM,,"SPEC design-review or release-timing obligation, not an individual R1 screen.","B01 constraint-classification session, 2026-10-01",policy_review/2026-10-01; research/methods/constraint-crosswalk-independent-review.md
SPEC §25.4 canonical entry order not deferred,6ff2c9549767bfaf6196868a933f8bce205b08a43d60708be6ffa78ab96f1f73,PROGRAM,,"SPEC design-review or release-timing obligation, not an individual R1 screen.","B01 constraint-classification session, 2026-10-01",policy_review/2026-10-01; research/methods/constraint-crosswalk-independent-review.md
SPEC §25.4 invariants not deferred,59a7ae7cb1c78aedc0b8d256453c449036420db03af739af70a8a8f0d1da434e,PROGRAM,,"Program-wide invariant governance, not an individual candidate screen.","B01 constraint-classification session, 2026-10-01",policy_review/2026-10-01; research/methods/constraint-crosswalk-independent-review.md
SPEC §25.4 planner architecture and determinism not deferred,337e5b346008b5d42384a16db6ee6fff6bbd279822860e513c806914c2e3ca98,PROGRAM,,"SPEC design-review or release-timing obligation, not an individual R1 screen.","B01 constraint-classification session, 2026-10-01",policy_review/2026-10-01; research/methods/constraint-crosswalk-independent-review.md
SPEC §25.4 receipt schema not deferred,b7f2de2d5a83bf706f1e9c3542733710ed886e2ffc289f049373e70aa7284175,PROGRAM,,"SPEC design-review or release-timing obligation, not an individual R1 screen.","B01 constraint-classification session, 2026-10-01",policy_review/2026-10-01; research/methods/constraint-crosswalk-independent-review.md
SPEC §25.4 semantic model not deferred,5fb396ed7f5d98bb7aefec27009f2c86f5ed25765df5d8ed04a23c62cf91fa6b,PROGRAM,,"SPEC design-review or release-timing obligation, not an individual R1 screen.","B01 constraint-classification session, 2026-10-01",policy_review/2026-10-01; research/methods/constraint-crosswalk-independent-review.md
SPEC §26.2 row 19,2152b912089e7f743bd9d642c8cb95b98b4667ad0eb64c6c25a444c5c6adead4,DECISION_INPUT,,"Scope, status-quo fact, or design input with no exact registered HC/F screen in this label.","B01 constraint-classification session, 2026-10-01",policy_review/2026-10-01; research/methods/constraint-crosswalk-independent-review.md
SPEC §26.2 row 19 normative specification over implementation-defined behaviour,9a0d45db8226ea0bff73129139eadb8d346ec6e7d0de2608bda8a90cf217948c,HC-xx,HC-11,"Restates the objective HC-11 obligation; candidate screen is its MVT, not this wording alone.","B01 constraint-classification session, 2026-10-01",policy_review/2026-10-01; research/methods/constraint-crosswalk-independent-review.md
SPEC §26.2 row 3 L2599 PQ signatures not mandated,d67aedbc5fb04fb3cea7047a46914556b8180fb79eaf918a31489eba69d4f12a,DECISION_INPUT,,"Scope, status-quo fact, or design input with no exact registered HC/F screen in this label.","B01 constraint-classification session, 2026-10-01",policy_review/2026-10-01; research/methods/constraint-crosswalk-independent-review.md
SPEC §26.2 row 3 L2599 hybrid PQ KEM mandated,a3d8d769ff80a8d14868f5e9312b0abf28749850dfc58c536d1016299440f67c,F-xx,F-12,SPEC §9.10 mandatory hybrid recipient rule is registered in F-12.,"B01 constraint-classification session, 2026-10-01",policy_review/2026-10-01; research/methods/constraint-crosswalk-independent-review.md
SPEC §26.3 L2617: current-state claims verified against primary sources,6096eaa61593c240fc83a826c2b42cbd4e6ddf89a90d7b9162bf51ba604884f1,PROGRAM,,"SPEC evidence, comparison, research, or feature-governance rule; not an individual R1 design screen.","B01 constraint-classification session, 2026-10-01",policy_review/2026-10-01; research/methods/constraint-crosswalk-independent-review.md
SPEC §26.3 L2619 (no decision rests on unconfirmed claims),593fb095712f52af64296b13c1786e50eadcef1801f02fd666b0a2389dfb01f6,PROGRAM,,"SPEC evidence, comparison, research, or feature-governance rule; not an individual R1 design screen.","B01 constraint-classification session, 2026-10-01",policy_review/2026-10-01; research/methods/constraint-crosswalk-independent-review.md
"SPEC §26.4 row 17 L2645: padding downgraded to quantised, not hidden",76728aa348ccd55c930f03be1534cc6462183a80936afbdbefe3e5eaef9da9b9,HC-xx,HC-14,"Restates the objective HC-14 obligation; candidate screen is its MVT, not this wording alone.","B01 constraint-classification session, 2026-10-01",policy_review/2026-10-01; research/methods/constraint-crosswalk-independent-review.md
SPEC §26.4 row 9 L2637 traversal claim narrowed to detected hostility class,2478dd1ea028667f32989bebde2e00f50411d4e3ac4b804bf2911151d07acf50,DECISION_INPUT,,"Scope, status-quo fact, or design input with no exact registered HC/F screen in this label.","B01 constraint-classification session, 2026-10-01",policy_review/2026-10-01; research/methods/constraint-crosswalk-independent-review.md
SPEC §26.5 L2665 (propagation-failure lesson),ee65952d748b3e7da8d09fe4f52008734d6a70bbe7a1546269d995d6cbc9170d,DECISION_INPUT,,"Scope, status-quo fact, or design input with no exact registered HC/F screen in this label.","B01 constraint-classification session, 2026-10-01",policy_review/2026-10-01; research/methods/constraint-crosswalk-independent-review.md
SPEC §26.5 row 1 L2669 report each binding separately and distinguish stale from invalid,d4949e4abf5947761c286034aa797478f5f678ed109c232b8106fcb9772ec713,F-xx,F-13,SPEC §9.6 independent signature binding semantics are registered as F-13.,"B01 constraint-classification session, 2026-10-01",policy_review/2026-10-01; research/methods/constraint-crosswalk-independent-review.md
SPEC §26.5 row 12 hostility summary as a preamble item,b1a1af9c9ddffee22ba232d048a213b3341f56b029667d24eb0f0dabd530f149,DECISION_INPUT,,"Scope, status-quo fact, or design input with no exact registered HC/F screen in this label.","B01 constraint-classification session, 2026-10-01",policy_review/2026-10-01; research/methods/constraint-crosswalk-independent-review.md
SPEC §3.3a L192 a never-appearing target is Irreconcilable,79cb92ee93a7aeb99ae7415e147ba9ae0f929577d9dbf89fe23c298e865db902,HC-xx,HC-07;HC-17,A missing hardlink target is declared irreconcilable loss (HC-07) and cannot create an invalid path graph (HC-17).,"B01 constraint-classification session, 2026-10-01",policy_review/2026-10-01; research/methods/constraint-crosswalk-independent-review.md
SPEC §3.3a hardlink_group excluded from identity/v1,7115f11b399d828f1fd168ce07b716e963f7933c512f3091ffc3cdf3adb83e45,HC-xx,HC-10,Public SPEC §3.3 maps to registered HC-10; exact claim remains subject to independent review.,"B01 constraint-classification session, 2026-10-01",policy_review/2026-10-01; research/methods/constraint-crosswalk-independent-review.md
SPEC §3.4 P2 L212 every path is relative to a caller-supplied root,d9f346546a820fa6b4e237a71c8e3a6812b8f57eadf7099c40baed611187c06f,HC-xx,HC-08,Public SPEC §3.4 maps to registered HC-08; exact claim remains subject to independent review.,"B01 constraint-classification session, 2026-10-01",policy_review/2026-10-01; research/methods/constraint-crosswalk-independent-review.md
SPEC §3.4 P5 L228 extractor detects and refuses or applies declared policy,04a244da3f290a9c0f7a8b4d0520254446004a97de7460226951702561caf4f2,HC-xx,HC-08,Public SPEC §3.4 maps to registered HC-08; exact claim remains subject to independent review.,"B01 constraint-classification session, 2026-10-01",policy_review/2026-10-01; research/methods/constraint-crosswalk-independent-review.md
SPEC §3.4 P5 L228 names are legal in the archive,844c03fb6cbc12795fed526c7ce48e75684c1a74d5acd6da2d56e31b5b6b785b,HC-xx,HC-08,Public SPEC §3.4 maps to registered HC-08; exact claim remains subject to independent review.,"B01 constraint-classification session, 2026-10-01",policy_review/2026-10-01; research/methods/constraint-crosswalk-independent-review.md
SPEC §3.4 P8 L224 refuse or declared renaming policy,46f4de25c88f817cbaf1d6f7fc6e131abb08fb1290d216e17c09c661be0ff273,HC-xx,HC-08,Public SPEC §3.4 maps to registered HC-08; exact claim remains subject to independent review.,"B01 constraint-classification session, 2026-10-01",policy_review/2026-10-01; research/methods/constraint-crosswalk-independent-review.md
SPEC §3.4 exact bytes plus declared encoding,deea7ce71e3b3eaac770d0cba312ca6d7c0d4f00ed424abca532e32aa3798883,HC-xx,HC-08,Public SPEC §3.4 maps to registered HC-08; exact claim remains subject to independent review.,"B01 constraint-classification session, 2026-10-01",policy_review/2026-10-01; research/methods/constraint-crosswalk-independent-review.md
SPEC §3.5 no sparse map structure in ContentObject,ecf1e0ed188f40a9ad8265f98be45d2c2ddc80b159078615482c1bf03faac4c6,HC-xx,HC-02,Public SPEC §3.5 maps to registered HC-02; exact claim remains subject to independent review.,"B01 constraint-classification session, 2026-10-01",policy_review/2026-10-01; research/methods/constraint-crosswalk-independent-review.md
SPEC §4.2 L375 unknown major rejected,b7c213a04d23367d776e3e0ff13486466de6f45a4c8697b132810fa2a4152aff,HC-xx,HC-04,Public SPEC §4.2 maps to registered HC-04; exact claim remains subject to independent review.,"B01 constraint-classification session, 2026-10-01",policy_review/2026-10-01; research/methods/constraint-crosswalk-independent-review.md
SPEC §4.2 L385 hint advisory and never trusted,2496ff403b17022ac1d738dd1b96d56fc4744e2b7e399f9333144a3ff2b5ca0f,HC-xx,HC-01,An advisory hint cannot become a second semantic authority under HC-01.,"B01 constraint-classification session, 2026-10-01",policy_review/2026-10-01; research/methods/constraint-crosswalk-independent-review.md
SPEC §4.2 item 6,fe05455651bdb88d76bbd10a13129d885e5b7a53e41c6771032918e3f93263d3,HC-xx,HC-04,Public SPEC §4.2 maps to registered HC-04; exact claim remains subject to independent review.,"B01 constraint-classification session, 2026-10-01",policy_review/2026-10-01; research/methods/constraint-crosswalk-independent-review.md
SPEC §4.6/§13.2: STREAM writable to Write-only sink and readable from Read-only source,cf01dcdc11a4592d725f73ca16be9848a1149cecef0c93cb650b29c9f88b0072,F-xx,F-09,Public SPEC §4.6 maps to registered F-09; exact claim remains subject to independent review.,"B01 constraint-classification session, 2026-10-01",policy_review/2026-10-01; research/methods/constraint-crosswalk-independent-review.md
"SPEC §4.7 encrypted archives encrypt manifest, metadata and index as one unit",710b0fd4ed99f668f99a8ec8feca65c49c3dcd33ae24807535e86077a9c00073,F-xx,F-12,Public SPEC §4.7 maps to registered F-12; exact claim remains subject to independent review.,"B01 constraint-classification session, 2026-10-01",policy_review/2026-10-01; research/methods/constraint-crosswalk-independent-review.md
SPEC §4.8 L472 features and requirements known from preamble before allocation,9e9925568ebc0eb95ad41aaf0459ff69130125ba4a329086e857d0f777e6a45c,HC-xx,HC-06,Public SPEC §4.8 maps to registered HC-06; exact claim remains subject to independent review.,"B01 constraint-classification session, 2026-10-01",policy_review/2026-10-01; research/methods/constraint-crosswalk-independent-review.md
SPEC §4.9 L478 (uncompressed default; compact-manifest incompat),d6f8b5c8b5c951d28f913ce5a4638f446c5fc8e79edb3c9e03b3a9cf8283bd04,HC-xx,HC-04,Default uncompressed manifest and any compact-manifest incompatibility are a fail-closed feature rule under HC-04.,"B01 constraint-classification session, 2026-10-01",policy_review/2026-10-01; research/methods/constraint-crosswalk-independent-review.md
SPEC §4.9 L479 (explicit decoder budget),0ad3ed903f5bbc9162a4ae0f2314e9a8cb31ea5d54fcc1d2b36224dc0ed7055a,HC-xx,HC-12,Explicit baseline decoder size budget supports a small independently rebuildable reader under HC-12.,"B01 constraint-classification session, 2026-10-01",policy_review/2026-10-01; research/methods/constraint-crosswalk-independent-review.md
SPEC §4.9 L481 Complete archives self-contained,541d2419d1da48e05e14cadf5a93017f9d830a953e96a7611a93b1dfc781770e,HC-xx,HC-09,Public SPEC §4.9 maps to registered HC-09; exact claim remains subject to independent review.,"B01 constraint-classification session, 2026-10-01",policy_review/2026-10-01; research/methods/constraint-crosswalk-independent-review.md
SPEC §4.9 L481 no external dependency structural for Complete archives,e14b588f73da77c4c157e9fc1cc6b2408334f3fb79e42aa7c2a75c885f8c3fab,HC-xx,HC-09,Public SPEC §4.9 maps to registered HC-09; exact claim remains subject to independent review.,"B01 constraint-classification session, 2026-10-01",policy_review/2026-10-01; research/methods/constraint-crosswalk-independent-review.md
SPEC §4.9 compact-manifest must be an incompat feature,2bb044a093db2bc3abdaa19a9fa2305ff0d828112aae8a5dd1c8b1a300dc2ecb,HC-xx,HC-04,A compact-manifest decoder change must fail closed as an incompatible feature under HC-04.,"B01 constraint-classification session, 2026-10-01",policy_review/2026-10-01; research/methods/constraint-crosswalk-independent-review.md
SPEC §5.2 L524 / §26.4 row 22 ordering is format-visible and deterministic,72f179125664c5059dcfa6b0b6dbd1e31613a688a0c74e3557cca017b0559b28,HC-xx,HC-13,"Restates the objective HC-13 obligation; candidate screen is its MVT, not this wording alone.","B01 constraint-classification session, 2026-10-01",policy_review/2026-10-01; research/methods/constraint-crosswalk-independent-review.md
"SPEC §5.2 categorise by bytes, never extension",b0cfde3dd411f85033a35b1f9084a76b388056293a3a021f6bbd33c9e7192ca9,F-xx,F-03,Planner content classification is pinned within the registered planner contract F-03.,"B01 constraint-classification session, 2026-10-01",policy_review/2026-10-01; research/methods/constraint-crosswalk-independent-review.md
SPEC §5.2 recognise by bytes not extensions,53398e9d9c6574f402cebcfbade17a23d164976bb1066210476f67e29f35f34b,F-xx,F-03,Planner content classification is pinned within the registered planner contract F-03.,"B01 constraint-classification session, 2026-10-01",policy_review/2026-10-01; research/methods/constraint-crosswalk-independent-review.md
SPEC §5.3 long window is a declared decoder requirement,a7867ea9368c6130c24425eb8b3eb9856b788fe015ed0fa71f4ae09a958ae81b,HC-xx,HC-06,A long decode window is admitted only as a declared bounded resource requirement.,"B01 constraint-classification session, 2026-10-01",policy_review/2026-10-01; research/methods/constraint-crosswalk-independent-review.md
SPEC §5.4 constrained objective shape fixed,53117e4a6f481df9bb22fa8f41b4de649fac9ea28a9d7f5ba30e016ea3d76b88,DECISION_INPUT,,"Scope, status-quo fact, or design input with no exact registered HC/F screen in this label.","B01 constraint-classification session, 2026-10-01",policy_review/2026-10-01; research/methods/constraint-crosswalk-independent-review.md
SPEC §5.5 Structural class invertible by construction,60a7e5d947a049e95deecbd43dc653931eae82687bfc8f161d5845f298318759,HC-xx,HC-02,Public SPEC §5.5 maps to registered HC-02; exact claim remains subject to independent review.,"B01 constraint-classification session, 2026-10-01",policy_review/2026-10-01; research/methods/constraint-crosswalk-independent-review.md
SPEC §5.5 substitutive transforms prohibited,bece1c381f3a72b8f555a0d5968c46dbb1d3c9449f5c5e22f8062f24156c2eec,HC-xx,HC-02,Public SPEC §5.5 maps to registered HC-02; exact claim remains subject to independent review.,"B01 constraint-classification session, 2026-10-01",policy_review/2026-10-01; research/methods/constraint-crosswalk-independent-review.md
SPEC §5.7 L600 (planner IDs bound to pinned encoders),e8cc89ccdd504b8f8dd20597ae72d4f7059a574424406069ba1001a367c95bb4,F-xx,F-03,Public SPEC §5.7 maps to registered F-03; exact claim remains subject to independent review.,"B01 constraint-classification session, 2026-10-01",policy_review/2026-10-01; research/methods/constraint-crosswalk-independent-review.md
SPEC §5.7 L606 clustering fixed by planner ID,ebb7cfbfb42db02c9c8cda9c5f3dcd0140dbe6de836c4669b02bd7923fd89d3c,F-xx,F-03,Public SPEC §5.7 maps to registered F-03; exact claim remains subject to independent review.,"B01 constraint-classification session, 2026-10-01",policy_review/2026-10-01; research/methods/constraint-crosswalk-independent-review.md
SPEC §5.7 L606 deterministic planner fixed by planner ID,6edf6e85d0e8f3557b5889575c8e001350d97e73d6d4b4255c0689250955f5e0,F-xx,F-03,Public SPEC §5.7 maps to registered F-03; exact claim remains subject to independent review.,"B01 constraint-classification session, 2026-10-01",policy_review/2026-10-01; research/methods/constraint-crosswalk-independent-review.md
SPEC §5.7 L606 dictionary sample selection fixed by planner ID,6fe59dd310beb86c811242068aecfea238b633327f687ef0dc544168145434c6,F-xx,F-03,Public SPEC §5.7 maps to registered F-03; exact claim remains subject to independent review.,"B01 constraint-classification session, 2026-10-01",policy_review/2026-10-01; research/methods/constraint-crosswalk-independent-review.md
SPEC §5.7 L606 planner behaviour fixed by planner ID,c9f2fd0ff87625354d00cc7b2647010d73bdc67af8144d7bfd00e10735ba242b,F-xx,F-03,Public SPEC §5.7 maps to registered F-03; exact claim remains subject to independent review.,"B01 constraint-classification session, 2026-10-01",policy_review/2026-10-01; research/methods/constraint-crosswalk-independent-review.md
SPEC §5.7 archive records the planner ID that produced it,320520806c30608733412658485619c33832f23663e636ddbf98b1f6c66c9457,F-xx,F-03,Public SPEC §5.7 maps to registered F-03; exact claim remains subject to independent review.,"B01 constraint-classification session, 2026-10-01",policy_review/2026-10-01; research/methods/constraint-crosswalk-independent-review.md
"SPEC §5.7 budgets in deterministic units, never seconds",c9e06ac3ac9f80687c3e8509b53c71cfbe1825a1803ae15c150563926355f68a,F-xx,F-03,Public SPEC §5.7 maps to registered F-03; exact claim remains subject to independent review.,"B01 constraint-classification session, 2026-10-01",policy_review/2026-10-01; research/methods/constraint-crosswalk-independent-review.md
"SPEC §5.7 determinism: no timing, floating point or environment dependence",c22ea6d8acc59351f57bf029fd732e0c6209ba313e2ab54bc06b04b8925fcf01,F-xx,F-03,Public SPEC §5.7 maps to registered F-03; exact claim remains subject to independent review.,"B01 constraint-classification session, 2026-10-01",policy_review/2026-10-01; research/methods/constraint-crosswalk-independent-review.md
SPEC §5.7 deterministic mode reads no environment,ed8915d4167dad36ab79ee8704a55bf3dd7447ff65a1b216be3f3a2c2e228054,F-xx,F-03,Public SPEC §5.7 maps to registered F-03; exact claim remains subject to independent review.,"B01 constraint-classification session, 2026-10-01",policy_review/2026-10-01; research/methods/constraint-crosswalk-independent-review.md
SPEC §5.7 deterministic mode reads only declared values,6b2c2506d952969949e1e569e3e5e7d83e5564f73ffacbcc62fe97eb237823fe,F-xx,F-03,Public SPEC §5.7 maps to registered F-03; exact claim remains subject to independent review.,"B01 constraint-classification session, 2026-10-01",policy_review/2026-10-01; research/methods/constraint-crosswalk-independent-review.md
SPEC §5.7 exact arithmetic in deterministic mode,ea35ea8989abccb2354323e3281cab9494933b72a64a0060fcff408b0c06834a,F-xx,F-03,Public SPEC §5.7 maps to registered F-03; exact claim remains subject to independent review.,"B01 constraint-classification session, 2026-10-01",policy_review/2026-10-01; research/methods/constraint-crosswalk-independent-review.md
SPEC §5.7 historical archives remain decodable,c5fdf16f3918d460e68fe0c8aba9ba80e3f0589f8b45b9c898ea67e702d07434,F-xx,F-03,Public SPEC §5.7 maps to registered F-03; exact claim remains subject to independent review.,"B01 constraint-classification session, 2026-10-01",policy_review/2026-10-01; research/methods/constraint-crosswalk-independent-review.md
SPEC §5.7 planner ID pins encoder versions,a5d776191995cff6103cd5170b7148398ca9e3e63f40ca51c77412b0f0c6ec22,F-xx,F-03,Public SPEC §5.7 maps to registered F-03; exact claim remains subject to independent review.,"B01 constraint-classification session, 2026-10-01",policy_review/2026-10-01; research/methods/constraint-crosswalk-independent-review.md
SPEC §5.7 planner ID pins encoder versions; changes mint new IDs,5861e0d7ec6d30e91ca1cc037ec651408a0093c31a8ba2738a1d26d14c3d040c,F-xx,F-03,Public SPEC §5.7 maps to registered F-03; exact claim remains subject to independent review.,"B01 constraint-classification session, 2026-10-01",policy_review/2026-10-01; research/methods/constraint-crosswalk-independent-review.md
SPEC §5.7 planner IDs frozen; historical IDs remain decodable,a26d8eebf8d71ea8d6161b08812dfc67c513c920167f0efc196213a5820a3f17,F-xx,F-03,Explicit fixed behavior within objective Appendix B F-03.,"B01 constraint-classification session, 2026-10-01",policy_review/2026-10-01; research/methods/constraint-crosswalk-independent-review.md
SPEC §5.7: deterministic mode output independent of thread count,0c0b00aefd7f8f771df5cd1bb904a63d46d461100a19fbcd17a4a364c83fdb70,F-xx,F-03,Public SPEC §5.7 maps to registered F-03; exact claim remains subject to independent review.,"B01 constraint-classification session, 2026-10-01",policy_review/2026-10-01; research/methods/constraint-crosswalk-independent-review.md
"SPEC §5.7a L623 one open, one read",0a247cdb3d3e40425b70f858bc46405118f3358e4ed2e4e958c34e1848a7af3e,HC-xx,HC-07,Consistent source capture is explicitly part of HC-07's mechanical oracle.,"B01 constraint-classification session, 2026-10-01",policy_review/2026-10-01; research/methods/constraint-crosswalk-independent-review.md
SPEC §5.7a unstable file never included silently,d71aafb5a8d7825b411ebd3875bbbbfde2e17b049856723af99d853eb426024f,HC-xx,HC-07,Consistent source capture is explicitly part of HC-07's mechanical oracle.,"B01 constraint-classification session, 2026-10-01",policy_review/2026-10-01; research/methods/constraint-crosswalk-independent-review.md
SPEC §5.7a writer produces a consistent archive or declares it could not,8614118b1d9d4ff1e7cc952c3438ce5be6ee1eb53b91d8cf7829caaad88b0c66,HC-xx,HC-07,Consistent source capture is explicitly part of HC-07's mechanical oracle.,"B01 constraint-classification session, 2026-10-01",policy_review/2026-10-01; research/methods/constraint-crosswalk-independent-review.md
"SPEC §5.8 baseline admission criteria (licence, independent normative spec, test vectors, declarable decode memory, tractable second implementation)",548c864bcbd279c17e76f02f683c210e32af8c702a7c3ed96571e4b91b3c217c,HC-xx,HC-12,Public SPEC §5.8 maps to registered HC-12; exact claim remains subject to independent review.,"B01 constraint-classification session, 2026-10-01",policy_review/2026-10-01; research/methods/constraint-crosswalk-independent-review.md
"SPEC §5.8 baseline codec criteria (normative spec independent of implementation, vectors, second implementation tractable)",eb7f2cfc6a5e9116388e1f140dec87c2cd7e164c510aca4aea708c0c2061cbd5,HC-xx,HC-12,Public SPEC §5.8 maps to registered HC-12; exact claim remains subject to independent review.,"B01 constraint-classification session, 2026-10-01",policy_review/2026-10-01; research/methods/constraint-crosswalk-independent-review.md
SPEC §5.8 criteria (second implementation relaxed for extended),e9b2d91e0900ca693e9cdeb5502bcf035bb1d415ccf68a727211050b161aea64,HC-xx,HC-12,Public SPEC §5.8 maps to registered HC-12; exact claim remains subject to independent review.,"B01 constraint-classification session, 2026-10-01",policy_review/2026-10-01; research/methods/constraint-crosswalk-independent-review.md
SPEC §5.8 extended set requires normative reference and test vectors,1df8244bdebb4340fdbd0aac6bd33f113086defed4daa04e4f7c8a7a381c957d,HC-xx,HC-12,Public SPEC §5.8 maps to registered HC-12; exact claim remains subject to independent review.,"B01 constraint-classification session, 2026-10-01",policy_review/2026-10-01; research/methods/constraint-crosswalk-independent-review.md
SPEC §5.8 registries with reserved ranges,ee340e761dac00e72625ffc6f453cc852c5ea48d45f812d0d1c7e003fffc6495,HC-xx,HC-04;HC-16,Closed registry admission fails unknown IDs (HC-04) and preserves assigned/reserved ID meaning (HC-16).,"B01 constraint-classification session, 2026-10-01",policy_review/2026-10-01; research/methods/constraint-crosswalk-independent-review.md
SPEC §6.0 profiles are creation-time only,830c0abcf490fccaf3c3c7d5810f55d060da4c3785aa659c53b34d18f1c7540e,F-xx,F-05,Creation profiles cannot become decoder requirements under registered profile freeze F-05.,"B01 constraint-classification session, 2026-10-01",policy_review/2026-10-01; research/methods/constraint-crosswalk-independent-review.md
SPEC §6.0a L666 dictionary_policy none|supplied|train-if-measured-to-pay,dac46bfc2517ed51adb45286832a3b6b406b2f159a654c3407e4d345f5a21156,DECISION_INPUT,,"Scope, status-quo fact, or design input with no exact registered HC/F screen in this label.","B01 constraint-classification session, 2026-10-01",policy_review/2026-10-01; research/methods/constraint-crosswalk-independent-review.md
"SPEC §6.0a L673 archives record requirements, not profile names",604202c5d4ef345173e9c53486d94113ee6ddc662fb800173b8e6f4a208ec8db,F-xx,F-05,F-05 records decoder requirements rather than a creation-profile name.,"B01 constraint-classification session, 2026-10-01",policy_review/2026-10-01; research/methods/constraint-crosswalk-independent-review.md
SPEC §6.0a compress_budget and evaluation_mode parameters,74188784c255272321392a5fd8568392b99dc1cde6db7836d56b49075bbbc6a2,DECISION_INPUT,,"Toolchain or profile design parameter, not a candidate HC/F screen.","B01 constraint-classification session, 2026-10-01",policy_review/2026-10-01; research/methods/constraint-crosswalk-independent-review.md
SPEC §6.0a fixed thirteen-parameter set,dbac22dbffb3d26a02a841c96db8bf16db1176689e69b4b16eabc53643ab4170,DECISION_INPUT,,"Scope, status-quo fact, or design input with no exact registered HC/F screen in this label.","B01 constraint-classification session, 2026-10-01",policy_review/2026-10-01; research/methods/constraint-crosswalk-independent-review.md
"SPEC §6.0a max_decode_window recorded, never a codec default",af59edd4f21af59a21aa9af58e796dc7503038c39a884122a60bbf5ccac4b049,HC-xx,HC-06,Decoder requirement must be declared and bounded under HC-06.,"B01 constraint-classification session, 2026-10-01",policy_review/2026-10-01; research/methods/constraint-crosswalk-independent-review.md
SPEC §6.0a min_decode_rate per core on declared reference machine,0e0db56b6cf64ca3e3fbb9b111bfd63417e349ace5f70287a6b8af6a3715add2,DECISION_INPUT,,"Scope, status-quo fact, or design input with no exact registered HC/F screen in this label.","B01 constraint-classification session, 2026-10-01",policy_review/2026-10-01; research/methods/constraint-crosswalk-independent-review.md
SPEC §6.1-6.4 profile behavioural definitions,b7affd88c9c7a24ebfb35f6a439b21d7236b2419656e15d67c397cd72f793ba0,DECISION_INPUT,,"Scope, status-quo fact, or design input with no exact registered HC/F screen in this label.","B01 constraint-classification session, 2026-10-01",policy_review/2026-10-01; research/methods/constraint-crosswalk-independent-review.md
SPEC §6.2 L707 balanced lookback 0 by default,00cc6ae2f06d9b6535c0f807f904fef497a4a584ff64dd428a2abc1eb5816bf3,F-xx,F-03,Frozen planner profile default is in F-03; HC-09 separately bounds any declared lookback.,"B01 constraint-classification session, 2026-10-01",policy_review/2026-10-01; research/methods/constraint-crosswalk-independent-review.md
"SPEC §6.2 balanced is default (frozen, open to evidence)",9001e90b48571aa17e8422e8386ba2c2e2679bd1e3e82f74c48f3952590f4783,DECISION_INPUT,,Current default is expressly open to evidence; no immutable identifier behavior is asserted.,"B01 constraint-classification session, 2026-10-01",policy_review/2026-10-01; research/methods/constraint-crosswalk-independent-review.md
SPEC §6.4 decode requirements bounded,39edb1ec79930e4145d78dac72203a1d57ed8307636e93ab4e03c7ad8d9c5a8a,HC-xx,HC-06,Public SPEC §6.4 maps to registered HC-06; exact claim remains subject to independent review.,"B01 constraint-classification session, 2026-10-01",policy_review/2026-10-01; research/methods/constraint-crosswalk-independent-review.md
"SPEC §6.4 decode requirements declared, bounded and validated",75e496e377242164dfae4f529e7b20384dd37bd37658c6bd702d6850eeeecd8c,HC-xx,HC-06,Public SPEC §6.4 maps to registered HC-06; exact claim remains subject to independent review.,"B01 constraint-classification session, 2026-10-01",policy_review/2026-10-01; research/methods/constraint-crosswalk-independent-review.md
SPEC §6.4 extreme decode requirements bounded,ff2c6f3cbcce0808d6413c92368b68bab1dc5b30336332ee4364e0256f3c8249,HC-xx,HC-06,Public SPEC §6.4 maps to registered HC-06; exact claim remains subject to independent review.,"B01 constraint-classification session, 2026-10-01",policy_review/2026-10-01; research/methods/constraint-crosswalk-independent-review.md
SPEC §6.4 extreme decode requirements declared and bounded,85b8e286b29053031408cb5458572947f09faf330e4a2d775ffce8d575e3573c,HC-xx,HC-06,Public SPEC §6.4 maps to registered HC-06; exact claim remains subject to independent review.,"B01 constraint-classification session, 2026-10-01",policy_review/2026-10-01; research/methods/constraint-crosswalk-independent-review.md
SPEC §6.5 L755 losslessness scoped to Complete,36797cbba872674c0fd2c8a8967671a1cf6d65a591fd556ac1a868ab683782c3,HC-xx,HC-02,"Restates the objective HC-02 obligation; candidate screen is its MVT, not this wording alone.","B01 constraint-classification session, 2026-10-01",policy_review/2026-10-01; research/methods/constraint-crosswalk-independent-review.md
"SPEC §7.2 L784 / §5.2 L522 exact chunk dedup always on, reach declared",36b4c138eaf826aa7c03d8c89f95e08b463121325ee9bccb793cee35a8ae4449,F-xx,F-04,Public SPEC §7.2 maps to registered F-04; exact claim remains subject to independent review.,"B01 constraint-classification session, 2026-10-01",policy_review/2026-10-01; research/methods/constraint-crosswalk-independent-review.md
SPEC §7.2 L790 cross-archive and cross-tenant dedup rejected,a8d45f29b6b5eb57654659b6bc06c7c519df919c01d2610911aff344406ef37f,F-xx,F-04,Public SPEC §7.2 maps to registered F-04; exact claim remains subject to independent review.,"B01 constraint-classification session, 2026-10-01",policy_review/2026-10-01; research/methods/constraint-crosswalk-independent-review.md
SPEC §7.2 L792 fixed-size blocking rejected,6d03f0664759ec2dcc11c1d734b9ab70dd5c0377154010716064b0338564fa1a,F-xx,F-04,Public SPEC §7.2 maps to registered F-04; exact claim remains subject to independent review.,"B01 constraint-classification session, 2026-10-01",policy_review/2026-10-01; research/methods/constraint-crosswalk-independent-review.md
SPEC §7.3 L794-796 chunking parameters recorded in the archive,b3d1847e13353f7a89e162ef042e6cc6a0cb108e1b10cb5a24cfbbae1bcb0b57,F-xx,F-04,Public SPEC §7.3 maps to registered F-04; exact claim remains subject to independent review.,"B01 constraint-classification session, 2026-10-01",policy_review/2026-10-01; research/methods/constraint-crosswalk-independent-review.md
SPEC §7.3 L800 normalised chunking required,998e57d1271ab85946b51a73cc6e22c524b5eb607cc2de3ed404ef34dd7ba8c1,F-xx,F-04,Public SPEC §7.3 maps to registered F-04; exact claim remains subject to independent review.,"B01 constraint-classification session, 2026-10-01",policy_review/2026-10-01; research/methods/constraint-crosswalk-independent-review.md
SPEC §7.3 L803 / §25.1 row 6 partial-feature boundary-skipping variants excluded,3503f5edb0b20acc14c2439b1feea39512e2302f0e1741fc75f029b5569571cc,F-xx,F-04,Public SPEC §7.3 maps to registered F-04; exact claim remains subject to independent review.,"B01 constraint-classification session, 2026-10-01",policy_review/2026-10-01; research/methods/constraint-crosswalk-independent-review.md
SPEC §7.3 chunker versioned and declared,20ac5c3c4608e0371293d726cecfacf996d7b0d3be136f53316aebe708078eea,F-xx,F-04,Public SPEC §7.3 maps to registered F-04; exact claim remains subject to independent review.,"B01 constraint-classification session, 2026-10-01",policy_review/2026-10-01; research/methods/constraint-crosswalk-independent-review.md
SPEC §7.4 range-addressable without full residency,fb6b3f1491064a3e1c02a745b2c4a1cc60b3ea9915ad32ac7a02feaf0ee269e0,HC-xx,HC-06,Range-addressable metadata must avoid unbounded full residency under HC-06.,"B01 constraint-classification session, 2026-10-01",policy_review/2026-10-01; research/methods/constraint-crosswalk-independent-review.md
SPEC §7.5 L824 max_lookback 0 default for fast and balanced (parallel-decode claim §13.2),1a014e3b975a2a702b8e8c1d220dd9e6a86c9f0640c233c333c2f6e73301a624,F-xx,F-03,Public SPEC §7.5 maps to registered F-03; exact claim remains subject to independent review.,"B01 constraint-classification session, 2026-10-01",policy_review/2026-10-01; research/methods/constraint-crosswalk-independent-review.md
SPEC §7.5 L829 versus §8.7 L986,860d0f379f076356195d2282acbc260ce861e425ef07000e0f2e02833b1cf1fa,F-xx,F-03,Public SPEC §7.5 maps to registered F-03; exact claim remains subject to independent review.,"B01 constraint-classification session, 2026-10-01",policy_review/2026-10-01; research/methods/constraint-crosswalk-independent-review.md
"SPEC §7.6 L844: encrypted archives pad by default with bounded, declared cost",26fc0e63b4daf4f747bcdf553ac2ff43e3ec8c5e0958ddf395e6dea3ba1a8dbb,F-xx,F-12,Public SPEC §7.6 maps to registered F-12; exact claim remains subject to independent review.,"B01 constraint-classification session, 2026-10-01",policy_review/2026-10-01; research/methods/constraint-crosswalk-independent-review.md
"SPEC §7.6 L848: padding, not boundary secret, is relied upon",51168b628ab362ac25ac22312a3a97930c26d1f45989addaa2c47b5e994ea6af,F-xx,F-12,Public SPEC §7.6 maps to registered F-12; exact claim remains subject to independent review.,"B01 constraint-classification session, 2026-10-01",policy_review/2026-10-01; research/methods/constraint-crosswalk-independent-review.md
"SPEC §7.6 L852: I24 is a design objective, not a delivered proof",b4e3c3f61aa41edbfb3906005f5b514b5edad4fe04a5098723ea059924718881,DECISION_INPUT,,SPEC distinguishes an aspiration from a delivered privacy proof; HC-14 retains the mechanical floor.,"B01 constraint-classification session, 2026-10-01",policy_review/2026-10-01; research/methods/constraint-crosswalk-independent-review.md
SPEC §8.0 every metadata byte under LAI or AUX,ce11ddb32ed22e5b3e899bcf128ce66e74f40ef9ba78bd39ab72d3727d0bfde3,HC-xx,HC-10,Public SPEC §8.0 maps to registered HC-10; exact claim remains subject to independent review.,"B01 constraint-classification session, 2026-10-01",policy_review/2026-10-01; research/methods/constraint-crosswalk-independent-review.md
SPEC §8.0 every metadata byte under exactly one of LAI or AUX,36cc74e654fbaa87d5644440988005087bf0bae7cfa8dc4172628e60de3e1001,HC-xx,HC-10,Public SPEC §8.0 maps to registered HC-10; exact claim remains subject to independent review.,"B01 constraint-classification session, 2026-10-01",policy_review/2026-10-01; research/methods/constraint-crosswalk-independent-review.md
SPEC §8.0 identity table,227a689ebc73431ca9530341714ca5ac8ab1b5af1ec6aac28d392a61089c817c,HC-xx,HC-10,Public SPEC §8.0 maps to registered HC-10; exact claim remains subject to independent review.,"B01 constraint-classification session, 2026-10-01",policy_review/2026-10-01; research/methods/constraint-crosswalk-independent-review.md
SPEC §8.0 identity table normative,a1297cc1850dbbc05c5ca614fd674f4c0840a70fce49ba1e33391105d03e8e3f,HC-xx,HC-10,Public SPEC §8.0 maps to registered HC-10; exact claim remains subject to independent review.,"B01 constraint-classification session, 2026-10-01",policy_review/2026-10-01; research/methods/constraint-crosswalk-independent-review.md
SPEC §8.0 minted three-root model,3d220b78c913fa4664f6c645c14469efec5bca28f0aedad81186848d735312f1,HC-xx,HC-10,Public SPEC §8.0 maps to registered HC-10; exact claim remains subject to independent review.,"B01 constraint-classification session, 2026-10-01",policy_review/2026-10-01; research/methods/constraint-crosswalk-independent-review.md
SPEC §8.3 profile id bound into LAI,096d3ea6b1e2afe80907369ef0ccc6f855386a9c29ddc174518aef65e438aa4c,HC-xx,HC-10,Public SPEC §8.3 maps to registered HC-10; exact claim remains subject to independent review.,"B01 constraint-classification session, 2026-10-01",policy_review/2026-10-01; research/methods/constraint-crosswalk-independent-review.md
SPEC §8.5 L963 role in LAI (review-pass fix),2c8eca011d226f318d8330357039ace9774eed74598b60e1809f167898e58b0d,HC-xx,HC-10,Public SPEC §8.5 maps to registered HC-10; exact claim remains subject to independent review.,"B01 constraint-classification session, 2026-10-01",policy_review/2026-10-01; research/methods/constraint-crosswalk-independent-review.md
SPEC §8.5 L963 role participates in LAI,8cbc62b6e7a795ede64b6800687712a60570e3536073b2376852b247e0a460f7,HC-xx,HC-10,Public SPEC §8.5 maps to registered HC-10; exact claim remains subject to independent review.,"B01 constraint-classification session, 2026-10-01",policy_review/2026-10-01; research/methods/constraint-crosswalk-independent-review.md
SPEC §8.5 L965 describes_lai never conflated with own LAI,25e119da4ed82e409cf679857a40ad213386b0e8dea25183a8050d72a097f3a2,HC-xx,HC-10,Public SPEC §8.5 maps to registered HC-10; exact claim remains subject to independent review.,"B01 constraint-classification session, 2026-10-01",policy_review/2026-10-01; research/methods/constraint-crosswalk-independent-review.md
SPEC §8.5 role participates in LAI,47ea2a3f9228953aee8887f2dcdb7c61a32880323ca24ad4280aeebc3fc3d4e9,HC-xx,HC-10,Public SPEC §8.5 maps to registered HC-10; exact claim remains subject to independent review.,"B01 constraint-classification session, 2026-10-01",policy_review/2026-10-01; research/methods/constraint-crosswalk-independent-review.md
SPEC §8.6 L973 length bound into root,3b590e13b7e95bd3c93f5143bad092d522e50dcdcab848dce34f6714344a1ff6,HC-xx,HC-10,Public SPEC §8.6 maps to registered HC-10; exact claim remains subject to independent review.,"B01 constraint-classification session, 2026-10-01",policy_review/2026-10-01; research/methods/constraint-crosswalk-independent-review.md
SPEC §8.6 L975-977 flat digests and Merkle tree both present,bb525dbf9e6cc64623e47d0b228390e58d7231ccf0dd0adfdacda244027b5809,HC-xx,HC-10,Public SPEC §8.6 maps to registered HC-10; exact claim remains subject to independent review.,"B01 constraint-classification session, 2026-10-01",policy_review/2026-10-01; research/methods/constraint-crosswalk-independent-review.md
SPEC §8.6 L975-977 outboard separate from payload; signatures survive index rebuild,5eb1b47927d90ea088393d184ae0b9a5e530899d3f9dc1b2ee052155e40367f5,HC-xx,HC-10,Public SPEC §8.6 maps to registered HC-10; exact claim remains subject to independent review.,"B01 constraint-classification session, 2026-10-01",policy_review/2026-10-01; research/methods/constraint-crosswalk-independent-review.md
"SPEC §8.6 construction rules (domain separation, no padding)",271359cc3703754128eb7fb7b795d682e2a20361208064326fea7bd6953c107f,HC-xx,HC-10,Public SPEC §8.6 maps to registered HC-10; exact claim remains subject to independent review.,"B01 constraint-classification session, 2026-10-01",policy_review/2026-10-01; research/methods/constraint-crosswalk-independent-review.md
"SPEC §8.6 domain-separated leaves/nodes, no padding",40893897c7b02d2cb5bb8dd569c3247527fe2d942317b8130daae695a5d0487d,HC-xx,HC-10,Public SPEC §8.6 maps to registered HC-10; exact claim remains subject to independent review.,"B01 constraint-classification session, 2026-10-01",policy_review/2026-10-01; research/methods/constraint-crosswalk-independent-review.md
"SPEC §8.8 one digest per format version, no negotiation",47043d1782273530fbeacec4fb4514a16d2f6af122c650216f17da891c311b1f,HC-xx,HC-10,Public SPEC §8.8 maps to registered HC-10; exact claim remains subject to independent review.,"B01 constraint-classification session, 2026-10-01",policy_review/2026-10-01; research/methods/constraint-crosswalk-independent-review.md
SPEC §8.8: one digest per format version,b1905a50a07e766bc947b0af3e0e2e14fc5137367dd6beb1543e16f5983445db,HC-xx,HC-10,Public SPEC §8.8 maps to registered HC-10; exact claim remains subject to independent review.,"B01 constraint-classification session, 2026-10-01",policy_review/2026-10-01; research/methods/constraint-crosswalk-independent-review.md
SPEC §9.10 L1173 future forgery addressed by re-signing,acdea026e0761cd3903e0d93d413ffa48f2dfbecccca54035c108eef70a0a782,F-xx,F-13,Crypto or signature semantics already registered in objective Appendix B F-13.,"B01 constraint-classification session, 2026-10-01",policy_review/2026-10-01; research/methods/constraint-crosswalk-independent-review.md
SPEC §9.10 L1177 no PQ recipients mixed with classical-only recipients,64ebe5766004f047fea3b63df3db5ece55fb6f4279bcafd08b5d5f3a35e2be3a,F-xx,F-12,Hybrid-only recipient policy is fixed in the crypto-v1 suite F-12.,"B01 constraint-classification session, 2026-10-01",policy_review/2026-10-01; research/methods/constraint-crosswalk-independent-review.md
SPEC §9.10 L1177 no PQ recipients with classical-only recipients,81c34633d3f451547a013cc55980931e9581f0b3d4aa99483cc2d3c018647350,F-xx,F-12,Hybrid-only recipient policy is fixed in the crypto-v1 suite F-12.,"B01 constraint-classification session, 2026-10-01",policy_review/2026-10-01; research/methods/constraint-crosswalk-independent-review.md
SPEC §9.10 hybrid PQ KEM mandatory from v1,758d0fef7c7802ca4f21c2b1cedb7db1609081c63d7322b27c2e5e38bb8bf5c1,F-xx,F-12,Mandatory hybrid KEM is a crypto-v1 suite rule in F-12.,"B01 constraint-classification session, 2026-10-01",policy_review/2026-10-01; research/methods/constraint-crosswalk-independent-review.md
SPEC §9.11 L1183 inspect reports whether parameters meet current guidance,1915d40f183fcccf0bba864481161a3f8fd4547588c41e489b8a603daa19f0f4,DECISION_INPUT,,"Current-guidance reporting is a UI/design input, not a fixed crypto-v1 wire parameter.","B01 constraint-classification session, 2026-10-01",policy_review/2026-10-01; research/methods/constraint-crosswalk-independent-review.md
SPEC §9.11 L1185 password recipient never combined with stronger recipient types,039488fd663c8d7bb73cad5a606cc164bdd43e80f03c3db25d4c1b287efdc811,F-xx,F-12,Crypto or signature semantics already registered in objective Appendix B F-12.,"B01 constraint-classification session, 2026-10-01",policy_review/2026-10-01; research/methods/constraint-crosswalk-independent-review.md
SPEC §9.11 L1185 password recipient never combined with stronger types,996717d3c5536226112a1b044470aecbc818b6fd276816151ae07aac04539115,F-xx,F-12,Crypto or signature semantics already registered in objective Appendix B F-12.,"B01 constraint-classification session, 2026-10-01",policy_review/2026-10-01; research/methods/constraint-crosswalk-independent-review.md
"SPEC §9.11 password KDF parameters stored, verifiable and biased to the offline high-cost end",8fdd274e24b2346876960eff228be54c59b224e0f48b392e4893553b00981849,F-xx,F-12,Crypto or signature semantics already registered in objective Appendix B F-12.,"B01 constraint-classification session, 2026-10-01",policy_review/2026-10-01; research/methods/constraint-crosswalk-independent-review.md
SPEC §9.11 password recipients supported,25dcdc45581c1a5b26fb8fff71a35e7a7f3464b5cdc010188c95ade011128268,F-xx,F-12,Crypto or signature semantics already registered in objective Appendix B F-12.,"B01 constraint-classification session, 2026-10-01",policy_review/2026-10-01; research/methods/constraint-crosswalk-independent-review.md
SPEC §9.1: authenticated encryption always,1869408add53ca0cb022a469d78ec9d97ef9737e7f7ab517eac9f0b42a0223ef,F-xx,F-12,Crypto or signature semantics already registered in objective Appendix B F-12.,"B01 constraint-classification session, 2026-10-01",policy_review/2026-10-01; research/methods/constraint-crosswalk-independent-review.md
SPEC §9.2 L1019 an archive may carry multiple signatures,6cbc6dee7e3d7575afbe7bda3c1395f3929cb135ee263396cd7644729e2b68c2,F-xx,F-13,Crypto or signature semantics already registered in objective Appendix B F-13.,"B01 constraint-classification session, 2026-10-01",policy_review/2026-10-01; research/methods/constraint-crosswalk-independent-review.md
"SPEC §9.2 one payload suite per format version, never negotiated",92704cc9c06de19f38f9aa8b81f95648ba53306969b1ec000ecd04ea7d0f9f83,F-xx,F-12,Crypto or signature semantics already registered in objective Appendix B F-12.,"B01 constraint-classification session, 2026-10-01",policy_review/2026-10-01; research/methods/constraint-crosswalk-independent-review.md
SPEC §9.3 only a party able to decrypt can add a recipient,76eb257501c54d0bab82c463659228e8d195848b5e26a24e5e8e1151ab330c45,F-xx,F-12,Crypto or signature semantics already registered in objective Appendix B F-12.,"B01 constraint-classification session, 2026-10-01",policy_review/2026-10-01; research/methods/constraint-crosswalk-independent-review.md
"SPEC §9.4 commitment from the construction, verified before decryption",c26da2f72ae81c0232878479a0b3f97d906d52191fa24fc68e1c41ec383cee9c,F-xx,F-12,Crypto or signature semantics already registered in objective Appendix B F-12.,"B01 constraint-classification session, 2026-10-01",policy_review/2026-10-01; research/methods/constraint-crosswalk-independent-review.md
SPEC §9.4 commitment verified before any decryption,2c809d1e267cd30547509b3d233396b662f1dda98eb028dcc494d3979eb935f0,F-xx,F-12,Crypto or signature semantics already registered in objective Appendix B F-12.,"B01 constraint-classification session, 2026-10-01",policy_review/2026-10-01; research/methods/constraint-crosswalk-independent-review.md
SPEC §9.5 L1067: counters far from AEAD limits,753db2ccda84e376a1796dc28ae5ac4d01a2ca98f913f4712dc2fe8b44757e11,F-xx,F-12,Crypto or signature semantics already registered in objective Appendix B F-12.,"B01 constraint-classification session, 2026-10-01",policy_review/2026-10-01; research/methods/constraint-crosswalk-independent-review.md
"SPEC §9.6 L1082 signatures over root descriptors, never container bytes",3fb4843ddb0ee6a834e8a8587b234f3cab1fff5465745c84051b68c72e50459c,F-xx,F-13,Crypto or signature semantics already registered in objective Appendix B F-13.,"B01 constraint-classification session, 2026-10-01",policy_review/2026-10-01; research/methods/constraint-crosswalk-independent-review.md
SPEC §9.6 L1111 content binding must survive migration,4e94b97ba16e2f59afc94493b18ef48e0c4c661961ef4a3db621e4be5f538344,F-xx,F-13,Crypto or signature semantics already registered in objective Appendix B F-13.,"B01 constraint-classification session, 2026-10-01",policy_review/2026-10-01; research/methods/constraint-crosswalk-independent-review.md
SPEC §9.6 L1113 default bindings,eff22e90a3c0a24c1794be7ce185fee4db74371baf24ed02e8001c3a847b4398,F-xx,F-13,Crypto or signature semantics already registered in objective Appendix B F-13.,"B01 constraint-classification session, 2026-10-01",policy_review/2026-10-01; research/methods/constraint-crosswalk-independent-review.md
SPEC §9.6 L1115 addressing binding must not survive audience change,0ab6369962e3167927bd774f29a6c9a23f89cde03345184155941bdc39a7a5af,F-xx,F-13,Crypto or signature semantics already registered in objective Appendix B F-13.,"B01 constraint-classification session, 2026-10-01",policy_review/2026-10-01; research/methods/constraint-crosswalk-independent-review.md
SPEC §9.6 L1115 addressing must not survive audience change,380cfbd0773960483d68dadb756be34c7b093b8dd9be0fff907efb45c0681933,F-xx,F-13,Crypto or signature semantics already registered in objective Appendix B F-13.,"B01 constraint-classification session, 2026-10-01",policy_review/2026-10-01; research/methods/constraint-crosswalk-independent-review.md
SPEC §9.6 L1117 (report invalidated bindings before altering),0ecf39a7b8551ee2439babb656068a0fff0088b00f3fdb4ee558b26468ec48e9,F-xx,F-13,Crypto or signature semantics already registered in objective Appendix B F-13.,"B01 constraint-classification session, 2026-10-01",policy_review/2026-10-01; research/methods/constraint-crosswalk-independent-review.md
SPEC §9.6 L1121 sign then encrypt hides signature and author identity,53a4fd2f14e78d5a36eb25c5cd8ebcadc3e0e650be44d3100672af9d38c02ec2,F-xx,F-13,Crypto or signature semantics already registered in objective Appendix B F-13.,"B01 constraint-classification session, 2026-10-01",policy_review/2026-10-01; research/methods/constraint-crosswalk-independent-review.md
SPEC §9.6 L1123 embedded signatures survive sidecar-dropping transports,09245dbb78dc6c3de8daf333c96b59775938d199d97c77d153d9ff7014de03e0,F-xx,F-13,Crypto or signature semantics already registered in objective Appendix B F-13.,"B01 constraint-classification session, 2026-10-01",policy_review/2026-10-01; research/methods/constraint-crosswalk-independent-review.md
SPEC §9.6 L1125 timestamps recommended,15837dc59d6483b472b3fd6807cc9543f3f85b045eef7596397c33d6fdf40cb9,DECISION_INPUT,,Recommendation about using timestamps is not immutable signature wire or a candidate freeze.,"B01 constraint-classification session, 2026-10-01",policy_review/2026-10-01; research/methods/constraint-crosswalk-independent-review.md
SPEC §9.6 L1125 timestamps recommended because archives outlive certificates,e2e848bc727f042478f53775763a1d69556db7dd5cd75ef93007bf6c5699f6c6,DECISION_INPUT,,"Longevity rationale for recommended timestamps is design input, not an immutable wire rule.","B01 constraint-classification session, 2026-10-01",policy_review/2026-10-01; research/methods/constraint-crosswalk-independent-review.md
SPEC §9.6 L1125 timestamps supported and recommended,b63f09d082bff4d2af9fa6f36a22eb6cff3520aeddb47525c0eed5cd2b86c062,F-xx,F-13,Crypto or signature semantics already registered in objective Appendix B F-13.,"B01 constraint-classification session, 2026-10-01",policy_review/2026-10-01; research/methods/constraint-crosswalk-independent-review.md
SPEC §9.6 L1127 (no attestation format),e766d36a9a3c3ca8fca2d6365778b9f33bae059f317abd199d1b9fa08d2f198e,F-xx,F-13,Crypto or signature semantics already registered in objective Appendix B F-13.,"B01 constraint-classification session, 2026-10-01",policy_review/2026-10-01; research/methods/constraint-crosswalk-independent-review.md
SPEC §9.6 L1127 (no invented attestation format),6d3d8e3c6a71e2c00665be9f1bcb12490847a25c53423857cb9ebb784b583209,F-xx,F-13,Crypto or signature semantics already registered in objective Appendix B F-13.,"B01 constraint-classification session, 2026-10-01",policy_review/2026-10-01; research/methods/constraint-crosswalk-independent-review.md
SPEC §9.6 L1127 (no invented provenance or attestation format),0e58959f86955f53cce4b49844439492c8c603499884e7765ac14827ae6dbd95,F-xx,F-13,Crypto or signature semantics already registered in objective Appendix B F-13.,"B01 constraint-classification session, 2026-10-01",policy_review/2026-10-01; research/methods/constraint-crosswalk-independent-review.md
SPEC §9.6 L1127 attestations keyed to LAI; keyless signing only as optional sidecar,18f3747d40ec5148bb5c620006085364db4adff444720ce067379c57d3a2e8eb,F-xx,F-13,Crypto or signature semantics already registered in objective Appendix B F-13.,"B01 constraint-classification session, 2026-10-01",policy_review/2026-10-01; research/methods/constraint-crosswalk-independent-review.md
SPEC §9.7 L1131-1135,afd871cee9bf48e36429c246696e50960ec46194c8cfd3ed9f801bfb3512e5e1,F-xx,F-12,Crypto or signature semantics already registered in objective Appendix B F-12.,"B01 constraint-classification session, 2026-10-01",policy_review/2026-10-01; research/methods/constraint-crosswalk-independent-review.md
SPEC §9.8 privacy table,b8e0095d93157bfac70478eec16438de03231653e7728ca4afe4fc8516d4b3ec,F-xx,F-12,Crypto or signature semantics already registered in objective Appendix B F-12.,"B01 constraint-classification session, 2026-10-01",policy_review/2026-10-01; research/methods/constraint-crosswalk-independent-review.md
SPEC §9.9 rule 1: one suite per format version,6476932c83c3bf63d4f6f127ac339f90f960e7266fba79c960813989c8f634b4,F-xx,F-12,Crypto or signature semantics already registered in objective Appendix B F-12.,"B01 constraint-classification session, 2026-10-01",policy_review/2026-10-01; research/methods/constraint-crosswalk-independent-review.md
"SPEC §9.9 rule 2 version checked first, no fallback",ce092af8c2f174a07223a33c2800bab71dddbd63a0fe9267fad9e680869fc594,F-xx,F-12,Crypto or signature semantics already registered in objective Appendix B F-12.,"B01 constraint-classification session, 2026-10-01",policy_review/2026-10-01; research/methods/constraint-crosswalk-independent-review.md
SPEC §9.9 rule 4 L1161 recipient stanza is the extensibility seam,d6d6bb5c9fbd8ef6727e12b83e1ca6fca452fa7b65d73d3882636ac208b368bf,F-xx,F-12,Crypto or signature semantics already registered in objective Appendix B F-12.,"B01 constraint-classification session, 2026-10-01",policy_review/2026-10-01; research/methods/constraint-crosswalk-independent-review.md
SPEC §9.9 rule 4 recipient stanza is the only extensibility seam,64781943ba848ee94435bd003ccb419f66ec2c88aa5303f94a918a84146a6364,F-xx,F-12,Crypto or signature semantics already registered in objective Appendix B F-12.,"B01 constraint-classification session, 2026-10-01",policy_review/2026-10-01; research/methods/constraint-crosswalk-independent-review.md
SPEC §9.9 rule 4 recipient stanzas are the only extensibility seam,e42439e3deff3bdf2cc5327e4ed7c7b169f9de9746d42f3fec86c60c858a0df1,F-xx,F-12,Crypto or signature semantics already registered in objective Appendix B F-12.,"B01 constraint-classification session, 2026-10-01",policy_review/2026-10-01; research/methods/constraint-crosswalk-independent-review.md
SPEC §9.9 rule 6 deprecation mechanism in v1,ee992f664b31fd53d0e8a03eb01d3cded34d30bd1ca4bc2c02c31268ef2a580b,F-xx,F-12,Crypto or signature semantics already registered in objective Appendix B F-12.,"B01 constraint-classification session, 2026-10-01",policy_review/2026-10-01; research/methods/constraint-crosswalk-independent-review.md
SPEC §9.9 rule 7 L1164 version and suite identifiers are signed,eed2b8453e5b73b946c8aa092b30b3d9802f0d27d5af75e6db719805d0d2f9c0,F-xx,F-12,Crypto or signature semantics already registered in objective Appendix B F-12.,"B01 constraint-classification session, 2026-10-01",policy_review/2026-10-01; research/methods/constraint-crosswalk-independent-review.md
SPEC §9.9 rules 1 and 3,d16f5f78e2d298c1d16241fdc254068bbad42883654fa844e07f3ab5ff8b9808,F-xx,F-12,Crypto or signature semantics already registered in objective Appendix B F-12.,"B01 constraint-classification session, 2026-10-01",policy_review/2026-10-01; research/methods/constraint-crosswalk-independent-review.md
STREAM MANIFEST_RECORD items follow the data they describe (docs/stream-layout-v1.md L129-143),c25a603753f4fa5e0c90f84dd38d2177c3c228d54156c35870e05b28d0b9a15c,F-xx,F-06,Existing normative implementation contract represented by objective Appendix B F-06.,"B01 constraint-classification session, 2026-10-01",policy_review/2026-10-01; research/methods/constraint-crosswalk-independent-review.md
STREAM layout for pipes (docs/stream-layout-v1.md),56594b1ceb7c744449f23fc662077f1cb18a08c1dcea8093c7975e86f6f443ba,F-xx,F-06,Existing normative implementation contract represented by objective Appendix B F-06.,"B01 constraint-classification session, 2026-10-01",policy_review/2026-10-01; research/methods/constraint-crosswalk-independent-review.md
STREAM layout stays single-pass and seek-free for writers and readers (SPEC §4.1 L363),4e35e3a603d3fc71dd872636bd953081dc05b26161c5f6c10e69f06dc7c883ca,F-xx,F-09,Single-pass seek-free source/sink behavior is registered by F-09.,"B01 constraint-classification session, 2026-10-01",policy_review/2026-10-01; research/methods/constraint-crosswalk-independent-review.md
STREAM ordering rules forbid forward references (docs/stream-layout-v1.md L133-136),4af8ef365caa6a6dac06cb501bdfa1e69a1818a4966069d1e7c4c122fba94008,F-xx,F-06,Existing normative implementation contract represented by objective Appendix B F-06.,"B01 constraint-classification session, 2026-10-01",policy_review/2026-10-01; research/methods/constraint-crosswalk-independent-review.md
Security policy obligations (security-disclosure-policy),50121d895c9cbd6c30c034911c443f3a9c594af7671a2fe2ea22cec7a22e851d,DECISION_INPUT,,"Scope, status-quo fact, or design input with no exact registered HC/F screen in this label.","B01 constraint-classification session, 2026-10-01",policy_review/2026-10-01; research/methods/constraint-crosswalk-independent-review.md
Signatures never bind PCI (docs/signing-key-management-v1.md),fb13edc6273aba491a5dc5e5f2a1e1941c1ac4a0d31723385027e1b11e7526cf,F-xx,F-13,Existing normative implementation contract represented by objective Appendix B F-13.,"B01 constraint-classification session, 2026-10-01",policy_review/2026-10-01; research/methods/constraint-crosswalk-independent-review.md
"Simulated evaluations must be labelled as such (PROGRESS Known blockers, §33 note)",30ee7e4ce898d7fd0d483236a2fd436d2b43693e3f801088f50054e42aa082fc,PROGRAM,,"Program/research governance, evidence policy, or cross-decision handoff; not a candidate HC/freeze screen.","B01 constraint-classification session, 2026-10-01",policy_review/2026-10-01; research/methods/constraint-crosswalk-independent-review.md
"Single authority for directory, sparse and reparse bits (I1)",ca42580c94ab412a788a86f67e0221cf8ac3bfd842f69d0ce426a9d4d3543e24,HC-xx,HC-01,"Restates the objective HC-01 obligation; candidate screen is its MVT, not this wording alone.","B01 constraint-classification session, 2026-10-01",policy_review/2026-10-01; research/methods/constraint-crosswalk-independent-review.md
Six outcome classes (model requirement outcome-classes-six),2ae6f0df95b5c186e501a7c3ad7a0570a91596b212bf791482859c515a8e6cd6,HC-xx,HC-15,"Restates the objective HC-15 obligation; candidate screen is its MVT, not this wording alone.","B01 constraint-classification session, 2026-10-01",policy_review/2026-10-01; research/methods/constraint-crosswalk-independent-review.md
SparseMapV1 types 38/39 (docs/posix-metadata-v1.md L97-103),ed4f60c33b8a4366a4262c243c5c6cc944c3f0ab090ea8f78d46cae27f503312,F-xx,F-17,Existing normative implementation contract represented by objective Appendix B F-17.,"B01 constraint-classification session, 2026-10-01",policy_review/2026-10-01; research/methods/constraint-crosswalk-independent-review.md
Stable usage diagnostic EB_CLI_USAGE (cli_workflow.rs:94-104),4e27eba68d1cf8507aded81b6ca906aebd1195b0647c2bf74f3d5d2c4e1bc901,DECISION_INPUT,,"Scope, status-quo fact, or design input with no exact registered HC/F screen in this label.","B01 constraint-classification session, 2026-10-01",policy_review/2026-10-01; research/methods/constraint-crosswalk-independent-review.md
Standing constraint: platform experiments local/WSL/Docker only; macOS/APFS PLATFORM_BLOCKED,d91c60470a4f74d4dd7c6216a2d27a0801ffefa85659eada0b4654877b1b4bb7,PROGRAM,,"Experiment environment availability is program scope, not a candidate screen.","B01 constraint-classification session, 2026-10-01",policy_review/2026-10-01; research/methods/constraint-crosswalk-independent-review.md
Strict auto-resolves only Omission and validated Refinement (docs/zip-import-v1.md §Strict reconciliation),2bb95d339a5d811f76ed07a17ff1e20c6a17962f345d7ef819a07c0871da13c9,F-xx,F-20,Existing normative implementation contract represented by objective Appendix B F-20.,"B01 constraint-classification session, 2026-10-01",policy_review/2026-10-01; research/methods/constraint-crosswalk-independent-review.md
Strict is the default conversion policy (docs/zip-import-v1.md §CLI),aeee49828f3253a655e569c0bc7e28cdd4672e6a829fc74e94649e00f7c10f72,F-xx,F-20,Existing normative implementation contract represented by objective Appendix B F-20.,"B01 constraint-classification session, 2026-10-01",policy_review/2026-10-01; research/methods/constraint-crosswalk-independent-review.md
Supported 7z coder set frozen (docs/7z-import-v1.md §Streams and graph contract),8a85d23f018dabd88f4f395a5e420ca12cfed4e8b0f6dc473aadbd0fd159c7c3,F-xx,F-21,Explicit fixed behavior within objective Appendix B F-21.,"B01 constraint-classification session, 2026-10-01",policy_review/2026-10-01; research/methods/constraint-crosswalk-independent-review.md
Symlinks created last so they cannot redirect writes (docs/filesystem-fidelity-v1.md L53-54),e898b8878fc4565afb0edb82dfbf74a896943e6f3defd7f0009caa00515cc9ef,F-xx,F-17,Existing normative implementation contract represented by objective Appendix B F-17.,"B01 constraint-classification session, 2026-10-01",policy_review/2026-10-01; research/methods/constraint-crosswalk-independent-review.md
Task 35 obligation to report workloads where Entrybound is not best,c4ca26db8c47faca48bf67d91f7b1ffd74c401b41f939b57c748a249fbc612e9,PROGRAM,,"Program/research governance, evidence policy, or cross-decision handoff; not a candidate HC/freeze screen.","B01 constraint-classification session, 2026-10-01",policy_review/2026-10-01; research/methods/constraint-crosswalk-independent-review.md
Timestamp i64 seconds + u32 nanoseconds (SPEC §10.4 L1253-1255),d8a8a097506518b00d8ac9a5a0397f649a203ab607c3db1b3ed59b332fefe7bb,DECISION_INPUT,,"Scope, status-quo fact, or design input with no exact registered HC/F screen in this label.","B01 constraint-classification session, 2026-10-01",policy_review/2026-10-01; research/methods/constraint-crosswalk-independent-review.md
Timestamp record type 9 precision ids 1-5 (docs/format-v0.md L318),cd4f91252373a4cfb7a980ac3a6cedd633834d5eff2d8e5b6087c7584df6b89b,DECISION_INPUT,,"Scope, status-quo fact, or design input with no exact registered HC/F screen in this label.","B01 constraint-classification session, 2026-10-01",policy_review/2026-10-01; research/methods/constraint-crosswalk-independent-review.md
Unicode Path accepted only if CRC-bound to primary bytes (docs/zip-import-v1.md L35-37),ca904182369e56f083d64c7f0d206e57161c7ecbe0c7ad423b5e1268d4af0959,F-xx,F-20,Existing normative implementation contract represented by objective Appendix B F-20.,"B01 constraint-classification session, 2026-10-01",policy_review/2026-10-01; research/methods/constraint-crosswalk-independent-review.md
V6 vector binds raw password bytes,8498e63ac47de9ff8a729cae4c58888a46bae27d6596836a38b082d86f9aa074,F-xx,F-12,Crypto-v1 password-byte transcript is fixed by the suite and vectors in F-12.,"B01 constraint-classification session, 2026-10-01",policy_review/2026-10-01; research/methods/constraint-crosswalk-independent-review.md
Versioned ZIP compatibility profile identifiers (docs/zip-compatibility-profiles-v1.md),da9cdf516e7cabae33a8ffd882dc35e125ac6d97adc038e62f4b0166693d62c7,F-xx,F-20,Explicit fixed behavior within objective Appendix B F-20.,"B01 constraint-classification session, 2026-10-01",policy_review/2026-10-01; research/methods/constraint-crosswalk-independent-review.md
Versioned planner identifiers fast-v6/balanced-v6/dense-v6/extreme-v6 (planner.rs),4fe5b958bb477abe222e4fe58426a80dfff013a97ba3f7b0ae9fee18e45c7bdc,F-xx,F-03,Explicit fixed behavior within objective Appendix B F-03.,"B01 constraint-classification session, 2026-10-01",policy_review/2026-10-01; research/methods/constraint-crosswalk-independent-review.md
"WindowsReparsePointV1 bound 16,376 bytes and vectors frozen (docs/security-metadata-v1-vectors.txt)",f8b757ba7d406588ec3aafd8a27cd55d2e74f99ac5fa4198a6a28c9ff365873e,F-xx,F-17,Explicit fixed behavior within objective Appendix B F-17.,"B01 constraint-classification session, 2026-10-01",policy_review/2026-10-01; research/methods/constraint-crosswalk-independent-review.md
WindowsReparsePointV1 wire and vectors frozen (docs/security-metadata-v1.md L23-28),829674c9d4fd8ce17ccd48cec4577e8c039f29d413eae1cb6c4e1c5dc6a71a39,F-xx,F-17,Explicit fixed behavior within objective Appendix B F-17.,"B01 constraint-classification session, 2026-10-01",policy_review/2026-10-01; research/methods/constraint-crosswalk-independent-review.md
Workspace unsafe_code = forbid (Cargo.toml:11-12),cc101fcf50dafb5e60ba100e65e6622bbed95d2b31173b188bf8b08e08272e97,F-xx,F-23,Workspace unsafe-code and dependency discipline is registered as F-23.,"B01 constraint-classification session, 2026-10-01",policy_review/2026-10-01; research/methods/constraint-crosswalk-independent-review.md
Workspace unsafe_code = forbid (root Cargo.toml:11-12),414e69e8fafa87ce2744c0d72799cef53d6a3cf77e4fd79b562f0e294f97728c,F-xx,F-23,Workspace unsafe-code and dependency discipline is registered as F-23.,"B01 constraint-classification session, 2026-10-01",policy_review/2026-10-01; research/methods/constraint-crosswalk-independent-review.md
ZIP overlapping extents are Irreconcilable (legacy/zip.rs:2362-2395),19742345252f9b16727ab2c1ed4a4e2ba1e849d0f203b786a4f1ca0622fb89d2,F-xx,F-20,ZIP modeled-divergence refusal is part of the compatibility profile F-20.,"B01 constraint-classification session, 2026-10-01",policy_review/2026-10-01; research/methods/constraint-crosswalk-independent-review.md
access decision inspection-schema-stability-and-redaction,a028ba4714f7fe76a8fefede4cc53712c00881f7d04dd863104b113feb079c2b,DECISION_INPUT,,Cross-decision ownership or scope handoff; no independent R1 screen.,"B01 constraint-classification session, 2026-10-01",policy_review/2026-10-01; research/methods/constraint-crosswalk-independent-review.md
access decision lookback-access-cost-semantics and integrity decision blast-radius-definition-lookback own cost and blast-radius semantics,d49382aa665d6480651aef4478e4160a27cceac81e7ed8a8c4760913bae408a9,DECISION_INPUT,,Cross-decision ownership or scope handoff; no independent R1 screen.,"B01 constraint-classification session, 2026-10-01",policy_review/2026-10-01; research/methods/constraint-crosswalk-independent-review.md
access decision operations-scaling-with-total-plaintext,e2427a2395f3942f91cd69567700a537405a07ed0c4d2d4c36e7a55f19b2d008,DECISION_INPUT,,Cross-decision ownership or scope handoff; no independent R1 screen.,"B01 constraint-classification session, 2026-10-01",policy_review/2026-10-01; research/methods/constraint-crosswalk-independent-review.md
access decision progress-and-cancellation-contract,8a68592d1946721ff76f1cbea583aed6f288258bd9af09db93521a5105cca863,DECISION_INPUT,,Cross-decision ownership or scope handoff; no independent R1 screen.,"B01 constraint-classification session, 2026-10-01",policy_review/2026-10-01; research/methods/constraint-crosswalk-independent-review.md
access decision selective-extraction-v1 (pattern semantics on extraction),389dec16feaaa5e7fc8074e328644ff0a7775ca18a6f1f0e7c41d5ea4e9a4da1,DECISION_INPUT,,Cross-decision ownership or scope handoff; no independent R1 screen.,"B01 constraint-classification session, 2026-10-01",policy_review/2026-10-01; research/methods/constraint-crosswalk-independent-review.md
access decision stream-dedup-window-default-and-units owns STREAM window defaults,87cc2e5486049592b5fb9f96c4eeea012ed47c3bee31b27db3b5629628ae3452,DECISION_INPUT,,Cross-decision ownership or scope handoff; no independent R1 screen.,"B01 constraint-classification session, 2026-10-01",policy_review/2026-10-01; research/methods/constraint-crosswalk-independent-review.md
access decisions access-priority-physical-ordering and stream-frame-order-optimization own hot-set and STREAM order optimisation,8822b90b3954d3ab351db4e3298c3f0f76fee47e955a985f082feecf425e88c4,DECISION_INPUT,,Cross-decision ownership or scope handoff; no independent R1 screen.,"B01 constraint-classification session, 2026-10-01",policy_review/2026-10-01; research/methods/constraint-crosswalk-independent-review.md
access decisions http-server-compatibility-requirements and remote-eager-vs-lazy-download,677f66b5e0d2426d1550d4a1fa715c174bb90dd401b1063bbe8ea61e7c66450d,DECISION_INPUT,,Cross-decision ownership or scope handoff; no independent R1 screen.,"B01 constraint-classification session, 2026-10-01",policy_review/2026-10-01; research/methods/constraint-crosswalk-independent-review.md
access requirement random-read-whole-file-only-no-subrange,eddaa5735da2147e78440e6acb8221646ef3ea818314b05791d849a68178fbfa,DECISION_INPUT,,"Scope, status-quo fact, or design input with no exact registered HC/F screen in this label.","B01 constraint-classification session, 2026-10-01",policy_review/2026-10-01; research/methods/constraint-crosswalk-independent-review.md
all current features are incompat (docs/format-v0.md L255-258),a875c3191405b5d8c8dfba33a3ed384625b680f4e3b08cadf6b05b88751b397b,DECISION_INPUT,,"Scope, status-quo fact, or design input with no exact registered HC/F screen in this label.","B01 constraint-classification session, 2026-10-01",policy_review/2026-10-01; research/methods/constraint-crosswalk-independent-review.md
appended-bytes classification per integrity truncation-classification-state-machine,564609f6830108768961ea47b9f0e394be4b917d65e709a0834c02187227c0ff,HC-xx,HC-15,"Restates the objective HC-15 obligation; candidate screen is its MVT, not this wording alone.","B01 constraint-classification session, 2026-10-01",policy_review/2026-10-01; research/methods/constraint-crosswalk-independent-review.md
archive-diff-v1 tier assignment (docs/archive-diff-v1.md L37-40),8071d0fc0013020c5a3f8c49ad03aa655f018861444096fa2b0b373bf00385aa,F-xx,F-28,Existing normative implementation contract represented by objective Appendix B F-28.,"B01 constraint-classification session, 2026-10-01",policy_review/2026-10-01; research/methods/constraint-crosswalk-independent-review.md
canonical TLV record encoding (docs/format-v0.md §Decisions),b3e8956a4e8749ed29cd3452919f930d88d43b86796bd1fc266c986bb8e3de4c,HC-xx,HC-03,"Restates the objective HC-03 obligation; candidate screen is its MVT, not this wording alone.","B01 constraint-classification session, 2026-10-01",policy_review/2026-10-01; research/methods/constraint-crosswalk-independent-review.md
cap-std =4.0.3 pinned,84efd59dc3a9a84f9e71229ce257a5e18b1042c4828c71f9d450121f997aed5c,DECISION_INPUT,,"Scope, status-quo fact, or design input with no exact registered HC/F screen in this label.","B01 constraint-classification session, 2026-10-01",policy_review/2026-10-01; research/methods/constraint-crosswalk-independent-review.md
chunker.rs:359-373 target is a power of two and 0 < min <= target <= max,4250263b2539659a398078209597a44c713d502da4e48fab360f91a4644c2d00,DECISION_INPUT,,"Scope, status-quo fact, or design input with no exact registered HC/F screen in this label.","B01 constraint-classification session, 2026-10-01",policy_review/2026-10-01; research/methods/constraint-crosswalk-independent-review.md
closed metadata registry (ecf/records.rs:1394-1477),d4bbd09bec572a525b4a40645809f906dd907b45a03f4eb49dbb59f21338d472,HC-xx,HC-04,"Restates the objective HC-04 obligation; candidate screen is its MVT, not this wording alone.","B01 constraint-classification session, 2026-10-01",policy_review/2026-10-01; research/methods/constraint-crosswalk-independent-review.md
codec.rs:24-25 zstandard/v1 window is 1 MiB,d8f62075e26c622751e14f739f12ad63509e87928e2a5ca1f8c9bdb0efa5e575,F-xx,F-03,Registered codec decoder parameters belong to the F-03 codec/planner baseline.,"B01 constraint-classification session, 2026-10-01",policy_review/2026-10-01; research/methods/constraint-crosswalk-independent-review.md
"codec.rs:37-40 registered lookbacks {1,2,4,8}",97a2131b0381733281feebe2c7be61241b3deb7e2de44bdfe7d379ae4a293aff,HC-xx,HC-09,"Restates the objective HC-09 obligation; candidate screen is its MVT, not this wording alone.","B01 constraint-classification session, 2026-10-01",policy_review/2026-10-01; research/methods/constraint-crosswalk-independent-review.md
codec.rs:41-53 allowlist of nine construction strings (-v3..-v5),1923024720f2d07bd465909dc4420015974c20034415d6583dc249327d217af4,F-xx,F-03,Closed dictionary-construction allowlist is a registered planner/transform rule in F-03.,"B01 constraint-classification session, 2026-10-01",policy_review/2026-10-01; research/methods/constraint-crosswalk-independent-review.md
codec.rs:41-53 closed dictionary construction allowlist,d355e834947cafa010e70cd29efd1a25e8bc3a3a846ed58d7d360f5e78d38987,F-xx,F-03,Closed dictionary-construction allowlist is a registered planner/transform rule in F-03.,"B01 constraint-classification session, 2026-10-01",policy_review/2026-10-01; research/methods/constraint-crosswalk-independent-review.md
codec.rs:55-115 closed registry format_version 1 (new modes need registry and feature bits),7f55702afd273cdf8415fafcc4c388dfea442f81f1af8a1a2f60813eedf4992e,HC-xx,HC-04,"Restates the objective HC-04 obligation; candidate screen is its MVT, not this wording alone.","B01 constraint-classification session, 2026-10-01",policy_review/2026-10-01; research/methods/constraint-crosswalk-independent-review.md
compromised host is a non-goal (docs/crypto-threat-model-v1.md L209),341e6ab4b2ddbbe7775a0f0618ea91f0335f91fc1e53128979280f2966826415,DECISION_INPUT,,Threat-model exclusion scopes a claim; it is not a crypto wire freeze.,"B01 constraint-classification session, 2026-10-01",policy_review/2026-10-01; research/methods/constraint-crosswalk-independent-review.md
confinement reported KernelEnforced or WeakerReported (archive.rs),06c5ca60f0e6a96107a230782114b13998e6099d19ba74aec2ff419d33de4b6e,HC-xx,HC-05,"Restates the objective HC-05 obligation; candidate screen is its MVT, not this wording alone.","B01 constraint-classification session, 2026-10-01",policy_review/2026-10-01; research/methods/constraint-crosswalk-independent-review.md
crypto preamble checks MAGIC (crypto/container.rs:1043-1064),274f10fee16b642766f524f065509e0b9f959e7e89c5c05723c534932dc4c0bf,DECISION_INPUT,,"Scope, status-quo fact, or design input with no exact registered HC/F screen in this label.","B01 constraint-classification session, 2026-10-01",policy_review/2026-10-01; research/methods/constraint-crosswalk-independent-review.md
crypto sections 32/33 and STREAM item tags 1-9 frozen,eb72c4a5c13a888009b4e93fe18c4ec21de4aa85d53bc54de82a7d2c86950b8a,F-xx,F-12,Explicit fixed behavior within objective Appendix B F-12.,"B01 constraint-classification session, 2026-10-01",policy_review/2026-10-01; research/methods/constraint-crosswalk-independent-review.md
crypto transcripts bind FORMAT_NAMESPACE and 0.1 (crypto/container.rs:2236-2248),4c1fd83afc964a0175edcc694243ed6d2c4b5e078c0931097271017da5301665,F-xx,F-12,Fixed product contract under objective Appendix B F-12.,"B01 constraint-classification session, 2026-10-01",policy_review/2026-10-01; research/methods/constraint-crosswalk-independent-review.md
crypto-v1 suite frozen (docs/crypto-suite-v1.md),e49ae0b3aed1cfdd1e90247e98f1b088f5c54f7e48fc2541e8598e7d18ef243e,F-xx,F-12,Explicit fixed behavior within objective Appendix B F-12.,"B01 constraint-classification session, 2026-10-01",policy_review/2026-10-01; research/methods/constraint-crosswalk-independent-review.md
crypto-v1 transcripts bind ecf/bootstrap-v1 0.1 (crypto/container.rs:2236-2248),8c22211bb9d9dd3c7e56cf8ca87b00224aded26c6806a1a2fa8fda0cb51d280e,F-xx,F-12,Authenticated crypto transcript namespace is fixed in the F-12 crypto wire contract.,"B01 constraint-classification session, 2026-10-01",policy_review/2026-10-01; research/methods/constraint-crosswalk-independent-review.md
crypto-v1 wire frozen,f237f8095b1a61ce6a67139181d65b62f295c7f2c3dd81f771f8535091424dbc,F-xx,F-12,Explicit fixed behavior within objective Appendix B F-12.,"B01 constraint-classification session, 2026-10-01",policy_review/2026-10-01; research/methods/constraint-crosswalk-independent-review.md
crypto-v1 wire frozen (Complete only),76c496fc6bf8775d98d1939c2ab9f42fdaede7b935e8fb7acddd2fbb23b6b234,F-xx,F-12,Explicit fixed behavior within objective Appendix B F-12.,"B01 constraint-classification session, 2026-10-01",policy_review/2026-10-01; research/methods/constraint-crosswalk-independent-review.md
crypto-v1 wire frozen (SHA-256 transcripts),dc9f493a59042208e8a9f1b8421cd0ce03e00b0989f357a466b15cf0f946752b,F-xx,F-12,Explicit fixed behavior within objective Appendix B F-12.,"B01 constraint-classification session, 2026-10-01",policy_review/2026-10-01; research/methods/constraint-crosswalk-independent-review.md
crypto-v1 wire frozen (bits 0x20-0x1000),055b452030c47b57a7712989c1e5014bdb66984d5c43c50f2ecbd824af27a689,F-xx,F-12,Explicit fixed behavior within objective Appendix B F-12.,"B01 constraint-classification session, 2026-10-01",policy_review/2026-10-01; research/methods/constraint-crosswalk-independent-review.md
crypto-v1 wire frozen (content binding hardcodes identity/v1),763ed6fc0a9ec215945fa06177ef36a09e9c00938de017cc534614a74fad8016,F-xx,F-12,Explicit fixed behavior within objective Appendix B F-12.,"B01 constraint-classification session, 2026-10-01",policy_review/2026-10-01; research/methods/constraint-crosswalk-independent-review.md
crypto-v1 wire frozen (docs/crypto-wire-v1.md),db9969eeff6dc0eac3706f0c01d5cadabeed1606a7117fc5dd6ca22d4339ed20,F-xx,F-12,Explicit fixed behavior within objective Appendix B F-12.,"B01 constraint-classification session, 2026-10-01",policy_review/2026-10-01; research/methods/constraint-crosswalk-independent-review.md
crypto-v1 wire frozen (encrypted archives Complete only),1a9df38820ec6599c216aa129ea21c98baa19308e3231e0818f530cea9929922,F-xx,F-12,Explicit fixed behavior within objective Appendix B F-12.,"B01 constraint-classification session, 2026-10-01",policy_review/2026-10-01; research/methods/constraint-crosswalk-independent-review.md
"crypto-v1 wire frozen (objects may span segments, docs/crypto-wire-v1.md L533-534)",8f1b7dafc1481b7b1c887063afe562cfc1f54ff23bbb1cf41970869b6b4ee47b,F-xx,F-12,Explicit fixed behavior within objective Appendix B F-12.,"B01 constraint-classification session, 2026-10-01",policy_review/2026-10-01; research/methods/constraint-crosswalk-independent-review.md
"crypto-v1 wire frozen (signatures bind LAI/AUX/PCR, not PCI)",3ae03c19bd5eb981c58689fbe3aac177986f30f74ae4356835df3ca0a97b5666,F-xx,F-13,Explicit fixed behavior within objective Appendix B F-13.,"B01 constraint-classification session, 2026-10-01",policy_review/2026-10-01; research/methods/constraint-crosswalk-independent-review.md
crypto-v1 wire frozen: .ebsig is exactly one type-26 record with no wrapper,a6ea0bd00f427a50c388a8f0d52ff64e395e3fb6f6d9a2500812f5800a8356b0,F-xx,F-13,Explicit fixed behavior within objective Appendix B F-13.,"B01 constraint-classification session, 2026-10-01",policy_review/2026-10-01; research/methods/constraint-crosswalk-independent-review.md
crypto-v1 wire frozen: 64 KiB token and derived 16-byte signer id,7b230b3d78e02c73d887fc7771e7dc614647cefd47b44384a16195ec8c6db8f2,F-xx,F-13,Independent signature token and signer-id encoding belongs to F-13.,"B01 constraint-classification session, 2026-10-01",policy_review/2026-10-01; research/methods/constraint-crosswalk-independent-review.md
crypto-v1 wire frozen: CONTENT binding mandatory,c00b399e33ca8b283cd2bbfc264003d2fd3dc6181edd7f6488db9dbba2b83d3e,F-xx,F-13,Signature content binding is registered in F-13.,"B01 constraint-classification session, 2026-10-01",policy_review/2026-10-01; research/methods/constraint-crosswalk-independent-review.md
"crypto-v1 wire frozen: ContentBindingV1 = LAI, AUX, profile, namespace, format version",51ac4f7969a3097f08f001c270ec53790ae12533153575e9c5b0d2c41fbf43b8,F-xx,F-13,ContentBindingV1 signature semantics are registered in F-13.,"B01 constraint-classification session, 2026-10-01",policy_review/2026-10-01; research/methods/constraint-crosswalk-independent-review.md
crypto-v1 wire frozen: PhysicalBindingV1 binds only PCR,2d633f64d0c234bdd0b9d4287fda7923fc257b5f31d70f11c52edd09831a7047,F-xx,F-13,PhysicalBindingV1 signature semantics are registered in F-13.,"B01 constraint-classification session, 2026-10-01",policy_review/2026-10-01; research/methods/constraint-crosswalk-independent-review.md
crypto-v1 wire frozen: bit 0x200 reserved for future unencrypted writers,4add756f5464559a6f567a75893ce25a888bdffd29a080f20322a5e0a1aa07e7,F-xx,F-12,Explicit fixed behavior within objective Appendix B F-12.,"B01 constraint-classification session, 2026-10-01",policy_review/2026-10-01; research/methods/constraint-crosswalk-independent-review.md
crypto-v1 wire frozen: content binding hard-codes identity/v1 and ecf/bootstrap-v1,c1f1824624b8ec2c39701d1f0dd49ce3b38c9ed52255a30e9f8faed410360c62,F-xx,F-12,Explicit fixed behavior within objective Appendix B F-12.,"B01 constraint-classification session, 2026-10-01",policy_review/2026-10-01; research/methods/constraint-crosswalk-independent-review.md
crypto-v1 wire frozen: imprint over record through tag 8; token is tag 9,8dd594ad05fb995137434d3c3c574e4a1c4d006a6e34fdca649b13c1366b2e9e,F-xx,F-13,Signature imprint and token wire fields are registered in F-13.,"B01 constraint-classification session, 2026-10-01",policy_review/2026-10-01; research/methods/constraint-crosswalk-independent-review.md
crypto-v1 wire frozen: messageImprint SHA-256 over record through tag 8,6991e449860c76604571277430aa38ae0fc48abd491461c1682c0c38ae828159,F-xx,F-13,Signature imprint digest scope is registered in F-13.,"B01 constraint-classification session, 2026-10-01",policy_review/2026-10-01; research/methods/constraint-crosswalk-independent-review.md
crypto-v1 wire frozen: no provenance record (docs/crypto-wire-v1.md L478-480),c7e1ae99602172aed59d788d0e4b9f574831e8b4fff7f23529caa6f0c79adfb5,F-xx,F-12,Explicit fixed behavior within objective Appendix B F-12.,"B01 constraint-classification session, 2026-10-01",policy_review/2026-10-01; research/methods/constraint-crosswalk-independent-review.md
crypto-v1 wire frozen: recipient-wrap-ad/v1 has 14 fields without public key,5eea59ed14d9573384d002a561ef292b0e6815f90e811ee672aceaabbf37499c,F-xx,F-12,Explicit fixed behavior within objective Appendix B F-12.,"B01 constraint-classification session, 2026-10-01",policy_review/2026-10-01; research/methods/constraint-crosswalk-independent-review.md
crypto-v1 wire frozen: signature algorithm 1 = pure Ed25519 (docs/crypto-wire-v1.md L78-81),551bf6115fa96b03794620d68fb4a14d238ed0ec19707979a821ad9ca1cc59f7,F-xx,F-13,Explicit fixed behavior within objective Appendix B F-13.,"B01 constraint-classification session, 2026-10-01",policy_review/2026-10-01; research/methods/constraint-crosswalk-independent-review.md
crypto-v1 wire frozen: signer id is derived 16 bytes,2ae958ec1c17ab1728c922e4f76b64bf979e3a22413d9d0cc0bf37b349272820,F-xx,F-13,Derived signer-id encoding is registered in F-13.,"B01 constraint-classification session, 2026-10-01",policy_review/2026-10-01; research/methods/constraint-crosswalk-independent-review.md
declarations only narrow caller limits (docs/random-access-v1.md L38-39),910d1fc5e3bf567519ca3ce20744b3feff70eb684e0e63c3900ea5f3b465ec76,F-xx,F-10,Existing normative implementation contract represented by objective Appendix B F-10.,"B01 constraint-classification session, 2026-10-01",policy_review/2026-10-01; research/methods/constraint-crosswalk-independent-review.md
decoders must not depend on creation profile (CONTRIBUTING.md L67-70),af68742483fcf317ee90271b7f432ad87184a6fb58d450e72513c38acb95e124,F-xx,F-05,Creation profiles do not alter decoder semantics under F-05.,"B01 constraint-classification session, 2026-10-01",policy_review/2026-10-01; research/methods/constraint-crosswalk-independent-review.md
docs/7z-import-v1.md L116-117 production code spawns no runtime,19345fa29a18be5d7e5c572f94b4866f6ea60c5859af3646fd858bc65e1b3313,F-xx,F-21,Existing normative implementation contract represented by objective Appendix B F-21.,"B01 constraint-classification session, 2026-10-01",policy_review/2026-10-01; research/methods/constraint-crosswalk-independent-review.md
docs/7z-import-v1.md L73-76 (current freeze),4044c51557de30b632c4d81f596b3e0585d110054690d7a1f72796a9b0c6b344,F-xx,F-21,Explicit fixed behavior within objective Appendix B F-21.,"B01 constraint-classification session, 2026-10-01",policy_review/2026-10-01; research/methods/constraint-crosswalk-independent-review.md
docs/7z-import-v1.md L80-87 current projection,d1884d96555c37fba9d10d50906829c28cb39b98266dee540f07ba49e8aa9c8a,F-xx,F-21,Existing normative implementation contract represented by objective Appendix B F-21.,"B01 constraint-classification session, 2026-10-01",policy_review/2026-10-01; research/methods/constraint-crosswalk-independent-review.md
docs/7z-import-v1.md multi-volume outside v1,0b38fd257908b59b1d7238e54ff2a531993a054bf7bb1bdb8f647104d67cb6d6,F-xx,F-21,Existing normative implementation contract represented by objective Appendix B F-21.,"B01 constraint-classification session, 2026-10-01",policy_review/2026-10-01; research/methods/constraint-crosswalk-independent-review.md
docs/7z-import-v1.md strict-v1 linear folder contract,0647891ab1253f7e75383ed5cbd6d62803e9fd79a53e21dc40323b4efb5c496b,F-xx,F-21,Existing normative implementation contract represented by objective Appendix B F-21.,"B01 constraint-classification session, 2026-10-01",policy_review/2026-10-01; research/methods/constraint-crosswalk-independent-review.md
docs/7z-import-v1.md: 7z export outside v1,b0a26baf7af511b85e56b68cfa6df406dae129d17edacaa28967daec025687bb,F-xx,F-21,Existing normative implementation contract represented by objective Appendix B F-21.,"B01 constraint-classification session, 2026-10-01",policy_review/2026-10-01; research/methods/constraint-crosswalk-independent-review.md
docs/chunking-v1.md Status L3-6 historical archives must keep opening,275437e621175fc3dc07f45d64d2a8c6fdc503837d4aad712beec5c4a9930d05,F-xx,F-04,Existing normative implementation contract represented by objective Appendix B F-04.,"B01 constraint-classification session, 2026-10-01",policy_review/2026-10-01; research/methods/constraint-crosswalk-independent-review.md
docs/codec-transform-v1.md L95-100 generation limitation,0bdcb42fc4d41097cacc870644232fea63b4859d5f0c06cfefe32bc865874974,F-xx,F-03,Existing normative implementation contract represented by objective Appendix B F-03.,"B01 constraint-classification session, 2026-10-01",policy_review/2026-10-01; research/methods/constraint-crosswalk-independent-review.md
docs/codec-transform-v1.md closed compile-time registries (archive strings cannot select arbitrary code),a3f6fc04aa8dd40aed65256530a7329096d3ea1f38190878a47f7cb94cb56f52,F-xx,F-03,Existing normative implementation contract represented by objective Appendix B F-03.,"B01 constraint-classification session, 2026-10-01",policy_review/2026-10-01; research/methods/constraint-crosswalk-independent-review.md
docs/codec-transform-v1.md transforms only on independent plans,14f22eb707d9cc9780cb8b3e97c49e04524910ad332d45d728c9d200775204c3,F-xx,F-03,Existing normative implementation contract represented by objective Appendix B F-03.,"B01 constraint-classification session, 2026-10-01",policy_review/2026-10-01; research/methods/constraint-crosswalk-independent-review.md
docs/compressed-stream-import-v1.md L27-30,19c70df3dc97836f061a768b3ced720c236c347020588dce6b6b12f6112a44c4,F-xx,F-21,Existing normative implementation contract represented by objective Appendix B F-21.,"B01 constraint-classification session, 2026-10-01",policy_review/2026-10-01; research/methods/constraint-crosswalk-independent-review.md
docs/compressed-stream-import-v1.md L31-35 (current freeze),e280f835a307be2fbdb250941dfab37c56234906c5ec1c06d2f8db8d6c8732f2,F-xx,F-21,Explicit fixed behavior within objective Appendix B F-21.,"B01 constraint-classification session, 2026-10-01",policy_review/2026-10-01; research/methods/constraint-crosswalk-independent-review.md
docs/compressed-stream-import-v1.md L36-39 unsupported filters and checks fail,74515de540f40676226f2c7fcee31ec55a588846cfbcb082a6a2c623f40d82e6,F-xx,F-21,Existing normative implementation contract represented by objective Appendix B F-21.,"B01 constraint-classification session, 2026-10-01",policy_review/2026-10-01; research/methods/constraint-crosswalk-independent-review.md
docs/compressed-stream-import-v1.md L69-71 detection authoritative; --from must agree (current freeze),0768af9230080c713b36ad558f197962e9d1099a897a4a7399641cdfc3298ca3,F-xx,F-21,Explicit fixed behavior within objective Appendix B F-21.,"B01 constraint-classification session, 2026-10-01",policy_review/2026-10-01; research/methods/constraint-crosswalk-independent-review.md
docs/compressed-stream-import-v1.md transport set frozen for v1,d4de0820eb0acbf5047228aef3b62f3b57b29d84ce92fc35720e4997d5310292,F-xx,F-21,Explicit fixed behavior within objective Appendix B F-21.,"B01 constraint-classification session, 2026-10-01",policy_review/2026-10-01; research/methods/constraint-crosswalk-independent-review.md
docs/compressed-tar-export-v1.md compression is physical transport,e6f34fcd3ba96fa8c60ab2af2bf71ef7e166da4060404c726ceb4b600ea2dca6,F-xx,F-22,Existing normative implementation contract represented by objective Appendix B F-22.,"B01 constraint-classification session, 2026-10-01",policy_review/2026-10-01; research/methods/constraint-crosswalk-independent-review.md
docs/compressed-tar-export-v1.md frozen wrapper parameters,7507391f4a9674a38ebc92e584a2e825e728bd67de300a04e0be7f55990c5934,F-xx,F-22,Explicit fixed behavior within objective Appendix B F-22.,"B01 constraint-classification session, 2026-10-01",policy_review/2026-10-01; research/methods/constraint-crosswalk-independent-review.md
docs/compressed-tar-export-v1.md §Frozen wrapper parameters,156fc982bdc8072c39bf7a4bb2d2bd29c82ea9893f4f298737a4af285dee4ee0,F-xx,F-22,Explicit fixed behavior within objective Appendix B F-22.,"B01 constraint-classification session, 2026-10-01",policy_review/2026-10-01; research/methods/constraint-crosswalk-independent-review.md
docs/compressed-tar-export-v1.md §Verification L44-49 encoder completion insufficient,38ee9a03407bbe2718939bbac49ee01a521c325a1f94c5f668d1830d8a19745b,F-xx,F-22,Existing normative implementation contract represented by objective Appendix B F-22.,"B01 constraint-classification session, 2026-10-01",policy_review/2026-10-01; research/methods/constraint-crosswalk-independent-review.md
docs/cross-file-compression-v1.md L52-57 frozen v3 rule (successors need new planner IDs),1a88a02130b10c8e029859089b7378d1e3d133b188a10c4c110ed724de7fcaf4,F-xx,F-03,Cross-file planner version and successor-ID rule is registered in F-03.,"B01 constraint-classification session, 2026-10-01",policy_review/2026-10-01; research/methods/constraint-crosswalk-independent-review.md
docs/cross-file-compression-v1.md L81-88 frozen v3+ physical order (changes need new planner IDs),1948a20dd84e19c5d6a048f35e76f1c8ab98809ad8f99ae590e28028ebc009eb,F-xx,F-03,Cross-file planner physical-order version is registered in F-03.,"B01 constraint-classification session, 2026-10-01",policy_review/2026-10-01; research/methods/constraint-crosswalk-independent-review.md
docs/crypto-implementation-v1.md L217-219 no online TSA,1092b91ac08822651519dcc991a443748bc0f3da8be10848cfe7e3bcb6506267,NON_GOAL,F-25,SPEC §24 excludes key/signing infrastructure and requires offline verification.,"B01 constraint-classification session, 2026-10-01",policy_review/2026-10-01; research/methods/constraint-crosswalk-independent-review.md
docs/crypto-implementation-v1.md L38 (direct crypto dependencies pinned exactly),33d0210398547788cbd142f4897c93c83cf4f887e51949e9fbb33864b18eec6e,F-xx,F-12,Existing normative implementation contract represented by objective Appendix B F-12.,"B01 constraint-classification session, 2026-10-01",policy_review/2026-10-01; research/methods/constraint-crosswalk-independent-review.md
docs/crypto-implementation-v1.md L73-76 no Debug or Display for secrets,d5858c8946d8a30c45dcb5b7fc95e6560b8edd3af38726afcd2e2132168f8944,F-xx,F-16,Secret handling and diagnostics are registered in F-16.,"B01 constraint-classification session, 2026-10-01",policy_review/2026-10-01; research/methods/constraint-crosswalk-independent-review.md
docs/crypto-implementation-v1.md L85-87 EBSK v1 plaintext seed format,1a23d642ad09d4d18dae1568570e7b67e7e58802580108f47282ffae210b48ea,F-xx,F-12,Existing normative implementation contract represented by objective Appendix B F-12.,"B01 constraint-classification session, 2026-10-01",policy_review/2026-10-01; research/methods/constraint-crosswalk-independent-review.md
"docs/crypto-review-v1.md AR-01, AR-02, AR-20",322c913338c6f074bccbad139266a0d4b027b449d4566b2492649d9fdb942fd3,DECISION_INPUT,,"Scope, status-quo fact, or design input with no exact registered HC/F screen in this label.","B01 constraint-classification session, 2026-10-01",policy_review/2026-10-01; research/methods/constraint-crosswalk-independent-review.md
docs/crypto-review-v1.md AR-12 L450: no hidden-sizes claim,135a8311e9362626082cd5ef60563558d88afeda9e3ebae0c87eda4e5cc0408d,DECISION_INPUT,,"Scope, status-quo fact, or design input with no exact registered HC/F screen in this label.","B01 constraint-classification session, 2026-10-01",policy_review/2026-10-01; research/methods/constraint-crosswalk-independent-review.md
docs/crypto-review-v1.md AR-14 crypto v1 INDEXED-only,d6829900251805ca3cfa6daf6401ec374ed278253608bc7d19af5f1b18a8af16,F-xx,F-12,Crypto-v1 layout restriction is fixed by F-12.,"B01 constraint-classification session, 2026-10-01",policy_review/2026-10-01; research/methods/constraint-crosswalk-independent-review.md
docs/crypto-review-v1.md AR-16 L454 verify stored transcript before binding status,4805a1b6c1f8d47857e0328a11750e03b04978b64172a200a63a4fbe03794a20,F-xx,F-13,Signature binding status requires stored-transcript verification under F-13.,"B01 constraint-classification session, 2026-10-01",policy_review/2026-10-01; research/methods/constraint-crosswalk-independent-review.md
docs/crypto-review-v1.md AR-19 no stable public key identifiers,a180c23385a9be3f7c31a5526c76d2a93b44d69b5fc8941f00166ec9561019fb,DECISION_INPUT,,"Scope, status-quo fact, or design input with no exact registered HC/F screen in this label.","B01 constraint-classification session, 2026-10-01",policy_review/2026-10-01; research/methods/constraint-crosswalk-independent-review.md
docs/crypto-review-v1.md AR-20 nonce safety,26c04be71c71f32adf1df93b5a1b69610dcf36a1fe3763380cbd7d881f979a75,HC-xx,HC-14,"Restates the objective HC-14 obligation; candidate screen is its MVT, not this wording alone.","B01 constraint-classification session, 2026-10-01",policy_review/2026-10-01; research/methods/constraint-crosswalk-independent-review.md
docs/crypto-review-v1.md AR-25 L463 release gate; failure blocks production crypto,418cb13ff33677c0e9a18c40989c9c97380321f8b8cce6ceef5a44aba09ac703,PROGRAM,,"Independent crypto review or release evidence obligation, not a candidate screen.","B01 constraint-classification session, 2026-10-01",policy_review/2026-10-01; research/methods/constraint-crosswalk-independent-review.md
docs/crypto-review-v1.md AR-28 L466 bounded timestamp attack surface,5c67295789a4eb382356958c227146bfcf6b2c31f417518196051fc4b7cb3005,F-xx,F-13,Signature timestamp semantics and trust separation are registered in F-13.,"B01 constraint-classification session, 2026-10-01",policy_review/2026-10-01; research/methods/constraint-crosswalk-independent-review.md
docs/crypto-review-v1.md L10-12 external cryptographic audit required for production,3e49479c05d57559976c6d3d1e708d2bd720fbb6fd595255f11bec59b72b4302,PROGRAM,,"Independent crypto review or release evidence obligation, not a candidate screen.","B01 constraint-classification session, 2026-10-01",policy_review/2026-10-01; research/methods/constraint-crosswalk-independent-review.md
docs/crypto-review-v1.md L136-142: no secret buffering or silent layout change,963b1eda971512ad1d59dc2013e91d4a8e30262c2477f1a9642b0629c1179432,DECISION_INPUT,,"Scope, status-quo fact, or design input with no exact registered HC/F screen in this label.","B01 constraint-classification session, 2026-10-01",policy_review/2026-10-01; research/methods/constraint-crosswalk-independent-review.md
docs/crypto-review-v1.md L155-156 draft-10 wire name never changes meaning,fc930b501fd1334fcbd63002155d4633605dfe8ad1f7adb36dd7839886862d64,F-xx,F-12,Fixed product contract under objective Appendix B F-12.,"B01 constraint-classification session, 2026-10-01",policy_review/2026-10-01; research/methods/constraint-crosswalk-independent-review.md
docs/crypto-review-v1.md L224-226 new algorithm gets new authenticated ID and feature,ca41e23e3ec650ad25e951942e6f72d28df172106c10d899a8867b6adb7641f8,HC-xx,HC-16,New algorithm identity cannot reinterpret historical authenticated IDs or features.,"B01 constraint-classification session, 2026-10-01",policy_review/2026-10-01; research/methods/constraint-crosswalk-independent-review.md
"docs/crypto-review-v1.md L244-247, L274-276 (review record: lockfile, features, advisories, unsafe/native surface)",2d58dd8dcff56871291e6fe8c811e01df18df4416209cc3968dd66e15ea50f40,PROGRAM,,"Independent crypto review or release evidence obligation, not a candidate screen.","B01 constraint-classification session, 2026-10-01",policy_review/2026-10-01; research/methods/constraint-crosswalk-independent-review.md
docs/crypto-review-v1.md L255: SHA-256 aligned with ECF identity choice,fdc132e9ef52dcdb843211ab1fe0739deb47a549cc77e04bc9ce4592fb3d4815,DECISION_INPUT,,"Scope, status-quo fact, or design input with no exact registered HC/F screen in this label.","B01 constraint-classification session, 2026-10-01",policy_review/2026-10-01; research/methods/constraint-crosswalk-independent-review.md
"docs/crypto-review-v1.md L263 zeroize AFK, KDF output, segment/wrap keys, password buffers and expanded private keys where ownership permits",2f7dbb4061fcc0d2f6f4c1d287aa7fbb9ef811eed0820796e236d5c2cb8c6bbb,F-xx,F-16,Secret-buffer zeroization is registered in F-16.,"B01 constraint-classification session, 2026-10-01",policy_review/2026-10-01; research/methods/constraint-crosswalk-independent-review.md
docs/crypto-review-v1.md L264 timestamp support separately gated; core signatures do not depend on it,65fdb6f05b9ab7759dc740edfe18df196210ead06cb9a42c85f0142396610e14,DECISION_INPUT,,"Scope, status-quo fact, or design input with no exact registered HC/F screen in this label.","B01 constraint-classification session, 2026-10-01",policy_review/2026-10-01; research/methods/constraint-crosswalk-independent-review.md
docs/crypto-review-v1.md L266-267 (no native library in production crypto path),16e2267fa8c69d85b9fca0077292555ba4f3b780830dc53043018c06d9d65ae0,DECISION_INPUT,,"Scope, status-quo fact, or design input with no exact registered HC/F screen in this label.","B01 constraint-classification session, 2026-10-01",policy_review/2026-10-01; research/methods/constraint-crosswalk-independent-review.md
docs/crypto-review-v1.md L274-276,1ce8b8efff9d912f3d4807295ee425ea503b940547b0b68c3adcaafc1a93d990,DECISION_INPUT,,"Scope, status-quo fact, or design input with no exact registered HC/F screen in this label.","B01 constraint-classification session, 2026-10-01",policy_review/2026-10-01; research/methods/constraint-crosswalk-independent-review.md
docs/crypto-review-v1.md L278-302 acceptance plan,b7cc56c7dffb9f2b54f4fdb052ac7ce56006734784c237642a3af752b9453f12,PROGRAM,,"Independent crypto review or release evidence obligation, not a candidate screen.","B01 constraint-classification session, 2026-10-01",policy_review/2026-10-01; research/methods/constraint-crosswalk-independent-review.md
docs/crypto-review-v1.md L284 acceptance item 1: every applicable KAT passes,973da141c744c7e2730618492cad74842370e35ee206032a29460abd260e684b,DECISION_INPUT,,"Scope, status-quo fact, or design input with no exact registered HC/F screen in this label.","B01 constraint-classification session, 2026-10-01",policy_review/2026-10-01; research/methods/constraint-crosswalk-independent-review.md
docs/crypto-review-v1.md L296-297,1eca0aa208cbffcb49bbf2682961e155306792716194c12b66d7803cebd420fd,DECISION_INPUT,,"Scope, status-quo fact, or design input with no exact registered HC/F screen in this label.","B01 constraint-classification session, 2026-10-01",policy_review/2026-10-01; research/methods/constraint-crosswalk-independent-review.md
docs/crypto-review-v1.md L407-408 private Descriptor never authorises public KDF work,4a084c1bb7ea2df8f7e23eccbce707c1ecbc8b30192efada03bb7e757d786224,HC-xx,HC-06,Unauthenticated private data cannot authorize pre-unlock resource work under HC-06.,"B01 constraint-classification session, 2026-10-01",policy_review/2026-10-01; research/methods/constraint-crosswalk-independent-review.md
"docs/crypto-review-v1.md L89-91 full 32-byte HMAC tags, no truncation",01dc8048cddedcacab230e0ff7435b9a23529cc5a66052c0192a5eb5a1e35da3,F-xx,F-12,"Full-length crypto-v1 tag encoding is part of F-12, not truncation diagnostics.","B01 constraint-classification session, 2026-10-01",policy_review/2026-10-01; research/methods/constraint-crosswalk-independent-review.md
docs/crypto-review-v1.md L9-12 and L296-297 (fuzzing required for production crypto),71565160c9d8f6cc0c233c6da88bda589a2c7e12d8121530c0dade6b666e44bd,PROGRAM,,"Independent crypto review or release evidence obligation, not a candidate screen.","B01 constraint-classification session, 2026-10-01",policy_review/2026-10-01; research/methods/constraint-crosswalk-independent-review.md
docs/crypto-review-v1.md Status L7-12: external cryptographic audit before production,196bc9a38ae0314a67009b2cf72de021f35d3b5d2dd9377577dba26bbb714297,PROGRAM,,"Independent crypto release audit is a program gate, not a candidate HC screen.","B01 constraint-classification session, 2026-10-01",policy_review/2026-10-01; research/methods/constraint-crosswalk-independent-review.md
"docs/crypto-suite-v1.md L108-112: zeroize where Rust types permit, never log",414d116e1d5c4830f45feca4293e23eafe065b5056cbd8cbf5db56f446e89ca7,F-xx,F-16,Secret handling and diagnostics are registered in F-16.,"B01 constraint-classification session, 2026-10-01",policy_review/2026-10-01; research/methods/constraint-crosswalk-independent-review.md
docs/crypto-suite-v1.md L18 frozen HKDF-SHA-256 for crypto v1 wire,a99d0bc18620bd71a271dedf6f5b4da6259562423f14d6055f543fc44a3ee4a4,F-xx,F-12,Explicit fixed behavior within objective Appendix B F-12.,"B01 constraint-classification session, 2026-10-01",policy_review/2026-10-01; research/methods/constraint-crosswalk-independent-review.md
docs/crypto-suite-v1.md L35-37 AES-GCM-SIV not assumed key-committing,69ffe092dd3c9505c62821edb3f7d6a4e45b4edee06133a52e5334d2d6fd9307,HC-xx,HC-14,Key-commitment obligation is tested under HC-14; this is rationale against a particular assumption.,"B01 constraint-classification session, 2026-10-01",policy_review/2026-10-01; research/methods/constraint-crosswalk-independent-review.md
docs/crypto-suite-v1.md L439-442 unknown protection classes fail closed,cfd76faf236fc59ffc5b1b881292d75d3ff21bb7d057449b93fc5081d850ee3f,F-xx,F-12,Existing normative implementation contract represented by objective Appendix B F-12.,"B01 constraint-classification session, 2026-10-01",policy_review/2026-10-01; research/methods/constraint-crosswalk-independent-review.md
docs/crypto-suite-v1.md L457-458 Entrybound never alters or reimplements the combiner,ba988bdcfdf26586d4c12384681537ba77002be8c9d75324e96537d79d40a65e,F-xx,F-12,Existing normative implementation contract represented by objective Appendix B F-12.,"B01 constraint-classification session, 2026-10-01",policy_review/2026-10-01; research/methods/constraint-crosswalk-independent-review.md
docs/crypto-suite-v1.md L462-466 HYBRID_ONLY policy,560ba08e7b29432d1ea05fd4fe3086a2799a65b310fbbb2d5e5dff773a593387,F-xx,F-12,Existing normative implementation contract represented by objective Appendix B F-12.,"B01 constraint-classification session, 2026-10-01",policy_review/2026-10-01; research/methods/constraint-crosswalk-independent-review.md
docs/crypto-suite-v1.md L469-471 crate version alone insufficient,2c1470a36843126e07dbbdd4a38f29b96c9188638405c6e372c04ce9f4cef697,DECISION_INPUT,,"Security guidance/evidence quality, not an immutable suite byte or per-candidate HC test.","B01 constraint-classification session, 2026-10-01",policy_review/2026-10-01; research/methods/constraint-crosswalk-independent-review.md
"docs/crypto-suite-v1.md L487-489 exact UTF-8 bytes, no normalisation at the wire level",909adb2ca91d0ab822231c9ad1ef319bcbf70ce4edaed1927d7d8b61126243b1,F-xx,F-12,Existing normative implementation contract represented by objective Appendix B F-12.,"B01 constraint-classification session, 2026-10-01",policy_review/2026-10-01; research/methods/constraint-crosswalk-independent-review.md
"docs/crypto-suite-v1.md L510-520 crypto v1 reader wire bounds (65,536-1,048,576 KiB, t 3-10, p 1-16)",251bc45acb268ce00df2056743e6db88857e1f60333f54f932c40b88986aef3a,F-xx,F-12,Existing normative implementation contract represented by objective Appendix B F-12.,"B01 constraint-classification session, 2026-10-01",policy_review/2026-10-01; research/methods/constraint-crosswalk-independent-review.md
docs/crypto-suite-v1.md L529-531 strong passwords essential,a2edc7a3365708539e1462072c4cdc466d5fc971eabb3931ee715202c7192352,DECISION_INPUT,,"Security guidance/evidence quality, not an immutable suite byte or per-candidate HC test.","B01 constraint-classification session, 2026-10-01",policy_review/2026-10-01; research/methods/constraint-crosswalk-independent-review.md
docs/crypto-suite-v1.md L537-543: padding mode registry and BUCKETED default,e2f6a24a4386c7d6e4375098de2e4a0aa611e1d717381e642399080ac525c200,F-xx,F-12,Existing normative implementation contract represented by objective Appendix B F-12.,"B01 constraint-classification session, 2026-10-01",policy_review/2026-10-01; research/methods/constraint-crosswalk-independent-review.md
docs/crypto-suite-v1.md L629-633 enc planner IDs substitute the encrypted chunker,7ea98a563827b190cf0b72a4c3c1b78555e12000536d0dfab36a784d95e79f0f,F-xx,F-12,Existing normative implementation contract represented by objective Appendix B F-12.,"B01 constraint-classification session, 2026-10-01",policy_review/2026-10-01; research/methods/constraint-crosswalk-independent-review.md
"docs/crypto-suite-v1.md L651-654 strict verification rejects noncanonical encodings, small-order points and invalid scalars",04bd48ae3f115d8c9e28432906b4c5949221df44fc88fd5567c4ef2f52c757ad,F-xx,F-12,Existing normative implementation contract represented by objective Appendix B F-12.,"B01 constraint-classification session, 2026-10-01",policy_review/2026-10-01; research/methods/constraint-crosswalk-independent-review.md
docs/crypto-suite-v1.md L684-686 detached records intentionally expose values,66988c8d91fa6dc266e8e14bcbfbd36944e2a31ab2cb4c29273fb5c39973ae69,F-xx,F-12,Existing normative implementation contract represented by objective Appendix B F-12.,"B01 constraint-classification session, 2026-10-01",policy_review/2026-10-01; research/methods/constraint-crosswalk-independent-review.md
docs/crypto-suite-v1.md L686-687 Entrybound defines no PKI,69241ac491b16f65011ba2c1d3e26a93cf48d34b56e652ae80cfe0fbe8a85c7b,NON_GOAL,F-25,SPEC §24 excludes key/signing infrastructure and requires offline verification.,"B01 constraint-classification session, 2026-10-01",policy_review/2026-10-01; research/methods/constraint-crosswalk-independent-review.md
docs/crypto-suite-v1.md L689-700 caller trust anchors and separate timestamp status,1fcb356afd191b77dc68e78258c58a781c4395acb14ec35a8888dfc80ef4b60d,F-xx,F-13,Caller trust and timestamp separation are registered in F-13.,"B01 constraint-classification session, 2026-10-01",policy_review/2026-10-01; research/methods/constraint-crosswalk-independent-review.md
docs/crypto-suite-v1.md L698-700 unsupported must not invalidate a valid archive signature,b7967bfdd710a117ef1ee457bbd38989899cffb18dbc88a041630bff35ef877f,F-xx,F-13,Existing normative implementation contract represented by objective Appendix B F-13.,"B01 constraint-classification session, 2026-10-01",policy_review/2026-10-01; research/methods/constraint-crosswalk-independent-review.md
"docs/crypto-suite-v1.md L760-761: when stdin carries archive data and no controlling terminal exists, password prompting fails rather than reading the archive stream",ec815c42757fbb90c0f62ee29f7e3556cc2b3ad13111753ebad8d442e2abf58a,F-xx,F-12,Existing normative implementation contract represented by objective Appendix B F-12.,"B01 constraint-classification session, 2026-10-01",policy_review/2026-10-01; research/methods/constraint-crosswalk-independent-review.md
docs/crypto-suite-v1.md L765: secrets are not read from network services by default,cf919ffa7253b1d841588ea9c55f327b0b2be52d46570baad8a26278788b1c3e,F-xx,F-12,Existing normative implementation contract represented by objective Appendix B F-12.,"B01 constraint-classification session, 2026-10-01",policy_review/2026-10-01; research/methods/constraint-crosswalk-independent-review.md
docs/crypto-suite-v1.md Status L4-7: new suite needs new suite id and format feature; never redefine suite 1,265d9d780bc66913c9011ea3de38a2538e7f9e6b8e143e684f355843f29ed8e9,F-xx,F-12,Existing normative implementation contract represented by objective Appendix B F-12.,"B01 constraint-classification session, 2026-10-01",policy_review/2026-10-01; research/methods/constraint-crosswalk-independent-review.md
"docs/crypto-suite-v1.md suite 1 frozen: X-Wing draft-10 hybrid, no classical-only stanza",b3f540283e75b069a7051af0456f95e36d02e8e3de3f9fa5f716596b2fe1e832,F-xx,F-12,Explicit fixed behavior within objective Appendix B F-12.,"B01 constraint-classification session, 2026-10-01",policy_review/2026-10-01; research/methods/constraint-crosswalk-independent-review.md
docs/crypto-suite-v1.md §Boundary modes L572-623 secret-table and PHTE modes reuse the normalized cut rule,cbac97122d706fb50ef7184d9003e8b7c1b4c7f75a7beaeef62e0fc4aad068a5,F-xx,F-12,Existing normative implementation contract represented by objective Appendix B F-12.,"B01 constraint-classification session, 2026-10-01",policy_review/2026-10-01; research/methods/constraint-crosswalk-independent-review.md
"docs/crypto-suite-v1.md §CLI security behavior reserved for implementation L763-765 (refuse group/world-readable private keys on Unix by default; check ACLs where practical, else warn)",eea587da003960cf3c270d490f994883cefbdf1ef45660bc785ae1d4040d3ea7,F-xx,F-12,Existing normative implementation contract represented by objective Appendix B F-12.,"B01 constraint-classification session, 2026-10-01",policy_review/2026-10-01; research/methods/constraint-crosswalk-independent-review.md
docs/crypto-suite-v1.md §Classical recipient policy L475-479 (no classical-only recipients),4b01cc4316a5e364ded2e63316bbfa3ef1ee9592e0366bef181a1c357b0fe229,F-xx,F-12,Existing normative implementation contract represented by objective Appendix B F-12.,"B01 constraint-classification session, 2026-10-01",policy_review/2026-10-01; research/methods/constraint-crosswalk-independent-review.md
docs/crypto-suite-v1.md §Deduplication domain L637-641 one AFK domain per archive,fa11a0e240a75a1c64f24c1a08f643cd155b237ec7c31a9d64285674d01e1ebb,F-xx,F-12,Existing normative implementation contract represented by objective Appendix B F-12.,"B01 constraint-classification session, 2026-10-01",policy_review/2026-10-01; research/methods/constraint-crosswalk-independent-review.md
docs/crypto-suite-v1.md §File-key commitment L116-131 HMAC-SHA256 commitment frozen,ff20172f1de44bda5c79f84cbd605c45487f34daaa5e43648d07f4db5427c6dc,F-xx,F-12,Explicit fixed behavior within objective Appendix B F-12.,"B01 constraint-classification session, 2026-10-01",policy_review/2026-10-01; research/methods/constraint-crosswalk-independent-review.md
docs/crypto-suite-v1.md §Password recipient L510-526 Argon2id wire ceiling,48477675552b8893ca1aa20439f9feab524f9f70efb17d5e59ab5d5b617b283b,F-xx,F-12,Existing normative implementation contract represented by objective Appendix B F-12.,"B01 constraint-classification session, 2026-10-01",policy_review/2026-10-01; research/methods/constraint-crosswalk-independent-review.md
docs/crypto-threat-model-v1.md L100-107 recipient adversary,ab06a11dd4558fdd71c0cca1653fc1539613973642050f6a39584305725b7ae8,DECISION_INPUT,,Threat-model scope or deliberately excluded claim; no exact Appendix B freeze is cited here.,"B01 constraint-classification session, 2026-10-01",policy_review/2026-10-01; research/methods/constraint-crosswalk-independent-review.md
docs/crypto-threat-model-v1.md L105-107 removing a recipient rotates the file key and re-encrypts,fc9f21b99bc566fb8b1be1b1e84908fd8fe001f8a0dd47214ec8f58f44c79071,F-xx,F-14,Recipient removal must rotate and re-encrypt under F-14.,"B01 constraint-classification session, 2026-10-01",policy_review/2026-10-01; research/methods/constraint-crosswalk-independent-review.md
docs/crypto-threat-model-v1.md L157-163 a valid tag never waives resource validation,b86d444bae4bbbef7fffdbb0177cc7bdc2242646021fb4848197fe0e54690b62,HC-xx,HC-06,Authenticated data is still subject to the exact HC-06 resource budget.,"B01 constraint-classification session, 2026-10-01",policy_review/2026-10-01; research/methods/constraint-crosswalk-independent-review.md
docs/crypto-threat-model-v1.md L165-192 deliberately public information,91d51e1d09740c9b10950fe5433038fdbbd9b31046dba33e4661a038bd3a42de,DECISION_INPUT,,Threat-model scope or deliberately excluded claim; no exact Appendix B freeze is cited here.,"B01 constraint-classification session, 2026-10-01",policy_review/2026-10-01; research/methods/constraint-crosswalk-independent-review.md
docs/crypto-threat-model-v1.md L182-186 deliberately public information,af1ba771a2e65f54b21a56fe42ea6a01248e4acb0134d28075871f2b28a5bed0,DECISION_INPUT,,Threat-model scope or deliberately excluded claim; no exact Appendix B freeze is cited here.,"B01 constraint-classification session, 2026-10-01",policy_review/2026-10-01; research/methods/constraint-crosswalk-independent-review.md
docs/crypto-threat-model-v1.md L216-217 keys authenticated by caller,5561d7e68cba2ff34c71265d256d213db4531d669c9824b430797ff80c639536,DECISION_INPUT,,Threat-model scope or deliberately excluded claim; no exact Appendix B freeze is cited here.,"B01 constraint-classification session, 2026-10-01",policy_review/2026-10-01; research/methods/constraint-crosswalk-independent-review.md
docs/crypto-threat-model-v1.md L224-226 cryptographic validity is not permission to trust a signer,fff2140e91eefebc3cf3b874464e1badce32a3703845218344e94400de82a8e9,HC-xx,HC-14,"Restates the objective HC-14 obligation; candidate screen is its MVT, not this wording alone.","B01 constraint-classification session, 2026-10-01",policy_review/2026-10-01; research/methods/constraint-crosswalk-independent-review.md
docs/crypto-threat-model-v1.md L59-63 freshness not claimed,d6d935e65d18a996d6b23ad3981a186b058bd62f043d94c36c757502d20c3af5,DECISION_INPUT,,Threat-model scope or deliberately excluded claim; no exact Appendix B freeze is cited here.,"B01 constraint-classification session, 2026-10-01",policy_review/2026-10-01; research/methods/constraint-crosswalk-independent-review.md
docs/crypto-threat-model-v1.md L59-63 freshness not claimed from archive bytes,5088883bb389d5c89d7c8ea32b6c85acbb633f0afe2303bbb37328e08c3d2e42,DECISION_INPUT,,Threat-model scope or deliberately excluded claim; no exact Appendix B freeze is cited here.,"B01 constraint-classification session, 2026-10-01",policy_review/2026-10-01; research/methods/constraint-crosswalk-independent-review.md
docs/crypto-threat-model-v1.md frozen normative,fc1c98ae038b7501f1f16920c577a9dc043b6598f9593edf3755c699d432f5bc,F-xx,F-12,Explicit fixed behavior within objective Appendix B F-12.,"B01 constraint-classification session, 2026-10-01",policy_review/2026-10-01; research/methods/constraint-crosswalk-independent-review.md
docs/crypto-threat-model-v1.md §Deliberately public information L165-192,d7dfa5a68c30cd5fd25bc0342b8c31d4e208080658cae1acc947bf33b21876c2,DECISION_INPUT,,Threat-model scope or deliberately excluded claim; no exact Appendix B freeze is cited here.,"B01 constraint-classification session, 2026-10-01",policy_review/2026-10-01; research/methods/constraint-crosswalk-independent-review.md
docs/crypto-threat-model-v1.md §Non-goals L198-199: no ORAM/PIR or access-pattern hiding,db90d80bc39489f9e70f0025677e78efdf6223912ebbe77ce37f1752064b08ff,DECISION_INPUT,,Threat-model scope or deliberately excluded claim; no exact Appendix B freeze is cited here.,"B01 constraint-classification session, 2026-10-01",policy_review/2026-10-01; research/methods/constraint-crosswalk-independent-review.md
docs/crypto-threat-model-v1.md §Non-goals L208: no cross-tenant/convergent dedup,827859f2d016fa587d63b40f53ddd29024ae100bcaca115789c11b2b3ba085e2,DECISION_INPUT,,Threat-model scope or deliberately excluded claim; no exact Appendix B freeze is cited here.,"B01 constraint-classification session, 2026-10-01",policy_review/2026-10-01; research/methods/constraint-crosswalk-independent-review.md
docs/crypto-threat-model-v1.md §Nondeterminism: production API MUST NOT offer deterministic encryption,db05350fca74bd5ffb2f9c21cfbf2504073128c3d38dd2c2373e3c3f11be6e7e,HC-xx,HC-13,"Restates the objective HC-13 obligation; candidate screen is its MVT, not this wording alone.","B01 constraint-classification session, 2026-10-01",policy_review/2026-10-01; research/methods/constraint-crosswalk-independent-review.md
docs/crypto-threat-model-v1.md §Resource safety L162-163,cabeb2765b5482e2b44500b941dc7eb74bf9f14e0d0ad1065ab2d037b9b5b5bb,HC-xx,HC-06,"Restates the objective HC-06 obligation; candidate screen is its MVT, not this wording alone.","B01 constraint-classification session, 2026-10-01",policy_review/2026-10-01; research/methods/constraint-crosswalk-independent-review.md
docs/crypto-wire-v1.md L1082-1086 required external primitive vectors before production,36a962d835ed2925cf7291487573ae9e4ebf7744839772c79a075537b365d2fd,PROGRAM,,"Production vector qualification gate, not a candidate design screen.","B01 constraint-classification session, 2026-10-01",policy_review/2026-10-01; research/methods/constraint-crosswalk-independent-review.md
docs/crypto-wire-v1.md L1085-1086 required ML-KEM and X-Wing vectors,cd5a844d8ee932438de5882318ab22c0eb88a3bf5b62330d0c32d0db90f9f006,F-xx,F-12,Existing normative implementation contract represented by objective Appendix B F-12.,"B01 constraint-classification session, 2026-10-01",policy_review/2026-10-01; research/methods/constraint-crosswalk-independent-review.md
docs/crypto-wire-v1.md L1087 RFC 8032 and Wycheproof vectors before production release,4a6ce3d43048eecf9b62d36d26f181d41ea773267104cc3ef6ae2b8cfbcda68f,PROGRAM,,"Production vector qualification gate, not a candidate design screen.","B01 constraint-classification session, 2026-10-01",policy_review/2026-10-01; research/methods/constraint-crosswalk-independent-review.md
docs/crypto-wire-v1.md L1088-1089: boundary vectors required before production release,f6972bda2b218920d110fb1daac2cf99abf44e8273f07272cec43f03cb3e739c,F-xx,F-12,Existing normative implementation contract represented by objective Appendix B F-12.,"B01 constraint-classification session, 2026-10-01",policy_review/2026-10-01; research/methods/constraint-crosswalk-independent-review.md
docs/crypto-wire-v1.md L113-116 semantic records inside encrypted objects,170957a77ee51d9837b745c5eb4433c058d205a67ef59c3ee13118e32692a243,F-xx,F-12,Existing normative implementation contract represented by objective Appendix B F-12.,"B01 constraint-classification session, 2026-10-01",policy_review/2026-10-01; research/methods/constraint-crosswalk-independent-review.md
docs/crypto-wire-v1.md L140: hard framing limits before decryption; callers may only lower,cc508caa12410c3c50891fd0e303d5c18d49141a66a6ecdb0c5f5ac4b2ccf62f,F-xx,F-12,Existing normative implementation contract represented by objective Appendix B F-12.,"B01 constraint-classification session, 2026-10-01",policy_review/2026-10-01; research/methods/constraint-crosswalk-independent-review.md
docs/crypto-wire-v1.md L23-24 feature bits 0x80 and 0x100 mutually exclusive in crypto v1,84fc0fd17a99fbc5bc66e843bff279b57c294f5654895c6c1fdfa7ff1f3e09aa,F-xx,F-12,Existing normative implementation contract represented by objective Appendix B F-12.,"B01 constraint-classification session, 2026-10-01",policy_review/2026-10-01; research/methods/constraint-crosswalk-independent-review.md
docs/crypto-wire-v1.md L245-246 frozen crypto v1 wire limits,bdf6f3a87ee38a3766e15d79fe4d196333cdff6ea05c19220df43fb610e9cf84,F-xx,F-12,Explicit fixed behavior within objective Appendix B F-12.,"B01 constraint-classification session, 2026-10-01",policy_review/2026-10-01; research/methods/constraint-crosswalk-independent-review.md
docs/crypto-wire-v1.md L270 no public recipient identifiers,058995b03589a06aed5e835c9d8ad81ecb15ea987028a4e1a8c23131a41e72c1,F-xx,F-12,Existing normative implementation contract represented by objective Appendix B F-12.,"B01 constraint-classification session, 2026-10-01",policy_review/2026-10-01; research/methods/constraint-crosswalk-independent-review.md
docs/crypto-wire-v1.md L270 recipient_hint exactly 16 zero bytes in crypto v1,18289e92b05b7df66e3993d7e7187380e6a9067144b2695634a74525ec3fe213,F-xx,F-12,Existing normative implementation contract represented by objective Appendix B F-12.,"B01 constraint-classification session, 2026-10-01",policy_review/2026-10-01; research/methods/constraint-crosswalk-independent-review.md
docs/crypto-wire-v1.md L457: Entries by canonical LogicalPath,fed4a21ec5b492b6529f06ae1683ba01f3751d927bd6fceca465a06c31084e67,F-xx,F-12,Existing normative implementation contract represented by objective Appendix B F-12.,"B01 constraint-classification session, 2026-10-01",policy_review/2026-10-01; research/methods/constraint-crosswalk-independent-review.md
docs/crypto-wire-v1.md L464 directory cardinality for HYBRID_ONLY,f39ff940de13dafe4ec8b1089ed1d046167b9bf60a3da6f1b7e81cf87f65de93,F-xx,F-12,Existing normative implementation contract represented by objective Appendix B F-12.,"B01 constraint-classification session, 2026-10-01",policy_review/2026-10-01; research/methods/constraint-crosswalk-independent-review.md
"docs/crypto-wire-v1.md L464, L538-552 frozen v1 directory cardinality and entry layout",190b4f59d1e8e34232f31d60e35744a960e4c97df4145338a6676b55d16fda62,F-xx,F-12,Explicit fixed behavior within objective Appendix B F-12.,"B01 constraint-classification session, 2026-10-01",policy_review/2026-10-01; research/methods/constraint-crosswalk-independent-review.md
"docs/crypto-wire-v1.md L515-520: Descriptor first, object order",a687d3c1c0b7314512d80443801b576c6370928b6f32ccfb38f736956cadbf4c,F-xx,F-12,Existing normative implementation contract represented by objective Appendix B F-12.,"B01 constraint-classification session, 2026-10-01",policy_review/2026-10-01; research/methods/constraint-crosswalk-independent-review.md
docs/crypto-wire-v1.md L519-520 pre-unlock KDF safety from caller policy,c10df5cc5d653e7972c892620ea6d66c0b7cd98ee992c292995fd1b18da8ef22,F-xx,F-12,Existing normative implementation contract represented by objective Appendix B F-12.,"B01 constraint-classification session, 2026-10-01",policy_review/2026-10-01; research/methods/constraint-crosswalk-independent-review.md
docs/crypto-wire-v1.md L533-534: readers accept multi-object and cross-segment fragments,7571d2d7439fad768287951d7f1b65223c4bf73e0c2f5c06670d77ce8b0f2530,F-xx,F-12,Existing normative implementation contract represented by objective Appendix B F-12.,"B01 constraint-classification session, 2026-10-01",policy_review/2026-10-01; research/methods/constraint-crosswalk-independent-review.md
"docs/crypto-wire-v1.md L545 label 0-1,024 bytes",419aa535c2a161d23af798b6862a0bc8241e813727fa54c237254b21c43bcae1,F-xx,F-12,Existing normative implementation contract represented by objective Appendix B F-12.,"B01 constraint-classification session, 2026-10-01",policy_review/2026-10-01; research/methods/constraint-crosswalk-independent-review.md
docs/crypto-wire-v1.md L56-57: both boundary modes keyed; no unkeyed encrypted mode,e07e043109e7cec42341a2c9bb06a4852ce547fb7d5316b197f731bb159f2a9a,F-xx,F-12,Existing normative implementation contract represented by objective Appendix B F-12.,"B01 constraint-classification session, 2026-10-01",policy_review/2026-10-01; research/methods/constraint-crosswalk-independent-review.md
docs/crypto-wire-v1.md L768: wrong-secret detail suppressed,1a9400231cf3d8711437e853b31897b3de3a335ff536693dd904c213c6974b59,F-xx,F-12,Existing normative implementation contract represented by objective Appendix B F-12.,"B01 constraint-classification session, 2026-10-01",policy_review/2026-10-01; research/methods/constraint-crosswalk-independent-review.md
docs/crypto-wire-v1.md L777-784 stable diagnostic taxonomy,b77725029220716483342e0b8f324fa633a29d3a89dc34bd89e8dd17a900ed6b,F-xx,F-12,Existing normative implementation contract represented by objective Appendix B F-12.,"B01 constraint-classification session, 2026-10-01",policy_review/2026-10-01; research/methods/constraint-crosswalk-independent-review.md
docs/filesystem-fidelity-v1.md L45-47 Safe refuses absolute and escaping targets without rewriting,e9ef0ddf921d3bbd69b327af25cb3894e4e7c695bb9da4508bd9843c504825a9,F-xx,F-17,Existing normative implementation contract represented by objective Appendix B F-17.,"B01 constraint-classification session, 2026-10-01",policy_review/2026-10-01; research/methods/constraint-crosswalk-independent-review.md
docs/filesystem-fidelity-v1.md L45-48 no rewriting of archived targets; All is explicit opt-in,bb480c9c1bab2f408ef66d913ddb89d051f8e961412de833b747a0ba08fba226,F-xx,F-17,Existing normative implementation contract represented by objective Appendix B F-17.,"B01 constraint-classification session, 2026-10-01",policy_review/2026-10-01; research/methods/constraint-crosswalk-independent-review.md
docs/filesystem-fidelity-v1.md L66-68 Windows accepts only UTF-8 targets and may need privilege,48af05c5dad9534e490c87528ffedcfa9e56a72c122a648eb49afb2e373f1883,F-xx,F-17,Existing normative implementation contract represented by objective Appendix B F-17.,"B01 constraint-classification session, 2026-10-01",policy_review/2026-10-01; research/methods/constraint-crosswalk-independent-review.md
docs/filesystem-fidelity-v1.md L9-10 source symlinks never traversed,215a5f50a328acc224ff293e42e6478a4aa7e9e37fedc391ce47e30c5e98217c,F-xx,F-17,Existing normative implementation contract represented by objective Appendix B F-17.,"B01 constraint-classification session, 2026-10-01",policy_review/2026-10-01; research/methods/constraint-crosswalk-independent-review.md
docs/format-v0.md 0x4000 requires 0x2000,933b8cb337d33f1753af66c13b7ec5d743940454fb6163d808c2882a3122502b,F-xx,F-20,Versioned legacy preservation feature dependency is registered in F-20.,"B01 constraint-classification session, 2026-10-01",policy_review/2026-10-01; research/methods/constraint-crosswalk-independent-review.md
docs/format-v0.md FidelityReport type 5 and FidelityIssue type 10 field tags,e7d7f9f21b9d167316830da00b2f5e6299959c81e8ce507bf10a51b4cdce9578,HC-xx,HC-07,"Restates the objective HC-07 obligation; candidate screen is its MVT, not this wording alone.","B01 constraint-classification session, 2026-10-01",policy_review/2026-10-01; research/methods/constraint-crosswalk-independent-review.md
docs/format-v0.md L460-462: pre-correction archives are labelled legacy experimental input,49f694883f9365385bd7a8d21d6368f792618308541f8ce761a6e4e6e718c924,DECISION_INPUT,,"Scope, status-quo fact, or design input with no exact registered HC/F screen in this label.","B01 constraint-classification session, 2026-10-01",policy_review/2026-10-01; research/methods/constraint-crosswalk-independent-review.md
docs/format-v0.md L477: native tooling v1 adds no wire records or feature bits,9e5a2a68faa1259caa156b339e0d950027c74fcbec1af29571612c2f4ce92666,F-xx,F-28,Fixed product contract under objective Appendix B F-28.,"B01 constraint-classification session, 2026-10-01",policy_review/2026-10-01; research/methods/constraint-crosswalk-independent-review.md
docs/format-v0.md feature 0x4000 wire records types 30-36 (frozen wire form),fa1eb1e7d9933a89a3a0dcabccca9155a2feece9ec511eaee6773fdec0f66181,HC-xx,HC-16,Historical format/identifier meaning cannot be reinterpreted (HC-16); no narrower registered F matches this label.,"B01 constraint-classification session, 2026-10-01",policy_review/2026-10-01; research/methods/constraint-crosswalk-independent-review.md
docs/format-v0.md types 28-29 canonical records (current freeze),64f294859f762e85ff6a434be83e4b8526b0da3077389f39a182fb757b4be26c,HC-xx,HC-16,Historical format/identifier meaning cannot be reinterpreted (HC-16); no narrower registered F matches this label.,"B01 constraint-classification session, 2026-10-01",policy_review/2026-10-01; research/methods/constraint-crosswalk-independent-review.md
docs/format-v0.md: export artifacts deterministic,5986c4780cf4f631286349ddb6fd6ce8b05d1a07724ef0a46c4b613280109097,HC-xx,HC-13,"Restates the objective HC-13 obligation; candidate screen is its MVT, not this wording alone.","B01 constraint-classification session, 2026-10-01",policy_review/2026-10-01; research/methods/constraint-crosswalk-independent-review.md
docs/http-range-access-v1.md L20 (no 200 whole-body fallback),2a30aa2e238a2e4d781380c1b0b0fb6050bed5c67b5cedb67d3d2921c3e93332,F-xx,F-10,Existing normative implementation contract represented by objective Appendix B F-10.,"B01 constraint-classification session, 2026-10-01",policy_review/2026-10-01; research/methods/constraint-crosswalk-independent-review.md
docs/http-range-access-v1.md L20: no 200 whole-body fallback,60d9a5e945b120a2449388492397e1a456ecd090371f67d33d3917ed1e23d971,F-xx,F-10,Existing normative implementation contract represented by objective Appendix B F-10.,"B01 constraint-classification session, 2026-10-01",policy_review/2026-10-01; research/methods/constraint-crosswalk-independent-review.md
docs/inspection-explanation-v1.md explain never reruns the current planner as historical intent,3399ff1f1044bf8daefc8bb8a283238268ea275f80276bccf8776448ef1339d7,F-xx,F-08,Existing normative implementation contract represented by objective Appendix B F-08.,"B01 constraint-classification session, 2026-10-01",policy_review/2026-10-01; research/methods/constraint-crosswalk-independent-review.md
docs/jpeg-reconstruction-v1.md L50-54 one physical representation per exact plaintext Chunk,dc526ccf92ad0184c755eb3cc8137ba8182f4ed751829eeaff7e615eeea99acb,F-xx,F-03,Reconstructive transform representation rule is in F-03.,"B01 constraint-classification session, 2026-10-01",policy_review/2026-10-01; research/methods/constraint-crosswalk-independent-review.md
docs/legacy-export-v1.md L49-51: authenticate source; receipt records transition,e1782780978a96d44360b1d646d37ffe6f87766972349160fa6ddacce1279ba6,F-xx,F-22,Existing normative implementation contract represented by objective Appendix B F-22.,"B01 constraint-classification session, 2026-10-01",policy_review/2026-10-01; research/methods/constraint-crosswalk-independent-review.md
docs/legacy-export-v1.md L51-52 legacy targets never embed Entrybound signatures,93fc3d965ea2b97f2b05ea2445b0eedea7787aefd32af6e65ab5afcb0aa986ea,F-xx,F-22,"Legacy export representation and receipt boundary is registered in F-22, not signature wire F-13.","B01 constraint-classification session, 2026-10-01",policy_review/2026-10-01; research/methods/constraint-crosswalk-independent-review.md
docs/legacy-export-v1.md L62-64: binary stdout prepared completely before the first byte,db7667be0aed93aa8950ae482935f9e0f15c939ebd04d707aeac9106ed5bb2c5,F-xx,F-22,Existing normative implementation contract represented by objective Appendix B F-22.,"B01 constraint-classification session, 2026-10-01",policy_review/2026-10-01; research/methods/constraint-crosswalk-independent-review.md
docs/legacy-export-v1.md strict re-import before publication,ca36f123d7e461c6b72a29070970d63ce94cc286e2f71cd236857e9782e4d34a,F-xx,F-22,Existing normative implementation contract represented by objective Appendix B F-22.,"B01 constraint-classification session, 2026-10-01",policy_review/2026-10-01; research/methods/constraint-crosswalk-independent-review.md
docs/legacy-export-v1.md §Outcomes LOSSLESS definition,944c30f86c39f617fbe5a27171f64e7dae006689c45e0e7bf82bb45a3c30a0e8,F-xx,F-22,Existing normative implementation contract represented by objective Appendix B F-22.,"B01 constraint-classification session, 2026-10-01",policy_review/2026-10-01; research/methods/constraint-crosswalk-independent-review.md
docs/legacy-observation-model-v1.md L19-27 exact raw value and evidence location,c80236804f73c056d7d711ab0ffbc32462504841927634ff076f8c2f5930d379,F-xx,F-19,Existing normative implementation contract represented by objective Appendix B F-19.,"B01 constraint-classification session, 2026-10-01",policy_review/2026-10-01; research/methods/constraint-crosswalk-independent-review.md
docs/legacy-observation-model-v1.md L32-36 layered coordinates,74cbb12508caefa99895df0a92e035e551c2c8401494fe08de2ef5dffbcef464,F-xx,F-19,Existing normative implementation contract represented by objective Appendix B F-19.,"B01 constraint-classification session, 2026-10-01",policy_review/2026-10-01; research/methods/constraint-crosswalk-independent-review.md
docs/legacy-observation-model-v1.md L45-47 refinement binding must be validated,f5f662e32233c4e8333edce75cfadad77c9e621eded6bbc5fff904c0c3b0d9d9,F-xx,F-19,Existing normative implementation contract represented by objective Appendix B F-19.,"B01 constraint-classification session, 2026-10-01",policy_review/2026-10-01; research/methods/constraint-crosswalk-independent-review.md
docs/legacy-observation-model-v1.md L82-83 Compatibility resolves Divergence only via frozen exact-version rules,0724578bc7a41b57aad99672332400dd9a5c355123e1c850d02c6d1592d2fcbf,F-xx,F-19,Explicit fixed behavior within objective Appendix B F-19.,"B01 constraint-classification session, 2026-10-01",policy_review/2026-10-01; research/methods/constraint-crosswalk-independent-review.md
docs/legacy-observation-model-v1.md L82-89 Divergence resolved only by frozen exact-version rules; changed behaviour needs a new profile id,aabd4ce5218f58a3dfed4e5359a4fc433e515bd46c6b321e4409f37e8024d8ce,F-xx,F-19,Explicit fixed behavior within objective Appendix B F-19.,"B01 constraint-classification session, 2026-10-01",policy_review/2026-10-01; research/methods/constraint-crosswalk-independent-review.md
docs/legacy-observation-model-v1.md L82-89 exact-version profiles,297ca338c8bba8a256620f28ce936104ad37cf1c6c862bd32aba785a617b5748,F-xx,F-19,Existing normative implementation contract represented by objective Appendix B F-19.,"B01 constraint-classification session, 2026-10-01",policy_review/2026-10-01; research/methods/constraint-crosswalk-independent-review.md
docs/legacy-observation-model-v1.md L83-86 preservation never changes EAM authority,05a856d117b604bd8fa4b0c35f823213838460ff7a84babc27c3b2997b12f635,F-xx,F-19,Existing normative implementation contract represented by objective Appendix B F-19.,"B01 constraint-classification session, 2026-10-01",policy_review/2026-10-01; research/methods/constraint-crosswalk-independent-review.md
docs/legacy-observation-model-v1.md L88-89 new parser behaviour requires a new adapter version,43acc712e6141eef27a8cdfdc51c7ffc0efa1d2b26b9c6d177cd835143e35797,F-xx,F-19,Existing normative implementation contract represented by objective Appendix B F-19.,"B01 constraint-classification session, 2026-10-01",policy_review/2026-10-01; research/methods/constraint-crosswalk-independent-review.md
docs/legacy-observation-model-v1.md independent structural observation for production adapters,0466b11db95bf78505fc8b46438d6ef8d567f1d415266bc340258bb0e5cf1010,F-xx,F-19,Existing normative implementation contract represented by objective Appendix B F-19.,"B01 constraint-classification session, 2026-10-01",policy_review/2026-10-01; research/methods/constraint-crosswalk-independent-review.md
"docs/legacy-observation-model-v1.md pipeline (adapters observe, policy reconciles)",eb72479ddc76d35dfe004b77c273b308589e35212dad41b912f87b328d6582c3,F-xx,F-19,Existing normative implementation contract represented by objective Appendix B F-19.,"B01 constraint-classification session, 2026-10-01",policy_review/2026-10-01; research/methods/constraint-crosswalk-independent-review.md
docs/legacy-preservation-v1.md L13 preservation requires a compatibility projection (current freeze),a78e9e93677cd9498ebbe3ad6efc7c41648b49e3957598be6db177c674107453,F-xx,F-20,Explicit fixed behavior within objective Appendix B F-20.,"B01 constraint-classification session, 2026-10-01",policy_review/2026-10-01; research/methods/constraint-crosswalk-independent-review.md
docs/legacy-preservation-v1.md L86-90 absence of override never means unlimited,fb3ecc7f8a7140efeaa9b0cb719f88c468804a3809c8e81686bc617d9c7fa247,F-xx,F-20,Existing normative implementation contract represented by objective Appendix B F-20.,"B01 constraint-classification session, 2026-10-01",policy_review/2026-10-01; research/methods/constraint-crosswalk-independent-review.md
docs/legacy-preservation-v1.md L88-90 defaults are finite,407e245d9b86883bfd1cdcf4ba2f9a44f1bdad4bfe140b9f661b5745e497fe1c,F-xx,F-20,Existing normative implementation contract represented by objective Appendix B F-20.,"B01 constraint-classification session, 2026-10-01",policy_review/2026-10-01; research/methods/constraint-crosswalk-independent-review.md
docs/legacy-preservation-v1.md exact-source recovery is not export,0b8940ba476ece34b0ffe1a48a30d900f6b51b979f853f1156a2550778d55079,F-xx,F-20,Existing normative implementation contract represented by objective Appendix B F-20.,"B01 constraint-classification session, 2026-10-01",policy_review/2026-10-01; research/methods/constraint-crosswalk-independent-review.md
"docs/migration-workflows-v1.md (one semantic source, aggregate preflight, strict re-import, transaction)",c4ec3cd4fd22a995e68b181f4626d6c0fa2c95ed763d3208c09c931f891bbf01,F-xx,F-22,Existing normative implementation contract represented by objective Appendix B F-22.,"B01 constraint-classification session, 2026-10-01",policy_review/2026-10-01; research/methods/constraint-crosswalk-independent-review.md
docs/migration-workflows-v1.md (publish preflight and transaction semantics),a404e4b402775f63e2db2953d7bc9cf53f79f8c07d4b88ac14eb6c14ee041f3a,F-xx,F-22,Existing normative implementation contract represented by objective Appendix B F-22.,"B01 constraint-classification session, 2026-10-01",policy_review/2026-10-01; research/methods/constraint-crosswalk-independent-review.md
docs/migration-workflows-v1.md aggregate preflight (unapproved LOSSY and REFUSED targets reject the whole set),aa1350b24acc0bd07593f7159ca26e87530ed3fb95c6fde1776e899024d42bcf,F-xx,F-22,Existing normative implementation contract represented by objective Appendix B F-22.,"B01 constraint-classification session, 2026-10-01",policy_review/2026-10-01; research/methods/constraint-crosswalk-independent-review.md
docs/migration-workflows-v1.md frozen transaction rules,e72b409cdb30b1124bacbf618d2d640b460d8d5b93cd3ca9f2bbfc144046bbc7,F-xx,F-22,Explicit fixed behavior within objective Appendix B F-22.,"B01 constraint-classification session, 2026-10-01",policy_review/2026-10-01; research/methods/constraint-crosswalk-independent-review.md
docs/migration-workflows-v1.md §Sidecars: source never modified; verified before publish,29b6dae34da7d127a2e4da4e76792ff8bd8c7af4ea22506faf81ab761942be67,F-xx,F-22,Existing normative implementation contract represented by objective Appendix B F-22.,"B01 constraint-classification session, 2026-10-01",policy_review/2026-10-01; research/methods/constraint-crosswalk-independent-review.md
docs/planner-v1.md determinism rules,e4dbdca08ed7c5e45310b376b619836e0d3ce30c925ee600419b2f9c62db415e,F-xx,F-03,Existing normative implementation contract represented by objective Appendix B F-03.,"B01 constraint-classification session, 2026-10-01",policy_review/2026-10-01; research/methods/constraint-crosswalk-independent-review.md
docs/planner-v1.md integer arithmetic and determinism,4a53d2aff59274bfaa00f2e50456438a6eb358138e7acba0777820af9a3cb325,F-xx,F-03,Existing normative implementation contract represented by objective Appendix B F-03.,"B01 constraint-classification session, 2026-10-01",policy_review/2026-10-01; research/methods/constraint-crosswalk-independent-review.md
docs/planner-v1.md no environment dependence,77ab13b1c48a62301683b32b269f5539504418b464da4ec009929a8f0f816b73,F-xx,F-03,Existing normative implementation contract represented by objective Appendix B F-03.,"B01 constraint-classification session, 2026-10-01",policy_review/2026-10-01; research/methods/constraint-crosswalk-independent-review.md
"docs/planner-v1.md no filename, float or environment dependence",ac7c44f1ea1def5f8b1ee5a275d3daea0b2c0948c97643b9f14eb772234b414b,F-xx,F-03,Existing normative implementation contract represented by objective Appendix B F-03.,"B01 constraint-classification session, 2026-10-01",policy_review/2026-10-01; research/methods/constraint-crosswalk-independent-review.md
docs/planner-v1.md search bounded by profile table,6315fe4588f4f9d8057bf0c7bc015018045ac36ed5472daaa11a5b8127dfe938,F-xx,F-03,Existing normative implementation contract represented by objective Appendix B F-03.,"B01 constraint-classification session, 2026-10-01",policy_review/2026-10-01; research/methods/constraint-crosswalk-independent-review.md
"docs/platform-fidelity-v1.md L4-5 capture and restoration only where a safe, no-follow, exact platform boundary exists",6b6f20a81386e90512679eeba32dba8cdcc404eb11e8c64289dbe4b6183b0e45,F-xx,F-17,Existing normative implementation contract represented by objective Appendix B F-17.,"B01 constraint-classification session, 2026-10-01",policy_review/2026-10-01; research/methods/constraint-crosswalk-independent-review.md
docs/platform-fidelity-v1.md L5-6 (Entrybound retains unsafe_code forbid),93a13476825bb74108c67fe561df99743670aa8372df21815ea7c6f414d1433e,F-xx,F-23,Existing normative implementation contract represented by objective Appendix B F-23.,"B01 constraint-classification session, 2026-10-01",policy_review/2026-10-01; research/methods/constraint-crosswalk-independent-review.md
"docs/platform-fidelity-v1.md L55-58 ownership before ACLs before final mode, timestamps last, symlinks last",4343b43d35ee2b6e927fe6eb703c8659641b0a406b3dbdd6646ef114fee1fbbb,F-xx,F-17,Existing normative implementation contract represented by objective Appendix B F-17.,"B01 constraint-classification session, 2026-10-01",policy_review/2026-10-01; research/methods/constraint-crosswalk-independent-review.md
docs/random-access-v1.md L3-4: random access v1 adds no wire feature,df0914566ad1f2a57e8c00debe259ba4f9c5eed107798da8c62f29f18d929254,F-xx,F-29,Existing normative implementation contract represented by objective Appendix B F-29.,"B01 constraint-classification session, 2026-10-01",policy_review/2026-10-01; research/methods/constraint-crosswalk-independent-review.md
docs/reconstructive-transform-v1.md L30-36 frozen v5 eligibility,c8ba6db5f0c56979114b89dfc7c5cabb531830bd0b3c77f40eb50010db5491e3,F-xx,F-03,Explicit fixed behavior within objective Appendix B F-03.,"B01 constraint-classification session, 2026-10-01",policy_review/2026-10-01; research/methods/constraint-crosswalk-independent-review.md
docs/repack-v1.md L42: never silently decrypt,9246c8c09d6177731b81ce519a8c9d4acf2d0e823aefd18e77975589930c421d,F-xx,F-08,Repack identity/representation contract is registered in F-08.,"B01 constraint-classification session, 2026-10-01",policy_review/2026-10-01; research/methods/constraint-crosswalk-independent-review.md
docs/repack-v1.md copies ConversionProvenance,68f4c71d359dbf0229504dd6915e68c8f905f822f30f9de8bd656df7db67a670,F-xx,F-19,Existing normative implementation contract represented by objective Appendix B F-19.,"B01 constraint-classification session, 2026-10-01",policy_review/2026-10-01; research/methods/constraint-crosswalk-independent-review.md
docs/security-metadata-v1.md ACL wire and bounds,b324011f5a24f77b98d66b2686302592596224747a1d928d2af2e86d1991402c,F-xx,F-17,Existing normative implementation contract represented by objective Appendix B F-17.,"B01 constraint-classification session, 2026-10-01",policy_review/2026-10-01; research/methods/constraint-crosswalk-independent-review.md
docs/security-metadata-v1.md L33-34 unknown reparse objects are never coerced to File or Directory,3c2018a537fadeb584b7cb3ed155d3fbc1a8d7d9461a4a2fba46da3c6dcc05ea,F-xx,F-17,Existing normative implementation contract represented by objective Appendix B F-17.,"B01 constraint-classification session, 2026-10-01",policy_review/2026-10-01; research/methods/constraint-crosswalk-independent-review.md
docs/security-metadata-v1.md registries and docs/security-metadata-v1-vectors.txt frozen,a4522648e49979a5e96091e9e3a6e3b810b8e0143b9cb0038b71a2c4f61df160,F-xx,F-17,Explicit fixed behavior within objective Appendix B F-17.,"B01 constraint-classification session, 2026-10-01",policy_review/2026-10-01; research/methods/constraint-crosswalk-independent-review.md
docs/signing-key-management-v1.md (binding semantics),191a45b3a06d5eeb05a5efdc367fbf82a26b88e53f8007fe0483732db5146e34,F-xx,F-13,Existing normative implementation contract represented by objective Appendix B F-13.,"B01 constraint-classification session, 2026-10-01",policy_review/2026-10-01; research/methods/constraint-crosswalk-independent-review.md
docs/signing-key-management-v1.md L16-17 frozen CLI default,e7cc424dc48ec9772dc958d5d5739ef59d05b12d207a3181b25d3cd4be83f4bf,F-xx,F-13,Explicit fixed behavior within objective Appendix B F-13.,"B01 constraint-classification session, 2026-10-01",policy_review/2026-10-01; research/methods/constraint-crosswalk-independent-review.md
docs/signing-key-management-v1.md L44-45 anchors and time policy are caller inputs,bc9198772c7b1d61eada4a5ae62dd753a31d8982be788d83e3101a93f197dc82,F-xx,F-13,Existing normative implementation contract represented by objective Appendix B F-13.,"B01 constraint-classification session, 2026-10-01",policy_review/2026-10-01; research/methods/constraint-crosswalk-independent-review.md
"docs/signing-key-management-v1.md L45-46 no OCSP, CRL or certificate retrieval",b9d6216e43bb1ed4b9115a72b6e24b7e97ca45204e24c45ccd8dcad262bb3290,F-xx,F-13,Existing normative implementation contract represented by objective Appendix B F-13.,"B01 constraint-classification session, 2026-10-01",policy_review/2026-10-01; research/methods/constraint-crosswalk-independent-review.md
docs/signing-key-management-v1.md L77 never re-sign automatically,5f920b8c7a94ec84e11d51e322dc7bbd076162957e1105a2003b6a1a5b9a1bc1,F-xx,F-13,Existing normative implementation contract represented by objective Appendix B F-13.,"B01 constraint-classification session, 2026-10-01",policy_review/2026-10-01; research/methods/constraint-crosswalk-independent-review.md
docs/signing-key-management-v1.md L77 no automatic re-signing,6d3b89357afd72882ff63bf949c10a89c6b09f37ab2c09a0e44e3be811ef69d1,F-xx,F-13,Existing normative implementation contract represented by objective Appendix B F-13.,"B01 constraint-classification session, 2026-10-01",policy_review/2026-10-01; research/methods/constraint-crosswalk-independent-review.md
docs/signing-key-management-v1.md §Signature bindings and status L17-19,a60586c9a0eddbec15b1acbeb8073165e7db266b9232b57c6e8a6dd8ae129c89,F-xx,F-13,Existing normative implementation contract represented by objective Appendix B F-13.,"B01 constraint-classification session, 2026-10-01",policy_review/2026-10-01; research/methods/constraint-crosswalk-independent-review.md
docs/stream-layout-v1.md L371-374 verified-before-write staging,c057d634356273922b132c8905dc94b4d29f326eb9621906a0ff66189a897ad1,F-xx,F-11,Verified staging before output release is registered in F-11.,"B01 constraint-classification session, 2026-10-01",policy_review/2026-10-01; research/methods/constraint-crosswalk-independent-review.md
docs/tar-import-v1.md L108-110 probe observations are never production authority,cf6736b6369852a40ee88628f8661fe8c53d4dd576bd5ce6fd073a592cb2337b,F-xx,F-21,Existing normative implementation contract represented by objective Appendix B F-21.,"B01 constraint-classification session, 2026-10-01",policy_review/2026-10-01; research/methods/constraint-crosswalk-independent-review.md
docs/tar-import-v1.md L16-18 supported dialects (current freeze),d7321e62cb668325d5a92c51905525aca5a6542300cff7b43a4d2b49568b188b,F-xx,F-21,Explicit fixed behavior within objective Appendix B F-21.,"B01 constraint-classification session, 2026-10-01",policy_review/2026-10-01; research/methods/constraint-crosswalk-independent-review.md
docs/tar-import-v1.md L22-31 authorities separate; precedence recorded as Refinement (current freeze),847bb613fed74aeb3cceec16e1992ab40632e2b279d0675697cfc9e959689483,F-xx,F-21,Explicit fixed behavior within objective Appendix B F-21.,"B01 constraint-classification session, 2026-10-01",policy_review/2026-10-01; research/methods/constraint-crosswalk-independent-review.md
docs/tar-import-v1.md L42-45 targets must be regular files (current freeze),7edd7ff676d9139a0bb59156d7a5b3c2258bb0cec1b380fc130bed20556b2ffa,F-xx,F-21,Explicit fixed behavior within objective Appendix B F-21.,"B01 constraint-classification session, 2026-10-01",policy_review/2026-10-01; research/methods/constraint-crosswalk-independent-review.md
"docs/tar-import-v1.md L45-46, L69-71 sparse declarations refused",3d4d01597ba6c69ea54744569d58402672cf8e30905b4ee2f52ae70604d6e9ea,F-xx,F-21,Existing normative implementation contract represented by objective Appendix B F-21.,"B01 constraint-classification session, 2026-10-01",policy_review/2026-10-01; research/methods/constraint-crosswalk-independent-review.md
docs/tar-import-v1.md L48-51 refuse rather than normalize,ff48e4c0bdf9aa7c0ab0f24acd31de1ab673e47f32057203ae48b67e38d05185,F-xx,F-21,Existing normative implementation contract represented by objective Appendix B F-21.,"B01 constraint-classification session, 2026-10-01",policy_review/2026-10-01; research/methods/constraint-crosswalk-independent-review.md
docs/tar-import-v1.md UTF-8 LogicalPath,9c903bca4042d52af622f7b6386a798c9cd96cc788e0350ce298a9b3e480bb00,F-xx,F-21,Existing normative implementation contract represented by objective Appendix B F-21.,"B01 constraint-classification session, 2026-10-01",policy_review/2026-10-01; research/methods/constraint-crosswalk-independent-review.md
docs/tar-import-v1.md links projected,ebc1d0f734f0e037ae8d2a9057d22c1b9a4fa5e8995f2e471f7b9fc0b41181ec,F-xx,F-21,Existing normative implementation contract represented by objective Appendix B F-21.,"B01 constraint-classification session, 2026-10-01",policy_review/2026-10-01; research/methods/constraint-crosswalk-independent-review.md
docs/tar-import-v1.md strict fail-closed rules,4cd6d5e161fe70ccd55d1214500397532b89f500160fccbd64e2d54a849cbe20,F-xx,F-21,Existing normative implementation contract represented by objective Appendix B F-21.,"B01 constraint-classification session, 2026-10-01",policy_review/2026-10-01; research/methods/constraint-crosswalk-independent-review.md
docs/tar-import-v1.md strict freeze,8594bf36549ffc8d920798ac3d8206baf22e64fa1b5f730dc156026dea3a36f5,F-xx,F-21,Explicit fixed behavior within objective Appendix B F-21.,"B01 constraint-classification session, 2026-10-01",policy_review/2026-10-01; research/methods/constraint-crosswalk-independent-review.md
"docs/zip-compatibility-profiles-v1.md frozen exact-version profile IDs, no unversioned aliases",dd723a2baf922c8ef4a3b462c04398e84762763a427497a072df25312c52081a,F-xx,F-20,Explicit fixed behavior within objective Appendix B F-20.,"B01 constraint-classification session, 2026-10-01",policy_review/2026-10-01; research/methods/constraint-crosswalk-independent-review.md
docs/zip-compatibility-profiles-v1.md §Safety overrides L76-83,e746d44c74f7d93620b8323fd609a3d6b01acdf473cc6cd6984b61a81a78b62a,F-xx,F-20,Existing normative implementation contract represented by objective Appendix B F-20.,"B01 constraint-classification session, 2026-10-01",policy_review/2026-10-01; research/methods/constraint-crosswalk-independent-review.md
"docs/zip-export-v1.md L22-29: zip/portable-v1 frozen; ZIP64 exactly when a size, offset or EOCD field needs its sentinel; data descriptors never emitted",0fb907bb79b92ababcde199107495743d4f528bd3a8754bb504611fab6073838,F-xx,F-22,Explicit fixed behavior within objective Appendix B F-22.,"B01 constraint-classification session, 2026-10-01",policy_review/2026-10-01; research/methods/constraint-crosswalk-independent-review.md
docs/zip-export-v1.md STORE versus DEFLATE rule,f38cbf06f141b9dd73585ccfa94a0e5bac765197a155ad301e8a917afd223196,F-xx,F-22,Existing normative implementation contract represented by objective Appendix B F-22.,"B01 constraint-classification session, 2026-10-01",policy_review/2026-10-01; research/methods/constraint-crosswalk-independent-review.md
docs/zip-export-v1.md never renames or sanitizes,644b7d61d3047720fe9bc0ad2e17ca040315e51fa623b47ee5d59ca0d60bcdc8,F-xx,F-22,Existing normative implementation contract represented by objective Appendix B F-22.,"B01 constraint-classification session, 2026-10-01",policy_review/2026-10-01; research/methods/constraint-crosswalk-independent-review.md
docs/zip-import-v1.md L102 strict default (current freeze),ce90133cfb8c558111c272dbaee4ba7e383b0221c201438b884f607b8386fd20,F-xx,F-20,Explicit fixed behavior within objective Appendix B F-20.,"B01 constraint-classification session, 2026-10-01",policy_review/2026-10-01; research/methods/constraint-crosswalk-independent-review.md
docs/zip-import-v1.md and docs/7z-import-v1.md: encrypted input outside v1,12c4f190c733e37d357fbf21b364c8c9578aad784a1e1b7a0ce7e9acebc8d830,F-xx,F-20,Existing normative implementation contract represented by objective Appendix B F-20.,"B01 constraint-classification session, 2026-10-01",policy_review/2026-10-01; research/methods/constraint-crosswalk-independent-review.md
docs/zip-import-v1.md multi-disk refused,8640a3b33a5918dbf044b8a0e82cdfa22b506ba737e8f44604395b12a71240d9,F-xx,F-20,Existing normative implementation contract represented by objective Appendix B F-20.,"B01 constraint-classification session, 2026-10-01",policy_review/2026-10-01; research/methods/constraint-crosswalk-independent-review.md
docs/zip-import-v1.md supported structure,fa4f85f394ffcd5d39b5fda7e409249cba1569f0d6e488416f8f40d9724c39a8,F-xx,F-20,Existing normative implementation contract represented by objective Appendix B F-20.,"B01 constraint-classification session, 2026-10-01",policy_review/2026-10-01; research/methods/constraint-crosswalk-independent-review.md
eam/validate.rs:791-829 POSIX1E ACCESS ACL agrees with posix.mode,484833c74930e74562b0d9c48556cb6c63b7c121308190f50e704e12cce8848b,F-xx,F-17,Versioned platform metadata requires POSIX ACL/mode consistency under F-17.,"B01 constraint-classification session, 2026-10-01",policy_review/2026-10-01; research/methods/constraint-crosswalk-independent-review.md
eam/validate.rs:922-995 contiguous groups with exact max_preceding_bytes,3fca98bf16fee363b91b832f851013bd6b34ab5cef5a78459fc1f5de85b47646,HC-xx,HC-09,Contiguous lookback groups and declared bound support HC-09 self-containment.,"B01 constraint-classification session, 2026-10-01",policy_review/2026-10-01; research/methods/constraint-crosswalk-independent-review.md
ebr refuses timing runs while quiet-machine limits are unset (PROGRESS open integration items),3265b962b1493cbad629cf68980386261697eea4d113eb899804606480e03649,PROGRAM,,"Program/research governance, evidence policy, or cross-decision handoff; not a candidate HC/freeze screen.","B01 constraint-classification session, 2026-10-01",policy_review/2026-10-01; research/methods/constraint-crosswalk-independent-review.md
ecf/container.rs:1255-1269 frame order authoritative for lookback dependencies,d7205704823e61acda693dd9ae3aa2c0cf63d301069b57ce507e1c0eab342a9d,HC-xx,HC-09,"Restates the objective HC-09 obligation; candidate screen is its MVT, not this wording alone.","B01 constraint-classification session, 2026-10-01",policy_review/2026-10-01; research/methods/constraint-crosswalk-independent-review.md
ecf/container.rs:1856-1858 one frame per chunk digest,7881e9844cc10cdd25780dbb7aee5e1ab6ffb790d57644e8c856025a5ca3290e,HC-xx,HC-01,One frame per declared chunk digest preserves single data authority under HC-01.,"B01 constraint-classification session, 2026-10-01",policy_review/2026-10-01; research/methods/constraint-crosswalk-independent-review.md
ecf/records.rs:738-776 frozen v6 audit reasons,d0c55443a7607acdd4583e651e20bb630d232551764af4eec665aa577c3f98d3,HC-xx,HC-16,Historical format/identifier meaning cannot be reinterpreted (HC-16); no narrower registered F matches this label.,"B01 constraint-classification session, 2026-10-01",policy_review/2026-10-01; research/methods/constraint-crosswalk-independent-review.md
encrypted Index record type 27 frozen (docs/crypto-wire-v1.md L554-568),ddd4c87b780c32f4cda7264fd0a3e9bfdf9b9cd9d5f02a13e82ed2199f7d4d37,F-xx,F-12,Explicit fixed behavior within objective Appendix B F-12.,"B01 constraint-classification session, 2026-10-01",policy_review/2026-10-01; research/methods/constraint-crosswalk-independent-review.md
encrypted manifest single-unit model (access encrypted-manifest-and-index-single-unit-scalability),e47a9c78093c6a593a8f6888577b39ab8ec9b5f8935362245511d3b3b17696f5,DECISION_INPUT,,"Scope, status-quo fact, or design input with no exact registered HC/F screen in this label.","B01 constraint-classification session, 2026-10-01",policy_review/2026-10-01; research/methods/constraint-crosswalk-independent-review.md
encrypted preamble sentinels (docs/crypto-wire-v1.md L131-140),58dac5d7213c5a9cf1f8ab342a5dac6d75f26bd786badbda0681bdc7f0597f99,F-xx,F-12,Existing normative implementation contract represented by objective Appendix B F-12.,"B01 constraint-classification session, 2026-10-01",policy_review/2026-10-01; research/methods/constraint-crosswalk-independent-review.md
entrybound/migration-report-v1 (docs/migration-workflows-v1.md L3),a85e3de5ea09ac148b5a8da40d39162df3eb9fac56e2b40c518bf4c565952283,F-xx,F-22,Existing normative implementation contract represented by objective Appendix B F-22.,"B01 constraint-classification session, 2026-10-01",policy_review/2026-10-01; research/methods/constraint-crosswalk-independent-review.md
exclusive create plus sync for key files (entrybound-cli/src/lib.rs:2684-2697),554f9cf0c2597c84f48e402eb2bfe2efc46010e200c940f97710eaf292f49356,HC-xx,HC-18,"Restates the objective HC-18 obligation; candidate screen is its MVT, not this wording alone.","B01 constraint-classification session, 2026-10-01",policy_review/2026-10-01; research/methods/constraint-crosswalk-independent-review.md
feature 0x10000 projection rule (docs/posix-metadata-v1.md L90-93),372d2af9801c4e021c65f8e20a0990e4fba45dcb56cef320ed558441e1e2a8d0,F-xx,F-17,Existing normative implementation contract represented by objective Appendix B F-17.,"B01 constraint-classification session, 2026-10-01",policy_review/2026-10-01; research/methods/constraint-crosswalk-independent-review.md
feature activation must be deterministic for a given planner id,281733e9f6c31fdc5cae1009d4d9d27cbe3cc1a51955aacad9cc4c81448cc4d7,HC-xx,HC-13,"Restates the objective HC-13 obligation; candidate screen is its MVT, not this wording alone.","B01 constraint-classification session, 2026-10-01",policy_review/2026-10-01; research/methods/constraint-crosswalk-independent-review.md
"feature bits are compatibility declarations, not authorities (docs/crypto-wire-v1.md L30-32)",bcaa1ff3fb079e04bd3e9b62f0088493f217d74414dd02de2127392cf90333fe,F-xx,F-12,Existing normative implementation contract represented by objective Appendix B F-12.,"B01 constraint-classification session, 2026-10-01",policy_review/2026-10-01; research/methods/constraint-crosswalk-independent-review.md
feature bits never reused,45deebd0cd508c443f4569be76f7dd25cc649938e96499553612456242357316,F-xx,F-26,Explicit fixed behavior within objective Appendix B F-26.,"B01 constraint-classification session, 2026-10-01",policy_review/2026-10-01; research/methods/constraint-crosswalk-independent-review.md
feature bits never reused (SPEC §20.3),37ff05f697c4bda6c690c228de49bc2af5c22fc971a69f9b3c5edf7d687bc189,F-xx,F-26,Explicit fixed behavior within objective Appendix B F-26.,"B01 constraint-classification session, 2026-10-01",policy_review/2026-10-01; research/methods/constraint-crosswalk-independent-review.md
frozen reconstruction limits (docs/reconstructive-transform-v1.md L104-106; docs/jpeg-reconstruction-v1.md L138-146),87059e406d7061b2c423048b8d60d9c2933b883000c19845a24e8ed112c58c5b,F-xx,F-03,Explicit fixed behavior within objective Appendix B F-03.,"B01 constraint-classification session, 2026-10-01",policy_review/2026-10-01; research/methods/constraint-crosswalk-independent-review.md
frozen vectors (docs/descriptor-vectors-v1.txt),e2e285d05954fc9f450a127ec1f8ecd9fa8f776f6e6710892c625cf6b8e68668,F-xx,F-15,Explicit fixed behavior within objective Appendix B F-15.,"B01 constraint-classification session, 2026-10-01",policy_review/2026-10-01; research/methods/constraint-crosswalk-independent-review.md
future features cannot reinterpret assigned values (docs/crypto-wire-v1.md L753-754),a7de2d6e3db0aab83ca08060989874663416587681a8f51676a93b1496676b65,HC-xx,HC-16,Assigned values and historical meaning are immutable under HC-16.,"B01 constraint-classification session, 2026-10-01",policy_review/2026-10-01; research/methods/constraint-crosswalk-independent-review.md
hardlink group requires at least two members (docs/posix-metadata-v1.md L77),f27175f94fe068dbb223f03625ffe94121f7c85f9215ddf8b8d74640e0b164fa,F-xx,F-17,Existing normative implementation contract represented by objective Appendix B F-17.,"B01 constraint-classification session, 2026-10-01",policy_review/2026-10-01; research/methods/constraint-crosswalk-independent-review.md
hardlink group rules (docs/posix-metadata-v1.md L75-78),611be9537ae88e95972729fbd9478866e8d477c4b44d56f1da68f3b42d5124cf,F-xx,F-17,Existing normative implementation contract represented by objective Appendix B F-17.,"B01 constraint-classification session, 2026-10-01",policy_review/2026-10-01; research/methods/constraint-crosswalk-independent-review.md
historical Entry-v1 identity bytes frozen,02a6f66a09f159dc8ee4078c6997a8690506c1a379971f18d4a750f3cea55d99,HC-xx,HC-16,Historical format/identifier meaning cannot be reinterpreted (HC-16); no narrower registered F matches this label.,"B01 constraint-classification session, 2026-10-01",policy_review/2026-10-01; research/methods/constraint-crosswalk-independent-review.md
historical Entry-v1 identity bytes frozen (docs/posix-metadata-v1.md L6-7),f687ad92eb46117e846f1eb902536c4452e628e5fa9a4c2b61ae834b54dc56ec,F-xx,F-17,Explicit fixed behavior within objective Appendix B F-17.,"B01 constraint-classification session, 2026-10-01",policy_review/2026-10-01; research/methods/constraint-crosswalk-independent-review.md
historical Entry-v1 identity bytes frozen (encoding byte 1 participates),cba30b8e1bf5b22c5b4d4941ad6b98a793a307aad6487edd9730bd1dda9ccade,HC-xx,HC-16,Historical format/identifier meaning cannot be reinterpreted (HC-16); no narrower registered F matches this label.,"B01 constraint-classification session, 2026-10-01",policy_review/2026-10-01; research/methods/constraint-crosswalk-independent-review.md
historical archives remain readable (docs/filesystem-bootstrap.md L33-34),ff64c098426e163c65b708b2c506946be24cc152cab46df954e8e9de7de0fcc7,HC-xx,HC-16,"Restates the objective HC-16 obligation; candidate screen is its MVT, not this wording alone.","B01 constraint-classification session, 2026-10-01",policy_review/2026-10-01; research/methods/constraint-crosswalk-independent-review.md
historical records never reinterpreted,7e248abc98d665cb8e3db2cad31f9da93bb32be046a65cecfe5904ea2c48dcb7,HC-xx,HC-16,Published record/profile/field meaning remains immutable under HC-16.,"B01 constraint-classification session, 2026-10-01",policy_review/2026-10-01; research/methods/constraint-crosswalk-independent-review.md
historical records never reinterpreted (docs/jpeg-reconstruction-v1.md L157-159),46ad98ea0be782e9872e665b1de1adce90a9feb0801af68609bd2901c53675b4,HC-xx,HC-16,Published record/profile/field meaning remains immutable under HC-16.,"B01 constraint-classification session, 2026-10-01",policy_review/2026-10-01; research/methods/constraint-crosswalk-independent-review.md
identity profiles frozen once published,2394bf01150f3f855b86afd54d91ccbb10a91ec3744a8a1e954275b62b62de7c,HC-xx,HC-16,Published record/profile/field meaning remains immutable under HC-16.,"B01 constraint-classification session, 2026-10-01",policy_review/2026-10-01; research/methods/constraint-crosswalk-independent-review.md
identity profiles frozen once published (SPEC §20.3),0bc3a3d6d5978316b17a5a65713b633bc148d68e08d336beb7417d737a0760af,HC-xx,HC-16,Published record/profile/field meaning remains immutable under HC-16.,"B01 constraint-classification session, 2026-10-01",policy_review/2026-10-01; research/methods/constraint-crosswalk-independent-review.md
identity roots bound into Descriptor v1 (frozen vectors),dae7a11e14593ffaabe451370b13148d1292b5f71ed06fe9a29978d4c749839e,F-xx,F-15,Explicit fixed behavior within objective Appendix B F-15.,"B01 constraint-classification session, 2026-10-01",policy_review/2026-10-01; research/methods/constraint-crosswalk-independent-review.md
integrity cluster decision legacy-integrity-check-strictness (check type None),9cd77811e0303c744e338ddbc27375f721a5291d599b431cbcea107340d9930b,DECISION_INPUT,,Cross-decision ownership or scope handoff; no independent R1 screen.,"B01 constraint-classification session, 2026-10-01",policy_review/2026-10-01; research/methods/constraint-crosswalk-independent-review.md
integrity decision cli-output-atomicity,6f1116add6469f9c6bafe918c3ee076053e71fb82f295f8f4de5bbb70e201926,DECISION_INPUT,,Cross-decision ownership or scope handoff; no independent R1 screen.,"B01 constraint-classification session, 2026-10-01",policy_review/2026-10-01; research/methods/constraint-crosswalk-independent-review.md
integrity decision cli-overwrite-policy,aaabef619288cc7b4db70403467eaf583cca699cdcfb6cb19e591ac8751b3634,DECISION_INPUT,,Cross-decision ownership or scope handoff; no independent R1 screen.,"B01 constraint-classification session, 2026-10-01",policy_review/2026-10-01; research/methods/constraint-crosswalk-independent-review.md
integrity decision cli-overwrite-policy (no overwrite by default),abfabe3a4f490c7c636b794a990b921e7f9eeaa0936947a192895364e9f3e414,DECISION_INPUT,,Cross-decision ownership or scope handoff; no independent R1 screen.,"B01 constraint-classification session, 2026-10-01",policy_review/2026-10-01; research/methods/constraint-crosswalk-independent-review.md
integrity decision keyless-encrypted-verify-exit-status,9a34401fd971cc6c521961f5f0be43a387fc28404f42030053f9c11104693abb,DECISION_INPUT,,Cross-decision ownership or scope handoff; no independent R1 screen.,"B01 constraint-classification session, 2026-10-01",policy_review/2026-10-01; research/methods/constraint-crosswalk-independent-review.md
integrity decision signature-binding-status-vocabulary,7de80ca3090106160619f21a1eb7723bb78369a3a4f88f83437f566c5547185c,DECISION_INPUT,,Cross-decision ownership or scope handoff; no independent R1 screen.,"B01 constraint-classification session, 2026-10-01",policy_review/2026-10-01; research/methods/constraint-crosswalk-independent-review.md
integrity decisions sidecar-content-model and verify-against-and-sidecar-check,dd26d56c5e8cb7e35ae757fa88a6753b813d57d679b201bdcf03e77a3822ace6,DECISION_INPUT,,Cross-decision ownership or scope handoff; no independent R1 screen.,"B01 constraint-classification session, 2026-10-01",policy_review/2026-10-01; research/methods/constraint-crosswalk-independent-review.md
legacy export frozen profiles,47fcc5cc615662a0a0113d54267ffe1586e29a4b47230f5c9e94ba6053e59ccb,F-xx,F-22,Explicit fixed behavior within objective Appendix B F-22.,"B01 constraint-classification session, 2026-10-01",policy_review/2026-10-01; research/methods/constraint-crosswalk-independent-review.md
legacy-preservation-v1 source digest binding (docs/legacy-preservation-v1.md),1b734ffe7abc82b827bc900da4b8639d5e1afab94e40fa15d4574aa0b4fa4122,F-xx,F-20,Existing normative implementation contract represented by objective Appendix B F-20.,"B01 constraint-classification session, 2026-10-01",policy_review/2026-10-01; research/methods/constraint-crosswalk-independent-review.md
legacy-preservation-v1 wire frozen,e7832a45364370d2bece7e017cfafe684a6ec72a8e13bd31f3c2ab46747eeac4,F-xx,F-20,Explicit fixed behavior within objective Appendix B F-20.,"B01 constraint-classification session, 2026-10-01",policy_review/2026-10-01; research/methods/constraint-crosswalk-independent-review.md
legacy-preservation-v1 wire records 30-36 frozen,8447b99ec61f33049c991744ea6eba0b7b80103b38548ec5776a88e2ee0a9be9,F-xx,F-20,Explicit fixed behavior within objective Appendix B F-20.,"B01 constraint-classification session, 2026-10-01",policy_review/2026-10-01; research/methods/constraint-crosswalk-independent-review.md
macOS FinderInfo/ResourceFork remain exact xattrs (docs/security-metadata-v1.md L137-138),892e989a2ce74824c29b4a8d94fe8f0060d6526a9e3aee7601715555537f07c7,F-xx,F-17,Existing normative implementation contract represented by objective Appendix B F-17.,"B01 constraint-classification session, 2026-10-01",policy_review/2026-10-01; research/methods/constraint-crosswalk-independent-review.md
"macos.flags mask 0x40bf80ef, unknown bits fail closed (docs/security-metadata-v1.md L132-136)",2d7e5cb445d9a2eb1a3db32e4b2629da19e7b77cf3e43c5b0064a9ab47cc82dd,F-xx,F-17,Existing normative implementation contract represented by objective Appendix B F-17.,"B01 constraint-classification session, 2026-10-01",policy_review/2026-10-01; research/methods/constraint-crosswalk-independent-review.md
migration-report-v1 fixed field order (docs/migration-workflows-v1.md),44e00dfda767f3a5303ceb1bf9d3162e5cbc372835a4517185469b40d378f690,F-xx,F-22,Existing normative implementation contract represented by objective Appendix B F-22.,"B01 constraint-classification session, 2026-10-01",policy_review/2026-10-01; research/methods/constraint-crosswalk-independent-review.md
migration-report-v1 schema frozen (docs/migration-workflows-v1.md L73-90),f590cead4d9bf709db6d57684aab1bc4aadd07a5ce51730a19b11cb5c7092ffe,F-xx,F-22,Explicit fixed behavior within objective Appendix B F-22.,"B01 constraint-classification session, 2026-10-01",policy_review/2026-10-01; research/methods/constraint-crosswalk-independent-review.md
model decision chunker-id-consistency (replan identifier defect) must resolve consistently,64836709719ade6dfca1ed840c197ef2000bde8bb36f66718a353a075f68d141,DECISION_INPUT,,Cross-decision ownership or scope handoff; no independent R1 screen.,"B01 constraint-classification session, 2026-10-01",policy_review/2026-10-01; research/methods/constraint-crosswalk-independent-review.md
model decision determinism-guarantee-scope (output must not depend on unrecorded ambient state),dfb1244f93007b638ad19f8045ac4e578ea9bd2b80114ffd287402aff57b174f,HC-xx,HC-11;HC-13,No ambient decode interpretation (HC-11) or encode determinism variation (HC-13).,"B01 constraint-classification session, 2026-10-01",policy_review/2026-10-01; research/methods/constraint-crosswalk-independent-review.md
model decision determinism-guarantee-scope defines overall determinism scope,54a93976ecdf13f3d9acd140de7c6391c28793e3d3dcf374eeac55425db0a672,DECISION_INPUT,,Cross-decision ownership or scope handoff; no independent R1 screen.,"B01 constraint-classification session, 2026-10-01",policy_review/2026-10-01; research/methods/constraint-crosswalk-independent-review.md
model decision library-api-surface-v1,363bb4cdf9f1c2e5b1c988ccde63b16f21799ab35adaa4c6f3931de5b6b3a522,DECISION_INPUT,,Cross-decision ownership or scope handoff; no independent R1 screen.,"B01 constraint-classification session, 2026-10-01",policy_review/2026-10-01; research/methods/constraint-crosswalk-independent-review.md
model decision reason-code-registry-and-precedence,031a5f2510c610944d94bbc0bd838ed47bcf7179b072ae15d506c7617958156d,DECISION_INPUT,,Cross-decision ownership or scope handoff; no independent R1 screen.,"B01 constraint-classification session, 2026-10-01",policy_review/2026-10-01; research/methods/constraint-crosswalk-independent-review.md
model-semantic tier assignment per model feature-bit-assignment-policy,6463e31762033ffc7151da77f9d5e7e510861fecb295c75ec7e842e5a2f0a9d8,DECISION_INPUT,,"Scope, status-quo fact, or design input with no exact registered HC/F screen in this label.","B01 constraint-classification session, 2026-10-01",policy_review/2026-10-01; research/methods/constraint-crosswalk-independent-review.md
native EAM Symlink kind (posix-metadata-v1),f9cef1a6023e2a053dd3d6f9b926e06ca26e41f547be85428e2ab97f85901eee,DECISION_INPUT,,"Scope, status-quo fact, or design input with no exact registered HC/F screen in this label.","B01 constraint-classification session, 2026-10-01",policy_review/2026-10-01; research/methods/constraint-crosswalk-independent-review.md
never overwrite an existing destination (docs/repack-v1.md L34-36),d9d88bebc885f5545fe96b4062579866689ba9e9c8e25e2f73a76560bd507c90,HC-xx,HC-18,HC-18 requires atomic output without overwriting existing destinations.,"B01 constraint-classification session, 2026-10-01",policy_review/2026-10-01; research/methods/constraint-crosswalk-independent-review.md
no lossy ACL substitute (docs/platform-fidelity-v1.md L27-28),118348eba8243b7724014d7456305adb12a80f5b43a1f2bb0c9e85f82d9aa7ed,F-xx,F-17,Existing normative implementation contract represented by objective Appendix B F-17.,"B01 constraint-classification session, 2026-10-01",policy_review/2026-10-01; research/methods/constraint-crosswalk-independent-review.md
no lossy substitute (docs/platform-fidelity-v1.md L27-28),0a6b665578c88ed9f02d7736647f4d7254c522fda07e67b46fb532ce7dac4081,F-xx,F-17,Existing normative implementation contract represented by objective Appendix B F-17.,"B01 constraint-classification session, 2026-10-01",policy_review/2026-10-01; research/methods/constraint-crosswalk-independent-review.md
no plaintext release before tag verification,81ffe7fe1cf867c477f1476a10cb1a4cf193d27318b34256e722468a23d6384d,HC-xx,HC-14,"Restates the objective HC-14 obligation; candidate screen is its MVT, not this wording alone.","B01 constraint-classification session, 2026-10-01",policy_review/2026-10-01; research/methods/constraint-crosswalk-independent-review.md
path hazard semantics per model descriptor-path-hazard-summaries,a1aeab890d0a4d7abf488205362ea8c48ef759175e33997cb1330654f38d50d1,DECISION_INPUT,,"Scope, status-quo fact, or design input with no exact registered HC/F screen in this label.","B01 constraint-classification session, 2026-10-01",policy_review/2026-10-01; research/methods/constraint-crosswalk-independent-review.md
pax vendor keywords must be VENDOR.keyword,6b5b53c738df0292315b2ef7fa9c873e17264d3f328c0cf629db573a92e80abd,F-xx,F-21,Tar import dialect semantics are registered under F-21.,"B01 constraint-classification session, 2026-10-01",policy_review/2026-10-01; research/methods/constraint-crosswalk-independent-review.md
planner IDs frozen,82e4233173a7459f95c2609f92e0ab016310816f1b8096c4d1f5089986d21cdc,F-xx,F-03,Explicit fixed behavior within objective Appendix B F-03.,"B01 constraint-classification session, 2026-10-01",policy_review/2026-10-01; research/methods/constraint-crosswalk-independent-review.md
"planner IDs frozen (SPEC §12.2, §20.3)",855686e879ff8eaf9b4df5585b991046a1f82e4dd6ec244ac10a4e3e5fa32882,F-xx,F-03,Explicit fixed behavior within objective Appendix B F-03.,"B01 constraint-classification session, 2026-10-01",policy_review/2026-10-01; research/methods/constraint-crosswalk-independent-review.md
planner-v1 1 MiB zstd window (docs/planner-v1.md L45-47),639cd078f58f8c289a1ffacc2c26879e3d078fd9f41ed894f18f30818a13bc14,F-xx,F-03,Existing normative implementation contract represented by objective Appendix B F-03.,"B01 constraint-classification session, 2026-10-01",policy_review/2026-10-01; research/methods/constraint-crosswalk-independent-review.md
planner.rs:223-241 profile-only parsing,e0fb6d498a88f01af649f478ca30492f547e8329dfbc25ee89cfa5e97e85978d,F-xx,F-03,Fixed product contract under objective Appendix B F-03.,"B01 constraint-classification session, 2026-10-01",policy_review/2026-10-01; research/methods/constraint-crosswalk-independent-review.md
posix-metadata-v1 bounds (docs/posix-metadata-v1.md L88-89),27a85b169524fb6d394bd1f8b042cb1d5dae5fa607d6677b1513d2cba90739bf,F-xx,F-17,Existing normative implementation contract represented by objective Appendix B F-17.,"B01 constraint-classification session, 2026-10-01",policy_review/2026-10-01; research/methods/constraint-crosswalk-independent-review.md
preamble bound by footer SHA-256 and feature digest,42bf51a1c831847c3c729d22eaac62534dc235e51e1ffddf1750ecdb475b3006,HC-xx,HC-16,Preamble/footer binding and feature identity cannot be reinterpreted historically.,"B01 constraint-classification session, 2026-10-01",policy_review/2026-10-01; research/methods/constraint-crosswalk-independent-review.md
preamble offsets 76-96 frozen,e6eff9a79a9a361a199bcef9911c2aa7978c4620520bd84e2b4f25d6c0b6466d,HC-xx,HC-16,Published record/profile/field meaning remains immutable under HC-16.,"B01 constraint-classification session, 2026-10-01",policy_review/2026-10-01; research/methods/constraint-crosswalk-independent-review.md
preamble offsets 96-160 hold exactly eight u64,79525896524b6e25d42f66ecb112d959c80b6f84f924fb56d060b1cf8c8a6aa7,HC-xx,HC-16,Published preamble field layout is immutable under HC-16.,"B01 constraint-classification session, 2026-10-01",policy_review/2026-10-01; research/methods/constraint-crosswalk-independent-review.md
production semantics unchanged by experiments (research program standing decision),6e4a41bd070044bb06a770e3da2eb59f0678f4041e7f75227f2ed0baaf64ebc9,PROGRAM,,Research isolation is a program gate rather than a candidate screen.,"B01 constraint-classification session, 2026-10-01",policy_review/2026-10-01; research/methods/constraint-crosswalk-independent-review.md
program standing decision: research features default-off and byte-identical when disabled,1ee3aad41b4a7f7ab3e250f17a1f1e48c6070de01ba5b2af1f58a6b6618f114e,PROGRAM,,"Program/research governance, evidence policy, or cross-decision handoff; not a candidate HC/freeze screen.","B01 constraint-classification session, 2026-10-01",policy_review/2026-10-01; research/methods/constraint-crosswalk-independent-review.md
readers never synthesize declarations (docs/crypto-implementation-v1.md L201-203),58088d7f39221c3d6c58a5ded992ae72f22f119680feed72d473d0a9b6fed5ec,HC-xx,HC-01,A reader cannot invent a second semantic authority under HC-01.,"B01 constraint-classification session, 2026-10-01",policy_review/2026-10-01; research/methods/constraint-crosswalk-independent-review.md
registry names 12 windows.creation-time and 15 macos.birthtime (CaptureOnly) frozen in docs/security-metadata-v1.md,42108e1006fa8ab5032c0464f1251fd7d742f242564f7c1a1f053b007220a083,F-xx,F-17,Explicit fixed behavior within objective Appendix B F-17.,"B01 constraint-classification session, 2026-10-01",policy_review/2026-10-01; research/methods/constraint-crosswalk-independent-review.md
registry names 4 posix.uid and 5 posix.gid,ee66b16be6154b7ef092e761fda6bb7925eba05d563f628ddf172e89dd8d584e,F-xx,F-17,Registered POSIX ownership metadata names belong to F-17.,"B01 constraint-classification session, 2026-10-01",policy_review/2026-10-01; research/methods/constraint-crosswalk-independent-review.md
repack identity preservation (model repack-preserves-identity-guardrail),3704cdef8424909c7775682a87a2b63e4e2bb95d330a2e99071b843ca1a802c8,F-xx,F-08,Fixed product contract under objective Appendix B F-08.,"B01 constraint-classification session, 2026-10-01",policy_review/2026-10-01; research/methods/constraint-crosswalk-independent-review.md
representation-only repack requires LAI/AUX/PCR equality (docs/repack-v1.md L44-49),b5c0103b484028f5984d96299328fa93a79fbc041f4c10b030b337a6e00b1d7d,F-xx,F-08,Existing normative implementation contract represented by objective Appendix B F-08.,"B01 constraint-classification session, 2026-10-01",policy_review/2026-10-01; research/methods/constraint-crosswalk-independent-review.md
research/PROGRESS.md standing decision: experiments run locally or in Docker only,508caab7078bea93aaca118a705686c53bf1fdf0e3e9dd11202bbbb10d6c1c65,PROGRAM,,"Program/research governance, evidence policy, or cross-decision handoff; not a candidate HC/freeze screen.","B01 constraint-classification session, 2026-10-01",policy_review/2026-10-01; research/methods/constraint-crosswalk-independent-review.md
"research/corpus/methodology.md §3 split rules (independence groups, upstream identity, same-split derivation)",7fceddb4d31ced7cfefda822c00aef37711a956f6d80aa0cf356e8aa89911445,PROGRAM,,"Program/research governance, evidence policy, or cross-decision handoff; not a candidate HC/freeze screen.","B01 constraint-classification session, 2026-10-01",policy_review/2026-10-01; research/methods/constraint-crosswalk-independent-review.md
"research/decisions/design-freeze.json key names design_freeze_sha, commit_sha or sha (PROGRESS open integration items)",bccfd8b7dcac558fc0ba696eb264fb60c130defd2f6acaa08a216a52493aeef6,PROGRAM,,"Program/research governance, evidence policy, or cross-decision handoff; not a candidate HC/freeze screen.","B01 constraint-classification session, 2026-10-01",policy_review/2026-10-01; research/methods/constraint-crosswalk-independent-review.md
research/methods/thresholds.json (thresholds from research/decision-method.md only),a95a4872c1bfb5273086282086e15fa7181d7e1c6034190df2835ecf204a7144,PROGRAM,,"Program/research governance, evidence policy, or cross-decision handoff; not a candidate HC/freeze screen.","B01 constraint-classification session, 2026-10-01",policy_review/2026-10-01; research/methods/constraint-crosswalk-independent-review.md
research/tools/ebr/thresholds.py L1-12: no numeric default for any decision threshold,2d2d96068621b085e8f50cc16426c3dbfe2b0be704dbffbcc37da470631b88d9,PROGRAM,,"Program/research governance, evidence policy, or cross-decision handoff; not a candidate HC/freeze screen.","B01 constraint-classification session, 2026-10-01",policy_review/2026-10-01; research/methods/constraint-crosswalk-independent-review.md
"rust-version 1.94 MSRV and pinned toolchain (Cargo.toml, rust-toolchain.toml)",41ef7d7693233de65faa66b84e14077dd13d33e8c12fb8d3209cd1e17429d5c2,DECISION_INPUT,,"Scope, status-quo fact, or design input with no exact registered HC/F screen in this label.","B01 constraint-classification session, 2026-10-01",policy_review/2026-10-01; research/methods/constraint-crosswalk-independent-review.md
sch_netem unavailable in WSL2 and Docker (PROGRESS known blockers),d4fb3fd770b5c05d4f85d9d168e5f59629fb1ab93fbf181f95b9ec22dbea15cf,PROGRAM,,"Program/research governance, evidence policy, or cross-decision handoff; not a candidate HC/freeze screen.","B01 constraint-classification session, 2026-10-01",policy_review/2026-10-01; research/methods/constraint-crosswalk-independent-review.md
section schema order frozen per feature (docs/format-v0.md L245-271),2b9a41de88a77a59ac1185bfc2f598e15a49aa2d7754089b8593977f87fac80f,HC-xx,HC-16,Historical format/identifier meaning cannot be reinterpreted (HC-16); no narrower registered F matches this label.,"B01 constraint-classification session, 2026-10-01",policy_review/2026-10-01; research/methods/constraint-crosswalk-independent-review.md
similarity.rs:1-5 / docs/cross-file-compression-v1.md L19-21 similarity is a creation-time hint; SHA-256 is the sole equality authority,e6cc72312ba2dee41c780b22c63c75d3c8911a4596e0caac2f8f4573c3831928,F-xx,F-04,Existing normative implementation contract represented by objective Appendix B F-04.,"B01 constraint-classification session, 2026-10-01",policy_review/2026-10-01; research/methods/constraint-crosswalk-independent-review.md
stdin is read by the STREAM reader and INDEXED stdin input is refused (entrybound-cli lib.rs:478-546),8429e3418c161576b37a646903a0290f8c7c1672fce7bb720d2459530caea053,F-xx,F-09,Sequential read-only source boundary is registered in F-09.,"B01 constraint-classification session, 2026-10-01",policy_review/2026-10-01; research/methods/constraint-crosswalk-independent-review.md
structure choice per integrity range-verification-structure-merkle-outboard,a84095a9fd922b37e0fd542dd54e9873dcf93a93cd2d124fc940ba764a81601a,HC-xx,HC-10,"Restates the objective HC-10 obligation; candidate screen is its MVT, not this wording alone.","B01 constraint-classification session, 2026-10-01",policy_review/2026-10-01; research/methods/constraint-crosswalk-independent-review.md
symlinks created last (docs/filesystem-fidelity-v1.md L50-54),580531f1f558bb36dd2e9335345e5d8a03e41c9cf231abd4128acfd91e8c9b82,F-xx,F-17,Existing normative implementation contract represented by objective Appendix B F-17.,"B01 constraint-classification session, 2026-10-01",policy_review/2026-10-01; research/methods/constraint-crosswalk-independent-review.md
tar-import-v1 strict subset (docs/tar-import-v1.md L67-71),70f593de8ac2710e5aecc47b953da9b6ed16e5995d5ba7add7a60a3d25a13d56,F-xx,F-21,Existing normative implementation contract represented by objective Appendix B F-21.,"B01 constraint-classification session, 2026-10-01",policy_review/2026-10-01; research/methods/constraint-crosswalk-independent-review.md
tree hash per model merkle-tree-hash-construction,7e82ab25c190466b512eda31c7fbb4289a7d2064c6573a69b13364d0b58cb9c4,HC-xx,HC-10,"Restates the objective HC-10 obligation; candidate screen is its MVT, not this wording alone.","B01 constraint-classification session, 2026-10-01",policy_review/2026-10-01; research/methods/constraint-crosswalk-independent-review.md
unknown TLV fields rejected (docs/format-v0.md §Decisions L24-29),4d24a5ba7fcdd099772a684e71d8b9469bfa8c757274f3c3ef9c659f3599dc4b,HC-xx,HC-04,Unknown format fields fail closed under HC-04.,"B01 constraint-classification session, 2026-10-01",policy_review/2026-10-01; research/methods/constraint-crosswalk-independent-review.md
unsafe_code forbidden in the workspace (Cargo.toml),dc993580e6760848de6029a81a52b5acb222860a2e4086ed41621b51d7348b6e,F-xx,F-23,Workspace unsafe-code and dependency discipline is registered as F-23.,"B01 constraint-classification session, 2026-10-01",policy_review/2026-10-01; research/methods/constraint-crosswalk-independent-review.md
window defaults per access stream-dedup-window-default-and-units,617ebb5d27c6be46e565905b528cd316d96da4e58c7666e4a0a407c52ae2d7b4,DECISION_INPUT,,"Scope, status-quo fact, or design input with no exact registered HC/F screen in this label.","B01 constraint-classification session, 2026-10-01",policy_review/2026-10-01; research/methods/constraint-crosswalk-independent-review.md
windows.file-attributes mask 0x005af9a7 (docs/security-metadata-v1.md L118-124),c09c79e01562bd26defe70774b1f36bc271bb1f2673b4a8f7f617e806dce99d3,F-xx,F-17,Existing normative implementation contract represented by objective Appendix B F-17.,"B01 constraint-classification session, 2026-10-01",policy_review/2026-10-01; research/methods/constraint-crosswalk-independent-review.md
windows.security-descriptor exact self-relative bytes (type 42),ab4e72edc0f6c9301fa8c5b9caa92501326dd3beb8f8478081bb661d09c15a2e,F-xx,F-17,Windows security-descriptor representation is registered in F-17.,"B01 constraint-classification session, 2026-10-01",policy_review/2026-10-01; research/methods/constraint-crosswalk-independent-review.md
workspace unsafe_code = forbid (Cargo.toml:11-12),5ac1f4cefc38f9f70e432552b9f57bb69494aff1ebfed647c87b4cdcc9b46642,F-xx,F-23,Workspace unsafe-code and dependency discipline is registered as F-23.,"B01 constraint-classification session, 2026-10-01",policy_review/2026-10-01; research/methods/constraint-crosswalk-independent-review.md
x- names never participate,f5e359fa34e12232d7bc03933de7ee3a981af4eecb3807246e9d8bb9292f9633,HC-xx,HC-10,Writer-defined extension names cannot alter canonical LAI under HC-10.,"B01 constraint-classification session, 2026-10-01",policy_review/2026-10-01; research/methods/constraint-crosswalk-independent-review.md
x- names never participate (SPEC §20.3),b145cdedd369c30678b79b03d9896c12fe6c5a0d74075fbbb47fcd87948e029a,HC-xx,HC-10,Writer-defined extension names cannot alter canonical LAI under HC-10.,"B01 constraint-classification session, 2026-10-01",policy_review/2026-10-01; research/methods/constraint-crosswalk-independent-review.md
zip.rs:2463-2485 frozen modeled-divergence matrix,7764766b7c5ad0474d2a4c7c31e5409a711f13fdff621d554dc3dd95caa63c27,F-xx,F-20,Explicit fixed behavior within objective Appendix B F-20.,"B01 constraint-classification session, 2026-10-01",policy_review/2026-10-01; research/methods/constraint-crosswalk-independent-review.md
