# generated by research/tools/experiments/look_plan.py; do not edit (edit look-ownership-overrides.csv)
decision_id,look_number,look_state,cluster,look_group,tuning_wave,owning_experiment,participating_experiments,tuning_only_experiments,hc_screen_experiments,comparison_owners,ws_source_records,mde_record_path,look_condition,ownership_basis
DEC-ACC-001,1,PLANNED,access,LG-access,2,EXP-REMOTE-002,EXP-CROSSFILE-004; EXP-CROSSFILE-006,,,,research/experiments/EXP-REMOTE-002/record.md; research/experiments/EXP-CROSSFILE-004/record.md; research/experiments/EXP-CROSSFILE-006/record.md,research/normalized/EXP-REMOTE-002/decision/DEC-ACC-001-look1-mde.json,after W and S of every decision in the look group are recorded on tuning (PA-03 rule 2); MDE gate section 4.12 passes,rule:home-domain>section-overlap>cluster-focus>fewest-decisions
DEC-ACC-001,2,RESERVED,access,LG-access,2,EXP-REMOTE-002,EXP-CROSSFILE-004; EXP-CROSSFILE-006,,,,research/experiments/EXP-REMOTE-002/record.md; research/experiments/EXP-CROSSFILE-004/record.md; research/experiments/EXP-CROSSFILE-006/record.md,research/normalized/EXP-REMOTE-002/decision/DEC-ACC-001-look2-mde.json,"only after a documented change, on new validation items from new independence groups committed and fingerprinted before use (section 5.2); otherwise labelled tuning",rule:home-domain>section-overlap>cluster-focus>fewest-decisions
DEC-ACC-002,1,PLANNED,access,LG-access,2,EXP-REMOTE-012,EXP-EVAL-005; EXP-SCALE-001; EXP-SCALE-013,,EXP-EVAL-006,,research/experiments/EXP-REMOTE-012/record.md; research/experiments/EXP-EVAL-005/record.md; research/experiments/EXP-SCALE-001/record.md; research/experiments/EXP-SCALE-013/record.md,research/normalized/EXP-REMOTE-012/decision/DEC-ACC-002-look1-mde.json,after W and S of every decision in the look group are recorded on tuning (PA-03 rule 2); MDE gate section 4.12 passes,rule:home-domain>section-overlap>cluster-focus>fewest-decisions
DEC-ACC-002,2,RESERVED,access,LG-access,2,EXP-REMOTE-012,EXP-EVAL-005; EXP-SCALE-001; EXP-SCALE-013,,EXP-EVAL-006,,research/experiments/EXP-REMOTE-012/record.md; research/experiments/EXP-EVAL-005/record.md; research/experiments/EXP-SCALE-001/record.md; research/experiments/EXP-SCALE-013/record.md,research/normalized/EXP-REMOTE-012/decision/DEC-ACC-002-look2-mde.json,"only after a documented change, on new validation items from new independence groups committed and fingerprinted before use (section 5.2); otherwise labelled tuning",rule:home-domain>section-overlap>cluster-focus>fewest-decisions
DEC-ACC-003,1,PLANNED,access,LG-access,2,EXP-REMOTE-003,EXP-PLANNER-006,,,,research/experiments/EXP-REMOTE-003/record.md; research/experiments/EXP-PLANNER-006/record.md,research/normalized/EXP-REMOTE-003/decision/DEC-ACC-003-look1-mde.json,after W and S of every decision in the look group are recorded on tuning (PA-03 rule 2); MDE gate section 4.12 passes,rule:home-domain>section-overlap>cluster-focus>fewest-decisions
DEC-ACC-003,2,RESERVED,access,LG-access,2,EXP-REMOTE-003,EXP-PLANNER-006,,,,research/experiments/EXP-REMOTE-003/record.md; research/experiments/EXP-PLANNER-006/record.md,research/normalized/EXP-REMOTE-003/decision/DEC-ACC-003-look2-mde.json,"only after a documented change, on new validation items from new independence groups committed and fingerprinted before use (section 5.2); otherwise labelled tuning",rule:home-domain>section-overlap>cluster-focus>fewest-decisions
DEC-ACC-004,1,PLANNED,access,LG-access,2,EXP-SCALE-008,EXP-SCALE-001,,,,research/experiments/EXP-SCALE-008/record.md; research/experiments/EXP-SCALE-001/record.md,research/normalized/EXP-SCALE-008/decision/DEC-ACC-004-look1-mde.json,after W and S of every decision in the look group are recorded on tuning (PA-03 rule 2); MDE gate section 4.12 passes,rule:home-domain>section-overlap>cluster-focus>fewest-decisions
DEC-ACC-004,2,RESERVED,access,LG-access,2,EXP-SCALE-008,EXP-SCALE-001,,,,research/experiments/EXP-SCALE-008/record.md; research/experiments/EXP-SCALE-001/record.md,research/normalized/EXP-SCALE-008/decision/DEC-ACC-004-look2-mde.json,"only after a documented change, on new validation items from new independence groups committed and fingerprinted before use (section 5.2); otherwise labelled tuning",rule:home-domain>section-overlap>cluster-focus>fewest-decisions
DEC-ACC-005,1,PLANNED,access,LG-access,2,EXP-SCALE-001,,,EXP-SCALE-006,,research/experiments/EXP-SCALE-001/record.md,research/normalized/EXP-SCALE-001/decision/DEC-ACC-005-look1-mde.json,after W and S of every decision in the look group are recorded on tuning (PA-03 rule 2); MDE gate section 4.12 passes,rule:home-domain>section-overlap>cluster-focus>fewest-decisions
DEC-ACC-005,2,RESERVED,access,LG-access,2,EXP-SCALE-001,,,EXP-SCALE-006,,research/experiments/EXP-SCALE-001/record.md,research/normalized/EXP-SCALE-001/decision/DEC-ACC-005-look2-mde.json,"only after a documented change, on new validation items from new independence groups committed and fingerprinted before use (section 5.2); otherwise labelled tuning",rule:home-domain>section-overlap>cluster-focus>fewest-decisions
DEC-ACC-006,1,PLANNED,access,LG-access,2,EXP-SCALE-008,,,,,research/experiments/EXP-SCALE-008/record.md,research/normalized/EXP-SCALE-008/decision/DEC-ACC-006-look1-mde.json,after W and S of every decision in the look group are recorded on tuning (PA-03 rule 2); MDE gate section 4.12 passes,rule:home-domain>section-overlap>cluster-focus>fewest-decisions
DEC-ACC-006,2,RESERVED,access,LG-access,2,EXP-SCALE-008,,,,,research/experiments/EXP-SCALE-008/record.md,research/normalized/EXP-SCALE-008/decision/DEC-ACC-006-look2-mde.json,"only after a documented change, on new validation items from new independence groups committed and fingerprinted before use (section 5.2); otherwise labelled tuning",rule:home-domain>section-overlap>cluster-focus>fewest-decisions
DEC-ACC-007,1,PLANNED,access,LG-access,2,EXP-SCALE-013,EXP-SCALE-012,,EXP-ECO-001; EXP-ECO-020,,research/experiments/EXP-SCALE-013/record.md; research/experiments/EXP-SCALE-012/record.md,research/normalized/EXP-SCALE-013/decision/DEC-ACC-007-look1-mde.json,after W and S of every decision in the look group are recorded on tuning (PA-03 rule 2); MDE gate section 4.12 passes,rule:home-domain>section-overlap>cluster-focus>fewest-decisions
DEC-ACC-007,2,RESERVED,access,LG-access,2,EXP-SCALE-013,EXP-SCALE-012,,EXP-ECO-001; EXP-ECO-020,,research/experiments/EXP-SCALE-013/record.md; research/experiments/EXP-SCALE-012/record.md,research/normalized/EXP-SCALE-013/decision/DEC-ACC-007-look2-mde.json,"only after a documented change, on new validation items from new independence groups committed and fingerprinted before use (section 5.2); otherwise labelled tuning",rule:home-domain>section-overlap>cluster-focus>fewest-decisions
DEC-ACC-008,1,PLANNED,access,LG-access,4,EXP-ECO-006,,,EXP-ECO-018,,research/experiments/EXP-ECO-006/record.md,research/normalized/EXP-ECO-006/decision/DEC-ACC-008-look1-mde.json,after W and S of every decision in the look group are recorded on tuning (PA-03 rule 2); MDE gate section 4.12 passes,rule:home-domain>section-overlap>cluster-focus>fewest-decisions
DEC-ACC-008,2,RESERVED,access,LG-access,4,EXP-ECO-006,,,EXP-ECO-018,,research/experiments/EXP-ECO-006/record.md,research/normalized/EXP-ECO-006/decision/DEC-ACC-008-look2-mde.json,"only after a documented change, on new validation items from new independence groups committed and fingerprinted before use (section 5.2); otherwise labelled tuning",rule:home-domain>section-overlap>cluster-focus>fewest-decisions
DEC-ACC-009,1,PLANNED,access,LG-access,2,EXP-SCALE-010,EXP-CRYPTO-009,,,,research/experiments/EXP-SCALE-010/record.md; research/experiments/EXP-CRYPTO-009/record.md,research/normalized/EXP-SCALE-010/decision/DEC-ACC-009-look1-mde.json,after W and S of every decision in the look group are recorded on tuning (PA-03 rule 2); MDE gate section 4.12 passes,rule:home-domain>section-overlap>cluster-focus>fewest-decisions
DEC-ACC-009,2,RESERVED,access,LG-access,2,EXP-SCALE-010,EXP-CRYPTO-009,,,,research/experiments/EXP-SCALE-010/record.md; research/experiments/EXP-CRYPTO-009/record.md,research/normalized/EXP-SCALE-010/decision/DEC-ACC-009-look2-mde.json,"only after a documented change, on new validation items from new independence groups committed and fingerprinted before use (section 5.2); otherwise labelled tuning",rule:home-domain>section-overlap>cluster-focus>fewest-decisions
DEC-ACC-010,1,PLANNED,access,LG-access,2,EXP-REMOTE-010,EXP-CRYPTO-008,,,,research/experiments/EXP-REMOTE-010/record.md; research/experiments/EXP-CRYPTO-008/record.md,research/normalized/EXP-REMOTE-010/decision/DEC-ACC-010-look1-mde.json,after W and S of every decision in the look group are recorded on tuning (PA-03 rule 2); MDE gate section 4.12 passes,rule:home-domain>section-overlap>cluster-focus>fewest-decisions
DEC-ACC-010,2,RESERVED,access,LG-access,2,EXP-REMOTE-010,EXP-CRYPTO-008,,,,research/experiments/EXP-REMOTE-010/record.md; research/experiments/EXP-CRYPTO-008/record.md,research/normalized/EXP-REMOTE-010/decision/DEC-ACC-010-look2-mde.json,"only after a documented change, on new validation items from new independence groups committed and fingerprinted before use (section 5.2); otherwise labelled tuning",rule:home-domain>section-overlap>cluster-focus>fewest-decisions
DEC-ACC-011,1,PLANNED,access,LG-access,2,EXP-SCALE-010,EXP-CRYPTO-009,,,,research/experiments/EXP-SCALE-010/record.md; research/experiments/EXP-CRYPTO-009/record.md,research/normalized/EXP-SCALE-010/decision/DEC-ACC-011-look1-mde.json,after W and S of every decision in the look group are recorded on tuning (PA-03 rule 2); MDE gate section 4.12 passes,rule:home-domain>section-overlap>cluster-focus>fewest-decisions
DEC-ACC-011,2,RESERVED,access,LG-access,2,EXP-SCALE-010,EXP-CRYPTO-009,,,,research/experiments/EXP-SCALE-010/record.md; research/experiments/EXP-CRYPTO-009/record.md,research/normalized/EXP-SCALE-010/decision/DEC-ACC-011-look2-mde.json,"only after a documented change, on new validation items from new independence groups committed and fingerprinted before use (section 5.2); otherwise labelled tuning",rule:home-domain>section-overlap>cluster-focus>fewest-decisions
DEC-ACC-013,1,PLANNED,access,LG-access,2,EXP-SCALE-009,EXP-LEGACY-032,,EXP-SCALE-002,,research/experiments/EXP-SCALE-009/record.md; research/experiments/EXP-LEGACY-032/record.md,research/normalized/EXP-SCALE-009/decision/DEC-ACC-013-look1-mde.json,after W and S of every decision in the look group are recorded on tuning (PA-03 rule 2); MDE gate section 4.12 passes,rule:home-domain>section-overlap>cluster-focus>fewest-decisions
DEC-ACC-013,2,RESERVED,access,LG-access,2,EXP-SCALE-009,EXP-LEGACY-032,,EXP-SCALE-002,,research/experiments/EXP-SCALE-009/record.md; research/experiments/EXP-LEGACY-032/record.md,research/normalized/EXP-SCALE-009/decision/DEC-ACC-013-look2-mde.json,"only after a documented change, on new validation items from new independence groups committed and fingerprinted before use (section 5.2); otherwise labelled tuning",rule:home-domain>section-overlap>cluster-focus>fewest-decisions
DEC-ACC-015,1,PLANNED,access,LG-access,4,EXP-ECO-009,,,,,research/experiments/EXP-ECO-009/record.md,research/normalized/EXP-ECO-009/decision/DEC-ACC-015-look1-mde.json,after W and S of every decision in the look group are recorded on tuning (PA-03 rule 2); MDE gate section 4.12 passes,rule:home-domain>section-overlap>cluster-focus>fewest-decisions
DEC-ACC-015,2,RESERVED,access,LG-access,4,EXP-ECO-009,,,,,research/experiments/EXP-ECO-009/record.md,research/normalized/EXP-ECO-009/decision/DEC-ACC-015-look2-mde.json,"only after a documented change, on new validation items from new independence groups committed and fingerprinted before use (section 5.2); otherwise labelled tuning",rule:home-domain>section-overlap>cluster-focus>fewest-decisions
DEC-ACC-016,1,PLANNED,access,LG-access,4,EXP-ECO-009,EXP-ECO-003,,EXP-ECO-001,,research/experiments/EXP-ECO-009/record.md; research/experiments/EXP-ECO-003/record.md,research/normalized/EXP-ECO-009/decision/DEC-ACC-016-look1-mde.json,after W and S of every decision in the look group are recorded on tuning (PA-03 rule 2); MDE gate section 4.12 passes,rule:home-domain>section-overlap>cluster-focus>fewest-decisions
DEC-ACC-016,2,RESERVED,access,LG-access,4,EXP-ECO-009,EXP-ECO-003,,EXP-ECO-001,,research/experiments/EXP-ECO-009/record.md; research/experiments/EXP-ECO-003/record.md,research/normalized/EXP-ECO-009/decision/DEC-ACC-016-look2-mde.json,"only after a documented change, on new validation items from new independence groups committed and fingerprinted before use (section 5.2); otherwise labelled tuning",rule:home-domain>section-overlap>cluster-focus>fewest-decisions
DEC-ACC-017,1,PLANNED,access,LG-access,2,EXP-SCALE-009,EXP-LEGACY-040,,EXP-SCALE-002,,research/experiments/EXP-SCALE-009/record.md; research/experiments/EXP-LEGACY-040/record.md,research/normalized/EXP-SCALE-009/decision/DEC-ACC-017-look1-mde.json,after W and S of every decision in the look group are recorded on tuning (PA-03 rule 2); MDE gate section 4.12 passes,rule:home-domain>section-overlap>cluster-focus>fewest-decisions
DEC-ACC-017,2,RESERVED,access,LG-access,2,EXP-SCALE-009,EXP-LEGACY-040,,EXP-SCALE-002,,research/experiments/EXP-SCALE-009/record.md; research/experiments/EXP-LEGACY-040/record.md,research/normalized/EXP-SCALE-009/decision/DEC-ACC-017-look2-mde.json,"only after a documented change, on new validation items from new independence groups committed and fingerprinted before use (section 5.2); otherwise labelled tuning",rule:home-domain>section-overlap>cluster-focus>fewest-decisions
DEC-ACC-018,1,PLANNED,access,LG-access,2,EXP-REMOTE-004,EXP-CON-001; EXP-CON-002,,,,research/experiments/EXP-REMOTE-004/record.md; research/experiments/EXP-CON-001/record.md; research/experiments/EXP-CON-002/record.md,research/normalized/EXP-REMOTE-004/decision/DEC-ACC-018-look1-mde.json,after W and S of every decision in the look group are recorded on tuning (PA-03 rule 2); MDE gate section 4.12 passes,rule:home-domain>section-overlap>cluster-focus>fewest-decisions
DEC-ACC-018,2,RESERVED,access,LG-access,2,EXP-REMOTE-004,EXP-CON-001; EXP-CON-002,,,,research/experiments/EXP-REMOTE-004/record.md; research/experiments/EXP-CON-001/record.md; research/experiments/EXP-CON-002/record.md,research/normalized/EXP-REMOTE-004/decision/DEC-ACC-018-look2-mde.json,"only after a documented change, on new validation items from new independence groups committed and fingerprinted before use (section 5.2); otherwise labelled tuning",rule:home-domain>section-overlap>cluster-focus>fewest-decisions
DEC-ACC-019,1,PLANNED,access,LG-access,2,EXP-REMOTE-008,EXP-CON-002; EXP-REMOTE-004,,,,research/experiments/EXP-REMOTE-008/record.md; research/experiments/EXP-CON-002/record.md; research/experiments/EXP-REMOTE-004/record.md,research/normalized/EXP-REMOTE-008/decision/DEC-ACC-019-look1-mde.json,after W and S of every decision in the look group are recorded on tuning (PA-03 rule 2); MDE gate section 4.12 passes,rule:home-domain>section-overlap>cluster-focus>fewest-decisions
DEC-ACC-019,2,RESERVED,access,LG-access,2,EXP-REMOTE-008,EXP-CON-002; EXP-REMOTE-004,,,,research/experiments/EXP-REMOTE-008/record.md; research/experiments/EXP-CON-002/record.md; research/experiments/EXP-REMOTE-004/record.md,research/normalized/EXP-REMOTE-008/decision/DEC-ACC-019-look2-mde.json,"only after a documented change, on new validation items from new independence groups committed and fingerprinted before use (section 5.2); otherwise labelled tuning",rule:home-domain>section-overlap>cluster-focus>fewest-decisions
DEC-ACC-020,1,PLANNED,access,LG-access,2,EXP-SCALE-001,EXP-SCALE-007,,,,research/experiments/EXP-SCALE-001/record.md; research/experiments/EXP-SCALE-007/record.md,research/normalized/EXP-SCALE-001/decision/DEC-ACC-020-look1-mde.json,after W and S of every decision in the look group are recorded on tuning (PA-03 rule 2); MDE gate section 4.12 passes,rule:home-domain>section-overlap>cluster-focus>fewest-decisions
DEC-ACC-020,2,RESERVED,access,LG-access,2,EXP-SCALE-001,EXP-SCALE-007,,,,research/experiments/EXP-SCALE-001/record.md; research/experiments/EXP-SCALE-007/record.md,research/normalized/EXP-SCALE-001/decision/DEC-ACC-020-look2-mde.json,"only after a documented change, on new validation items from new independence groups committed and fingerprinted before use (section 5.2); otherwise labelled tuning",rule:home-domain>section-overlap>cluster-focus>fewest-decisions
DEC-ACC-021,1,PLANNED,access,LG-access,4,EXP-ECO-015,,,EXP-CONF-004,,research/experiments/EXP-ECO-015/record.md,research/normalized/EXP-ECO-015/decision/DEC-ACC-021-look1-mde.json,after W and S of every decision in the look group are recorded on tuning (PA-03 rule 2); MDE gate section 4.12 passes,rule:home-domain>section-overlap>cluster-focus>fewest-decisions
DEC-ACC-021,2,RESERVED,access,LG-access,4,EXP-ECO-015,,,EXP-CONF-004,,research/experiments/EXP-ECO-015/record.md,research/normalized/EXP-ECO-015/decision/DEC-ACC-021-look2-mde.json,"only after a documented change, on new validation items from new independence groups committed and fingerprinted before use (section 5.2); otherwise labelled tuning",rule:home-domain>section-overlap>cluster-focus>fewest-decisions
DEC-ACC-022,1,PLANNED,access,LG-access,2,EXP-SCALE-008,EXP-ECO-015; EXP-SCALE-001,,EXP-ECO-013,,research/experiments/EXP-SCALE-008/record.md; research/experiments/EXP-ECO-015/record.md; research/experiments/EXP-SCALE-001/record.md,research/normalized/EXP-SCALE-008/decision/DEC-ACC-022-look1-mde.json,after W and S of every decision in the look group are recorded on tuning (PA-03 rule 2); MDE gate section 4.12 passes,rule:home-domain>section-overlap>cluster-focus>fewest-decisions
DEC-ACC-022,2,RESERVED,access,LG-access,2,EXP-SCALE-008,EXP-ECO-015; EXP-SCALE-001,,EXP-ECO-013,,research/experiments/EXP-SCALE-008/record.md; research/experiments/EXP-ECO-015/record.md; research/experiments/EXP-SCALE-001/record.md,research/normalized/EXP-SCALE-008/decision/DEC-ACC-022-look2-mde.json,"only after a documented change, on new validation items from new independence groups committed and fingerprinted before use (section 5.2); otherwise labelled tuning",rule:home-domain>section-overlap>cluster-focus>fewest-decisions
DEC-ACC-023,1,PLANNED,access,LG-access,2,EXP-PLAT-018,,,,,research/experiments/EXP-PLAT-018/record.md,research/normalized/EXP-PLAT-018/decision/DEC-ACC-023-look1-mde.json,after W and S of every decision in the look group are recorded on tuning (PA-03 rule 2); MDE gate section 4.12 passes,rule:home-domain>section-overlap>cluster-focus>fewest-decisions
DEC-ACC-023,2,RESERVED,access,LG-access,2,EXP-PLAT-018,,,,,research/experiments/EXP-PLAT-018/record.md,research/normalized/EXP-PLAT-018/decision/DEC-ACC-023-look2-mde.json,"only after a documented change, on new validation items from new independence groups committed and fingerprinted before use (section 5.2); otherwise labelled tuning",rule:home-domain>section-overlap>cluster-focus>fewest-decisions
DEC-ACC-024,1,PLANNED,access,LG-access,2,EXP-REMOTE-007,EXP-CON-003,,,,research/experiments/EXP-REMOTE-007/record.md; research/experiments/EXP-CON-003/record.md,research/normalized/EXP-REMOTE-007/decision/DEC-ACC-024-look1-mde.json,after W and S of every decision in the look group are recorded on tuning (PA-03 rule 2); MDE gate section 4.12 passes,rule:home-domain>section-overlap>cluster-focus>fewest-decisions
DEC-ACC-024,2,RESERVED,access,LG-access,2,EXP-REMOTE-007,EXP-CON-003,,,,research/experiments/EXP-REMOTE-007/record.md; research/experiments/EXP-CON-003/record.md,research/normalized/EXP-REMOTE-007/decision/DEC-ACC-024-look2-mde.json,"only after a documented change, on new validation items from new independence groups committed and fingerprinted before use (section 5.2); otherwise labelled tuning",rule:home-domain>section-overlap>cluster-focus>fewest-decisions
DEC-ACC-025,1,PLANNED,access,LG-access,2,EXP-REMOTE-002,EXP-CROSSFILE-004; EXP-CROSSFILE-006; EXP-CROSSFILE-008; EXP-REMOTE-011,,,,research/experiments/EXP-REMOTE-002/record.md; research/experiments/EXP-CROSSFILE-004/record.md; research/experiments/EXP-CROSSFILE-006/record.md; research/experiments/EXP-CROSSFILE-008/record.md; research/experiments/EXP-REMOTE-011/record.md,research/normalized/EXP-REMOTE-002/decision/DEC-ACC-025-look1-mde.json,after W and S of every decision in the look group are recorded on tuning (PA-03 rule 2); MDE gate section 4.12 passes,rule:home-domain>section-overlap>cluster-focus>fewest-decisions
DEC-ACC-025,2,RESERVED,access,LG-access,2,EXP-REMOTE-002,EXP-CROSSFILE-004; EXP-CROSSFILE-006; EXP-CROSSFILE-008; EXP-REMOTE-011,,,,research/experiments/EXP-REMOTE-002/record.md; research/experiments/EXP-CROSSFILE-004/record.md; research/experiments/EXP-CROSSFILE-006/record.md; research/experiments/EXP-CROSSFILE-008/record.md; research/experiments/EXP-REMOTE-011/record.md,research/normalized/EXP-REMOTE-002/decision/DEC-ACC-025-look2-mde.json,"only after a documented change, on new validation items from new independence groups committed and fingerprinted before use (section 5.2); otherwise labelled tuning",rule:home-domain>section-overlap>cluster-focus>fewest-decisions
DEC-ACC-026,1,PLANNED,access,LG-access,2,EXP-PLAT-016,,,,,research/experiments/EXP-PLAT-016/record.md,research/normalized/EXP-PLAT-016/decision/DEC-ACC-026-look1-mde.json,after W and S of every decision in the look group are recorded on tuning (PA-03 rule 2); MDE gate section 4.12 passes,rule:home-domain>section-overlap>cluster-focus>fewest-decisions
DEC-ACC-026,2,RESERVED,access,LG-access,2,EXP-PLAT-016,,,,,research/experiments/EXP-PLAT-016/record.md,research/normalized/EXP-PLAT-016/decision/DEC-ACC-026-look2-mde.json,"only after a documented change, on new validation items from new independence groups committed and fingerprinted before use (section 5.2); otherwise labelled tuning",rule:home-domain>section-overlap>cluster-focus>fewest-decisions
DEC-ACC-028,1,PLANNED,access,LG-access,2,EXP-SCALE-001,EXP-SCALE-010,,EXP-SCALE-002; EXP-SCALE-006,,research/experiments/EXP-SCALE-001/record.md; research/experiments/EXP-SCALE-010/record.md,research/normalized/EXP-SCALE-001/decision/DEC-ACC-028-look1-mde.json,after W and S of every decision in the look group are recorded on tuning (PA-03 rule 2); MDE gate section 4.12 passes,rule:home-domain>section-overlap>cluster-focus>fewest-decisions
DEC-ACC-028,2,RESERVED,access,LG-access,2,EXP-SCALE-001,EXP-SCALE-010,,EXP-SCALE-002; EXP-SCALE-006,,research/experiments/EXP-SCALE-001/record.md; research/experiments/EXP-SCALE-010/record.md,research/normalized/EXP-SCALE-001/decision/DEC-ACC-028-look2-mde.json,"only after a documented change, on new validation items from new independence groups committed and fingerprinted before use (section 5.2); otherwise labelled tuning",rule:home-domain>section-overlap>cluster-focus>fewest-decisions
DEC-ACC-029,1,PLANNED,access,LG-access,2,EXP-SCALE-001,EXP-CHUNK-004; EXP-CHUNK-007; EXP-CHUNK-012; EXP-PLANNER-006; EXP-SCALE-007,,,,research/experiments/EXP-SCALE-001/record.md; research/experiments/EXP-CHUNK-004/record.md; research/experiments/EXP-CHUNK-007/record.md; research/experiments/EXP-CHUNK-012/record.md; research/experiments/EXP-PLANNER-006/record.md; research/experiments/EXP-SCALE-007/record.md,research/normalized/EXP-SCALE-001/decision/DEC-ACC-029-look1-mde.json,after W and S of every decision in the look group are recorded on tuning (PA-03 rule 2); MDE gate section 4.12 passes,rule:home-domain>section-overlap>cluster-focus>fewest-decisions
DEC-ACC-029,2,RESERVED,access,LG-access,2,EXP-SCALE-001,EXP-CHUNK-004; EXP-CHUNK-007; EXP-CHUNK-012; EXP-PLANNER-006; EXP-SCALE-007,,,,research/experiments/EXP-SCALE-001/record.md; research/experiments/EXP-CHUNK-004/record.md; research/experiments/EXP-CHUNK-007/record.md; research/experiments/EXP-CHUNK-012/record.md; research/experiments/EXP-PLANNER-006/record.md; research/experiments/EXP-SCALE-007/record.md,research/normalized/EXP-SCALE-001/decision/DEC-ACC-029-look2-mde.json,"only after a documented change, on new validation items from new independence groups committed and fingerprinted before use (section 5.2); otherwise labelled tuning",rule:home-domain>section-overlap>cluster-focus>fewest-decisions
DEC-ACC-030,1,PLANNED,access,LG-access,2,EXP-SCALE-013,EXP-SCALE-012,,,,research/experiments/EXP-SCALE-013/record.md; research/experiments/EXP-SCALE-012/record.md,research/normalized/EXP-SCALE-013/decision/DEC-ACC-030-look1-mde.json,after W and S of every decision in the look group are recorded on tuning (PA-03 rule 2); MDE gate section 4.12 passes,rule:home-domain>section-overlap>cluster-focus>fewest-decisions
DEC-ACC-030,2,RESERVED,access,LG-access,2,EXP-SCALE-013,EXP-SCALE-012,,,,research/experiments/EXP-SCALE-013/record.md; research/experiments/EXP-SCALE-012/record.md,research/normalized/EXP-SCALE-013/decision/DEC-ACC-030-look2-mde.json,"only after a documented change, on new validation items from new independence groups committed and fingerprinted before use (section 5.2); otherwise labelled tuning",rule:home-domain>section-overlap>cluster-focus>fewest-decisions
DEC-ACC-031,1,PLANNED,access,LG-access,2,EXP-SCALE-013,EXP-SCALE-012,,EXP-SCALE-014,,research/experiments/EXP-SCALE-013/record.md; research/experiments/EXP-SCALE-012/record.md,research/normalized/EXP-SCALE-013/decision/DEC-ACC-031-look1-mde.json,after W and S of every decision in the look group are recorded on tuning (PA-03 rule 2); MDE gate section 4.12 passes,rule:home-domain>section-overlap>cluster-focus>fewest-decisions
DEC-ACC-031,2,RESERVED,access,LG-access,2,EXP-SCALE-013,EXP-SCALE-012,,EXP-SCALE-014,,research/experiments/EXP-SCALE-013/record.md; research/experiments/EXP-SCALE-012/record.md,research/normalized/EXP-SCALE-013/decision/DEC-ACC-031-look2-mde.json,"only after a documented change, on new validation items from new independence groups committed and fingerprinted before use (section 5.2); otherwise labelled tuning",rule:home-domain>section-overlap>cluster-focus>fewest-decisions
DEC-ACC-032,1,PLANNED,access,LG-access,2,EXP-SCALE-013,EXP-SCALE-012,,,,research/experiments/EXP-SCALE-013/record.md; research/experiments/EXP-SCALE-012/record.md,research/normalized/EXP-SCALE-013/decision/DEC-ACC-032-look1-mde.json,after W and S of every decision in the look group are recorded on tuning (PA-03 rule 2); MDE gate section 4.12 passes,rule:home-domain>section-overlap>cluster-focus>fewest-decisions
DEC-ACC-032,2,RESERVED,access,LG-access,2,EXP-SCALE-013,EXP-SCALE-012,,,,research/experiments/EXP-SCALE-013/record.md; research/experiments/EXP-SCALE-012/record.md,research/normalized/EXP-SCALE-013/decision/DEC-ACC-032-look2-mde.json,"only after a documented change, on new validation items from new independence groups committed and fingerprinted before use (section 5.2); otherwise labelled tuning",rule:home-domain>section-overlap>cluster-focus>fewest-decisions
DEC-ACC-033,1,PLANNED,access,LG-access,2,EXP-SCALE-013,EXP-SCALE-012,,,,research/experiments/EXP-SCALE-013/record.md; research/experiments/EXP-SCALE-012/record.md,research/normalized/EXP-SCALE-013/decision/DEC-ACC-033-look1-mde.json,after W and S of every decision in the look group are recorded on tuning (PA-03 rule 2); MDE gate section 4.12 passes,rule:home-domain>section-overlap>cluster-focus>fewest-decisions
DEC-ACC-033,2,RESERVED,access,LG-access,2,EXP-SCALE-013,EXP-SCALE-012,,,,research/experiments/EXP-SCALE-013/record.md; research/experiments/EXP-SCALE-012/record.md,research/normalized/EXP-SCALE-013/decision/DEC-ACC-033-look2-mde.json,"only after a documented change, on new validation items from new independence groups committed and fingerprinted before use (section 5.2); otherwise labelled tuning",rule:home-domain>section-overlap>cluster-focus>fewest-decisions
DEC-ACC-034,1,PLANNED,access,LG-access,2,EXP-SCALE-013,,,,,research/experiments/EXP-SCALE-013/record.md,research/normalized/EXP-SCALE-013/decision/DEC-ACC-034-look1-mde.json,after W and S of every decision in the look group are recorded on tuning (PA-03 rule 2); MDE gate section 4.12 passes,rule:home-domain>section-overlap>cluster-focus>fewest-decisions
DEC-ACC-034,2,RESERVED,access,LG-access,2,EXP-SCALE-013,,,,,research/experiments/EXP-SCALE-013/record.md,research/normalized/EXP-SCALE-013/decision/DEC-ACC-034-look2-mde.json,"only after a documented change, on new validation items from new independence groups committed and fingerprinted before use (section 5.2); otherwise labelled tuning",rule:home-domain>section-overlap>cluster-focus>fewest-decisions
DEC-ACC-035,1,PLANNED,access,LG-access,1,EXP-INT-003,,,,,research/experiments/EXP-INT-003/record.md,research/normalized/EXP-INT-003/decision/DEC-ACC-035-look1-mde.json,after W and S of every decision in the look group are recorded on tuning (PA-03 rule 2); MDE gate section 4.12 passes,rule:home-domain>section-overlap>cluster-focus>fewest-decisions
DEC-ACC-035,2,RESERVED,access,LG-access,1,EXP-INT-003,,,,,research/experiments/EXP-INT-003/record.md,research/normalized/EXP-INT-003/decision/DEC-ACC-035-look2-mde.json,"only after a documented change, on new validation items from new independence groups committed and fingerprinted before use (section 5.2); otherwise labelled tuning",rule:home-domain>section-overlap>cluster-focus>fewest-decisions
DEC-ACC-036,1,PLANNED,access,LG-access,1,EXP-CONF-007,,,EXP-CONF-004; EXP-SCALE-006,,research/experiments/EXP-CONF-007/record.md,research/normalized/EXP-CONF-007/decision/DEC-ACC-036-look1-mde.json,after W and S of every decision in the look group are recorded on tuning (PA-03 rule 2); MDE gate section 4.12 passes,rule:home-domain>section-overlap>cluster-focus>fewest-decisions
DEC-ACC-036,2,RESERVED,access,LG-access,1,EXP-CONF-007,,,EXP-CONF-004; EXP-SCALE-006,,research/experiments/EXP-CONF-007/record.md,research/normalized/EXP-CONF-007/decision/DEC-ACC-036-look2-mde.json,"only after a documented change, on new validation items from new independence groups committed and fingerprinted before use (section 5.2); otherwise labelled tuning",rule:home-domain>section-overlap>cluster-focus>fewest-decisions
DEC-ACC-038,1,PLANNED,access,LG-access,2,EXP-REMOTE-002,,,EXP-INT-007,,research/experiments/EXP-REMOTE-002/record.md,research/normalized/EXP-REMOTE-002/decision/DEC-ACC-038-look1-mde.json,after W and S of every decision in the look group are recorded on tuning (PA-03 rule 2); MDE gate section 4.12 passes,rule:home-domain>section-overlap>cluster-focus>fewest-decisions
DEC-ACC-038,2,RESERVED,access,LG-access,2,EXP-REMOTE-002,,,EXP-INT-007,,research/experiments/EXP-REMOTE-002/record.md,research/normalized/EXP-REMOTE-002/decision/DEC-ACC-038-look2-mde.json,"only after a documented change, on new validation items from new independence groups committed and fingerprinted before use (section 5.2); otherwise labelled tuning",rule:home-domain>section-overlap>cluster-focus>fewest-decisions
DEC-ACC-039,1,PLANNED,access,LG-access,2,EXP-REMOTE-008,,,EXP-ECO-020,,research/experiments/EXP-REMOTE-008/record.md,research/normalized/EXP-REMOTE-008/decision/DEC-ACC-039-look1-mde.json,after W and S of every decision in the look group are recorded on tuning (PA-03 rule 2); MDE gate section 4.12 passes,rule:home-domain>section-overlap>cluster-focus>fewest-decisions
DEC-ACC-039,2,RESERVED,access,LG-access,2,EXP-REMOTE-008,,,EXP-ECO-020,,research/experiments/EXP-REMOTE-008/record.md,research/normalized/EXP-REMOTE-008/decision/DEC-ACC-039-look2-mde.json,"only after a documented change, on new validation items from new independence groups committed and fingerprinted before use (section 5.2); otherwise labelled tuning",rule:home-domain>section-overlap>cluster-focus>fewest-decisions
DEC-ACC-040,1,PLANNED,access,LG-access,2,EXP-REMOTE-007,,,,,research/experiments/EXP-REMOTE-007/record.md,research/normalized/EXP-REMOTE-007/decision/DEC-ACC-040-look1-mde.json,after W and S of every decision in the look group are recorded on tuning (PA-03 rule 2); MDE gate section 4.12 passes,rule:home-domain>section-overlap>cluster-focus>fewest-decisions
DEC-ACC-040,2,RESERVED,access,LG-access,2,EXP-REMOTE-007,,,,,research/experiments/EXP-REMOTE-007/record.md,research/normalized/EXP-REMOTE-007/decision/DEC-ACC-040-look2-mde.json,"only after a documented change, on new validation items from new independence groups committed and fingerprinted before use (section 5.2); otherwise labelled tuning",rule:home-domain>section-overlap>cluster-focus>fewest-decisions
DEC-ACC-041,1,PLANNED,access,LG-access,2,EXP-REMOTE-012,,,,,research/experiments/EXP-REMOTE-012/record.md,research/normalized/EXP-REMOTE-012/decision/DEC-ACC-041-look1-mde.json,after W and S of every decision in the look group are recorded on tuning (PA-03 rule 2); MDE gate section 4.12 passes,rule:home-domain>section-overlap>cluster-focus>fewest-decisions
DEC-ACC-041,2,RESERVED,access,LG-access,2,EXP-REMOTE-012,,,,,research/experiments/EXP-REMOTE-012/record.md,research/normalized/EXP-REMOTE-012/decision/DEC-ACC-041-look2-mde.json,"only after a documented change, on new validation items from new independence groups committed and fingerprinted before use (section 5.2); otherwise labelled tuning",rule:home-domain>section-overlap>cluster-focus>fewest-decisions
DEC-ACC-042,1,PLANNED,access,LG-access,2,EXP-REMOTE-005,,,,,research/experiments/EXP-REMOTE-005/record.md,research/normalized/EXP-REMOTE-005/decision/DEC-ACC-042-look1-mde.json,after W and S of every decision in the look group are recorded on tuning (PA-03 rule 2); MDE gate section 4.12 passes,rule:home-domain>section-overlap>cluster-focus>fewest-decisions
DEC-ACC-042,2,RESERVED,access,LG-access,2,EXP-REMOTE-005,,,,,research/experiments/EXP-REMOTE-005/record.md,research/normalized/EXP-REMOTE-005/decision/DEC-ACC-042-look2-mde.json,"only after a documented change, on new validation items from new independence groups committed and fingerprinted before use (section 5.2); otherwise labelled tuning",rule:home-domain>section-overlap>cluster-focus>fewest-decisions
DEC-ACC-043,1,PLANNED,access,LG-access,2,EXP-REMOTE-006,EXP-SCALE-012,,,,research/experiments/EXP-REMOTE-006/record.md; research/experiments/EXP-SCALE-012/record.md,research/normalized/EXP-REMOTE-006/decision/DEC-ACC-043-look1-mde.json,after W and S of every decision in the look group are recorded on tuning (PA-03 rule 2); MDE gate section 4.12 passes,rule:home-domain>section-overlap>cluster-focus>fewest-decisions
DEC-ACC-043,2,RESERVED,access,LG-access,2,EXP-REMOTE-006,EXP-SCALE-012,,,,research/experiments/EXP-REMOTE-006/record.md; research/experiments/EXP-SCALE-012/record.md,research/normalized/EXP-REMOTE-006/decision/DEC-ACC-043-look2-mde.json,"only after a documented change, on new validation items from new independence groups committed and fingerprinted before use (section 5.2); otherwise labelled tuning",rule:home-domain>section-overlap>cluster-focus>fewest-decisions
DEC-ACC-044,1,PLANNED,access,LG-access,2,EXP-REMOTE-008,,,,,research/experiments/EXP-REMOTE-008/record.md,research/normalized/EXP-REMOTE-008/decision/DEC-ACC-044-look1-mde.json,after W and S of every decision in the look group are recorded on tuning (PA-03 rule 2); MDE gate section 4.12 passes,rule:home-domain>section-overlap>cluster-focus>fewest-decisions
DEC-ACC-044,2,RESERVED,access,LG-access,2,EXP-REMOTE-008,,,,,research/experiments/EXP-REMOTE-008/record.md,research/normalized/EXP-REMOTE-008/decision/DEC-ACC-044-look2-mde.json,"only after a documented change, on new validation items from new independence groups committed and fingerprinted before use (section 5.2); otherwise labelled tuning",rule:home-domain>section-overlap>cluster-focus>fewest-decisions
DEC-ACC-045,1,PLANNED,access,LG-access,2,EXP-REMOTE-005,,,,,research/experiments/EXP-REMOTE-005/record.md,research/normalized/EXP-REMOTE-005/decision/DEC-ACC-045-look1-mde.json,after W and S of every decision in the look group are recorded on tuning (PA-03 rule 2); MDE gate section 4.12 passes,rule:home-domain>section-overlap>cluster-focus>fewest-decisions
DEC-ACC-045,2,RESERVED,access,LG-access,2,EXP-REMOTE-005,,,,,research/experiments/EXP-REMOTE-005/record.md,research/normalized/EXP-REMOTE-005/decision/DEC-ACC-045-look2-mde.json,"only after a documented change, on new validation items from new independence groups committed and fingerprinted before use (section 5.2); otherwise labelled tuning",rule:home-domain>section-overlap>cluster-focus>fewest-decisions
DEC-ACC-046,1,PLANNED,access,LG-access,2,EXP-REMOTE-003,,,,,research/experiments/EXP-REMOTE-003/record.md,research/normalized/EXP-REMOTE-003/decision/DEC-ACC-046-look1-mde.json,after W and S of every decision in the look group are recorded on tuning (PA-03 rule 2); MDE gate section 4.12 passes,rule:home-domain>section-overlap>cluster-focus>fewest-decisions
DEC-ACC-046,2,RESERVED,access,LG-access,2,EXP-REMOTE-003,,,,,research/experiments/EXP-REMOTE-003/record.md,research/normalized/EXP-REMOTE-003/decision/DEC-ACC-046-look2-mde.json,"only after a documented change, on new validation items from new independence groups committed and fingerprinted before use (section 5.2); otherwise labelled tuning",rule:home-domain>section-overlap>cluster-focus>fewest-decisions
DEC-ACC-048,1,PLANNED,access,LG-access,2,EXP-SCALE-008,EXP-SCALE-001,,,,research/experiments/EXP-SCALE-008/record.md; research/experiments/EXP-SCALE-001/record.md,research/normalized/EXP-SCALE-008/decision/DEC-ACC-048-look1-mde.json,after W and S of every decision in the look group are recorded on tuning (PA-03 rule 2); MDE gate section 4.12 passes,rule:home-domain>section-overlap>cluster-focus>fewest-decisions
DEC-ACC-048,2,RESERVED,access,LG-access,2,EXP-SCALE-008,EXP-SCALE-001,,,,research/experiments/EXP-SCALE-008/record.md; research/experiments/EXP-SCALE-001/record.md,research/normalized/EXP-SCALE-008/decision/DEC-ACC-048-look2-mde.json,"only after a documented change, on new validation items from new independence groups committed and fingerprinted before use (section 5.2); otherwise labelled tuning",rule:home-domain>section-overlap>cluster-focus>fewest-decisions
DEC-ACC-049,1,PLANNED,access,LG-access,1,EXP-CRYPTO-015,EXP-ECO-015,,,,research/experiments/EXP-CRYPTO-015/record.md; research/experiments/EXP-ECO-015/record.md,research/normalized/EXP-CRYPTO-015/decision/DEC-ACC-049-look1-mde.json,after W and S of every decision in the look group are recorded on tuning (PA-03 rule 2); MDE gate section 4.12 passes,rule:home-domain>section-overlap>cluster-focus>fewest-decisions
DEC-ACC-049,2,RESERVED,access,LG-access,1,EXP-CRYPTO-015,EXP-ECO-015,,,,research/experiments/EXP-CRYPTO-015/record.md; research/experiments/EXP-ECO-015/record.md,research/normalized/EXP-CRYPTO-015/decision/DEC-ACC-049-look2-mde.json,"only after a documented change, on new validation items from new independence groups committed and fingerprinted before use (section 5.2); otherwise labelled tuning",rule:home-domain>section-overlap>cluster-focus>fewest-decisions
DEC-ACC-052,1,PLANNED,access,LG-access,2,EXP-SCALE-001,EXP-SCALE-003,,EXP-SCALE-006,,research/experiments/EXP-SCALE-001/record.md; research/experiments/EXP-SCALE-003/record.md,research/normalized/EXP-SCALE-001/decision/DEC-ACC-052-look1-mde.json,after W and S of every decision in the look group are recorded on tuning (PA-03 rule 2); MDE gate section 4.12 passes,rule:home-domain>section-overlap>cluster-focus>fewest-decisions
DEC-ACC-052,2,RESERVED,access,LG-access,2,EXP-SCALE-001,EXP-SCALE-003,,EXP-SCALE-006,,research/experiments/EXP-SCALE-001/record.md; research/experiments/EXP-SCALE-003/record.md,research/normalized/EXP-SCALE-001/decision/DEC-ACC-052-look2-mde.json,"only after a documented change, on new validation items from new independence groups committed and fingerprinted before use (section 5.2); otherwise labelled tuning",rule:home-domain>section-overlap>cluster-focus>fewest-decisions
DEC-ACC-053,1,PLANNED,access,LG-access,2,EXP-SCALE-008,EXP-PLAT-017,,,,research/experiments/EXP-SCALE-008/record.md; research/experiments/EXP-PLAT-017/record.md,research/normalized/EXP-SCALE-008/decision/DEC-ACC-053-look1-mde.json,after W and S of every decision in the look group are recorded on tuning (PA-03 rule 2); MDE gate section 4.12 passes,rule:home-domain>section-overlap>cluster-focus>fewest-decisions
DEC-ACC-053,2,RESERVED,access,LG-access,2,EXP-SCALE-008,EXP-PLAT-017,,,,research/experiments/EXP-SCALE-008/record.md; research/experiments/EXP-PLAT-017/record.md,research/normalized/EXP-SCALE-008/decision/DEC-ACC-053-look2-mde.json,"only after a documented change, on new validation items from new independence groups committed and fingerprinted before use (section 5.2); otherwise labelled tuning",rule:home-domain>section-overlap>cluster-focus>fewest-decisions
DEC-ACC-054,1,PLANNED,access,LG-access,2,EXP-SCALE-003,EXP-ECO-015,,,,research/experiments/EXP-SCALE-003/record.md; research/experiments/EXP-ECO-015/record.md,research/normalized/EXP-SCALE-003/decision/DEC-ACC-054-look1-mde.json,after W and S of every decision in the look group are recorded on tuning (PA-03 rule 2); MDE gate section 4.12 passes,rule:home-domain>section-overlap>cluster-focus>fewest-decisions
DEC-ACC-054,2,RESERVED,access,LG-access,2,EXP-SCALE-003,EXP-ECO-015,,,,research/experiments/EXP-SCALE-003/record.md; research/experiments/EXP-ECO-015/record.md,research/normalized/EXP-SCALE-003/decision/DEC-ACC-054-look2-mde.json,"only after a documented change, on new validation items from new independence groups committed and fingerprinted before use (section 5.2); otherwise labelled tuning",rule:home-domain>section-overlap>cluster-focus>fewest-decisions
DEC-ACC-055,1,PLANNED,access,LG-access,2,EXP-SCALE-008,,,,,research/experiments/EXP-SCALE-008/record.md,research/normalized/EXP-SCALE-008/decision/DEC-ACC-055-look1-mde.json,after W and S of every decision in the look group are recorded on tuning (PA-03 rule 2); MDE gate section 4.12 passes,rule:home-domain>section-overlap>cluster-focus>fewest-decisions
DEC-ACC-055,2,RESERVED,access,LG-access,2,EXP-SCALE-008,,,,,research/experiments/EXP-SCALE-008/record.md,research/normalized/EXP-SCALE-008/decision/DEC-ACC-055-look2-mde.json,"only after a documented change, on new validation items from new independence groups committed and fingerprinted before use (section 5.2); otherwise labelled tuning",rule:home-domain>section-overlap>cluster-focus>fewest-decisions
DEC-ACC-056,1,PLANNED,access,LG-access,2,EXP-SCALE-007,EXP-SCALE-003,,,,research/experiments/EXP-SCALE-007/record.md; research/experiments/EXP-SCALE-003/record.md,research/normalized/EXP-SCALE-007/decision/DEC-ACC-056-look1-mde.json,after W and S of every decision in the look group are recorded on tuning (PA-03 rule 2); MDE gate section 4.12 passes,rule:home-domain>section-overlap>cluster-focus>fewest-decisions
DEC-ACC-056,2,RESERVED,access,LG-access,2,EXP-SCALE-007,EXP-SCALE-003,,,,research/experiments/EXP-SCALE-007/record.md; research/experiments/EXP-SCALE-003/record.md,research/normalized/EXP-SCALE-007/decision/DEC-ACC-056-look2-mde.json,"only after a documented change, on new validation items from new independence groups committed and fingerprinted before use (section 5.2); otherwise labelled tuning",rule:home-domain>section-overlap>cluster-focus>fewest-decisions
DEC-ACC-057,1,PLANNED,access,LG-access,1,EXP-CONF-007,,,EXP-CONF-009; EXP-SCALE-006,,research/experiments/EXP-CONF-007/record.md,research/normalized/EXP-CONF-007/decision/DEC-ACC-057-look1-mde.json,after W and S of every decision in the look group are recorded on tuning (PA-03 rule 2); MDE gate section 4.12 passes,rule:home-domain>section-overlap>cluster-focus>fewest-decisions
DEC-ACC-057,2,RESERVED,access,LG-access,1,EXP-CONF-007,,,EXP-CONF-009; EXP-SCALE-006,,research/experiments/EXP-CONF-007/record.md,research/normalized/EXP-CONF-007/decision/DEC-ACC-057-look2-mde.json,"only after a documented change, on new validation items from new independence groups committed and fingerprinted before use (section 5.2); otherwise labelled tuning",rule:home-domain>section-overlap>cluster-focus>fewest-decisions
DEC-ACC-058,1,PLANNED,access,LG-access,2,EXP-SCALE-001,EXP-SCALE-007,,,,research/experiments/EXP-SCALE-001/record.md; research/experiments/EXP-SCALE-007/record.md,research/normalized/EXP-SCALE-001/decision/DEC-ACC-058-look1-mde.json,after W and S of every decision in the look group are recorded on tuning (PA-03 rule 2); MDE gate section 4.12 passes,rule:home-domain>section-overlap>cluster-focus>fewest-decisions
DEC-ACC-058,2,RESERVED,access,LG-access,2,EXP-SCALE-001,EXP-SCALE-007,,,,research/experiments/EXP-SCALE-001/record.md; research/experiments/EXP-SCALE-007/record.md,research/normalized/EXP-SCALE-001/decision/DEC-ACC-058-look2-mde.json,"only after a documented change, on new validation items from new independence groups committed and fingerprinted before use (section 5.2); otherwise labelled tuning",rule:home-domain>section-overlap>cluster-focus>fewest-decisions
DEC-ACC-059,1,PLANNED,access,LG-access,2,EXP-REMOTE-005,EXP-SCALE-001; EXP-SCALE-008,,,,research/experiments/EXP-REMOTE-005/record.md; research/experiments/EXP-SCALE-001/record.md; research/experiments/EXP-SCALE-008/record.md,research/normalized/EXP-REMOTE-005/decision/DEC-ACC-059-look1-mde.json,after W and S of every decision in the look group are recorded on tuning (PA-03 rule 2); MDE gate section 4.12 passes,rule:home-domain>section-overlap>cluster-focus>fewest-decisions
DEC-ACC-059,2,RESERVED,access,LG-access,2,EXP-REMOTE-005,EXP-SCALE-001; EXP-SCALE-008,,,,research/experiments/EXP-REMOTE-005/record.md; research/experiments/EXP-SCALE-001/record.md; research/experiments/EXP-SCALE-008/record.md,research/normalized/EXP-REMOTE-005/decision/DEC-ACC-059-look2-mde.json,"only after a documented change, on new validation items from new independence groups committed and fingerprinted before use (section 5.2); otherwise labelled tuning",rule:home-domain>section-overlap>cluster-focus>fewest-decisions
DEC-ACC-060,1,PLANNED,access,LG-access,2,EXP-SCALE-008,EXP-SCALE-001,,EXP-SCALE-006,,research/experiments/EXP-SCALE-008/record.md; research/experiments/EXP-SCALE-001/record.md,research/normalized/EXP-SCALE-008/decision/DEC-ACC-060-look1-mde.json,after W and S of every decision in the look group are recorded on tuning (PA-03 rule 2); MDE gate section 4.12 passes,rule:home-domain>section-overlap>cluster-focus>fewest-decisions
DEC-ACC-060,2,RESERVED,access,LG-access,2,EXP-SCALE-008,EXP-SCALE-001,,EXP-SCALE-006,,research/experiments/EXP-SCALE-008/record.md; research/experiments/EXP-SCALE-001/record.md,research/normalized/EXP-SCALE-008/decision/DEC-ACC-060-look2-mde.json,"only after a documented change, on new validation items from new independence groups committed and fingerprinted before use (section 5.2); otherwise labelled tuning",rule:home-domain>section-overlap>cluster-focus>fewest-decisions
DEC-ACC-061,1,PLANNED,access,LG-access,2,EXP-SCALE-007,,,,,research/experiments/EXP-SCALE-007/record.md,research/normalized/EXP-SCALE-007/decision/DEC-ACC-061-look1-mde.json,after W and S of every decision in the look group are recorded on tuning (PA-03 rule 2); MDE gate section 4.12 passes,rule:home-domain>section-overlap>cluster-focus>fewest-decisions
DEC-ACC-061,2,RESERVED,access,LG-access,2,EXP-SCALE-007,,,,,research/experiments/EXP-SCALE-007/record.md,research/normalized/EXP-SCALE-007/decision/DEC-ACC-061-look2-mde.json,"only after a documented change, on new validation items from new independence groups committed and fingerprinted before use (section 5.2); otherwise labelled tuning",rule:home-domain>section-overlap>cluster-focus>fewest-decisions
DEC-ACC-062,1,PLANNED,access,LG-access,2,EXP-SCALE-008,EXP-SCALE-001,,EXP-SCALE-006,,research/experiments/EXP-SCALE-008/record.md; research/experiments/EXP-SCALE-001/record.md,research/normalized/EXP-SCALE-008/decision/DEC-ACC-062-look1-mde.json,after W and S of every decision in the look group are recorded on tuning (PA-03 rule 2); MDE gate section 4.12 passes,rule:home-domain>section-overlap>cluster-focus>fewest-decisions
DEC-ACC-062,2,RESERVED,access,LG-access,2,EXP-SCALE-008,EXP-SCALE-001,,EXP-SCALE-006,,research/experiments/EXP-SCALE-008/record.md; research/experiments/EXP-SCALE-001/record.md,research/normalized/EXP-SCALE-008/decision/DEC-ACC-062-look2-mde.json,"only after a documented change, on new validation items from new independence groups committed and fingerprinted before use (section 5.2); otherwise labelled tuning",rule:home-domain>section-overlap>cluster-focus>fewest-decisions
DEC-CMP-001,1,PLANNED,compression,LG-compression,1,EXP-CHUNK-004,EXP-CHUNK-003; EXP-CHUNK-006; EXP-CHUNK-008; EXP-CHUNK-009; EXP-CHUNK-012,EXP-CHUNK-001; EXP-CHUNK-002; EXP-CRYPTO-003; EXP-SCALE-012,EXP-SCALE-014,OD-05 artifact_bytes (V1 look): EXP-CHUNK-004; OD-06 chunk-stage and end-to-end throughput (T1/T2): EXP-CHUNK-008,research/experiments/EXP-CHUNK-004/record.md; research/experiments/EXP-CHUNK-003/record.md; research/experiments/EXP-CHUNK-006/record.md; research/experiments/EXP-CHUNK-008/record.md; research/experiments/EXP-CHUNK-009/record.md; research/experiments/EXP-CHUNK-012/record.md,research/normalized/EXP-CHUNK-004/decision/DEC-CMP-001-look1-mde.json,after W and S of every decision in the look group are recorded on tuning (PA-03 rule 2); MDE gate section 4.12 passes,override:DR1-03
DEC-CMP-001,2,RESERVED,compression,LG-compression,1,EXP-CHUNK-004,EXP-CHUNK-003; EXP-CHUNK-006; EXP-CHUNK-008; EXP-CHUNK-009; EXP-CHUNK-012,EXP-CHUNK-001; EXP-CHUNK-002; EXP-CRYPTO-003; EXP-SCALE-012,EXP-SCALE-014,OD-05 artifact_bytes (V1 look): EXP-CHUNK-004; OD-06 chunk-stage and end-to-end throughput (T1/T2): EXP-CHUNK-008,research/experiments/EXP-CHUNK-004/record.md; research/experiments/EXP-CHUNK-003/record.md; research/experiments/EXP-CHUNK-006/record.md; research/experiments/EXP-CHUNK-008/record.md; research/experiments/EXP-CHUNK-009/record.md; research/experiments/EXP-CHUNK-012/record.md,research/normalized/EXP-CHUNK-004/decision/DEC-CMP-001-look2-mde.json,"only after a documented change, on new validation items from new independence groups committed and fingerprinted before use (section 5.2); otherwise labelled tuning",override:DR1-03
DEC-CMP-002,1,PLANNED,compression,LG-compression,1,EXP-CHUNK-001,EXP-CHUNK-002; EXP-CHUNK-003; EXP-CHUNK-004; EXP-CHUNK-005; EXP-CHUNK-008; EXP-CHUNK-009; EXP-CHUNK-014; EXP-CON-002; EXP-PLANNER-005,,,,research/experiments/EXP-CHUNK-001/record.md; research/experiments/EXP-CHUNK-002/record.md; research/experiments/EXP-CHUNK-003/record.md; research/experiments/EXP-CHUNK-004/record.md; research/experiments/EXP-CHUNK-005/record.md; research/experiments/EXP-CHUNK-008/record.md; research/experiments/EXP-CHUNK-009/record.md; research/experiments/EXP-CHUNK-014/record.md; research/experiments/EXP-CON-002/record.md; research/experiments/EXP-PLANNER-005/record.md,research/normalized/EXP-CHUNK-001/decision/DEC-CMP-002-look1-mde.json,after W and S of every decision in the look group are recorded on tuning (PA-03 rule 2); MDE gate section 4.12 passes,rule:home-domain>section-overlap>cluster-focus>fewest-decisions
DEC-CMP-002,2,RESERVED,compression,LG-compression,1,EXP-CHUNK-001,EXP-CHUNK-002; EXP-CHUNK-003; EXP-CHUNK-004; EXP-CHUNK-005; EXP-CHUNK-008; EXP-CHUNK-009; EXP-CHUNK-014; EXP-CON-002; EXP-PLANNER-005,,,,research/experiments/EXP-CHUNK-001/record.md; research/experiments/EXP-CHUNK-002/record.md; research/experiments/EXP-CHUNK-003/record.md; research/experiments/EXP-CHUNK-004/record.md; research/experiments/EXP-CHUNK-005/record.md; research/experiments/EXP-CHUNK-008/record.md; research/experiments/EXP-CHUNK-009/record.md; research/experiments/EXP-CHUNK-014/record.md; research/experiments/EXP-CON-002/record.md; research/experiments/EXP-PLANNER-005/record.md,research/normalized/EXP-CHUNK-001/decision/DEC-CMP-002-look2-mde.json,"only after a documented change, on new validation items from new independence groups committed and fingerprinted before use (section 5.2); otherwise labelled tuning",rule:home-domain>section-overlap>cluster-focus>fewest-decisions
DEC-CMP-003,1,PLANNED,compression,LG-compression,1,EXP-CHUNK-008,EXP-CHUNK-002; EXP-CHUNK-004; EXP-CHUNK-005; EXP-PLANNER-005,,,,research/experiments/EXP-CHUNK-008/record.md; research/experiments/EXP-CHUNK-002/record.md; research/experiments/EXP-CHUNK-004/record.md; research/experiments/EXP-CHUNK-005/record.md; research/experiments/EXP-PLANNER-005/record.md,research/normalized/EXP-CHUNK-008/decision/DEC-CMP-003-look1-mde.json,after W and S of every decision in the look group are recorded on tuning (PA-03 rule 2); MDE gate section 4.12 passes,rule:home-domain>section-overlap>cluster-focus>fewest-decisions
DEC-CMP-003,2,RESERVED,compression,LG-compression,1,EXP-CHUNK-008,EXP-CHUNK-002; EXP-CHUNK-004; EXP-CHUNK-005; EXP-PLANNER-005,,,,research/experiments/EXP-CHUNK-008/record.md; research/experiments/EXP-CHUNK-002/record.md; research/experiments/EXP-CHUNK-004/record.md; research/experiments/EXP-CHUNK-005/record.md; research/experiments/EXP-PLANNER-005/record.md,research/normalized/EXP-CHUNK-008/decision/DEC-CMP-003-look2-mde.json,"only after a documented change, on new validation items from new independence groups committed and fingerprinted before use (section 5.2); otherwise labelled tuning",rule:home-domain>section-overlap>cluster-focus>fewest-decisions
DEC-CMP-004,1,PLANNED,compression,LG-compression,1,EXP-CHUNK-008,EXP-CHUNK-004; EXP-CHUNK-005; EXP-PLANNER-005,,,,research/experiments/EXP-CHUNK-008/record.md; research/experiments/EXP-CHUNK-004/record.md; research/experiments/EXP-CHUNK-005/record.md; research/experiments/EXP-PLANNER-005/record.md,research/normalized/EXP-CHUNK-008/decision/DEC-CMP-004-look1-mde.json,after W and S of every decision in the look group are recorded on tuning (PA-03 rule 2); MDE gate section 4.12 passes,rule:home-domain>section-overlap>cluster-focus>fewest-decisions
DEC-CMP-004,2,RESERVED,compression,LG-compression,1,EXP-CHUNK-008,EXP-CHUNK-004; EXP-CHUNK-005; EXP-PLANNER-005,,,,research/experiments/EXP-CHUNK-008/record.md; research/experiments/EXP-CHUNK-004/record.md; research/experiments/EXP-CHUNK-005/record.md; research/experiments/EXP-PLANNER-005/record.md,research/normalized/EXP-CHUNK-008/decision/DEC-CMP-004-look2-mde.json,"only after a documented change, on new validation items from new independence groups committed and fingerprinted before use (section 5.2); otherwise labelled tuning",rule:home-domain>section-overlap>cluster-focus>fewest-decisions
DEC-CMP-005,1,PLANNED,compression,LG-compression,1,EXP-CHUNK-012,EXP-CHUNK-011,,EXP-CONF-004; EXP-CONF-009; EXP-CONF-012,,research/experiments/EXP-CHUNK-012/record.md; research/experiments/EXP-CHUNK-011/record.md,research/normalized/EXP-CHUNK-012/decision/DEC-CMP-005-look1-mde.json,after W and S of every decision in the look group are recorded on tuning (PA-03 rule 2); MDE gate section 4.12 passes,rule:home-domain>section-overlap>cluster-focus>fewest-decisions
DEC-CMP-005,2,RESERVED,compression,LG-compression,1,EXP-CHUNK-012,EXP-CHUNK-011,,EXP-CONF-004; EXP-CONF-009; EXP-CONF-012,,research/experiments/EXP-CHUNK-012/record.md; research/experiments/EXP-CHUNK-011/record.md,research/normalized/EXP-CHUNK-012/decision/DEC-CMP-005-look2-mde.json,"only after a documented change, on new validation items from new independence groups committed and fingerprinted before use (section 5.2); otherwise labelled tuning",rule:home-domain>section-overlap>cluster-focus>fewest-decisions
DEC-CMP-006,1,PLANNED,compression,LG-compression,3,EXP-PLANNER-006,EXP-CROSSFILE-001; EXP-CROSSFILE-002; EXP-CROSSFILE-007; EXP-REMOTE-003,,,,research/experiments/EXP-PLANNER-006/record.md; research/experiments/EXP-CROSSFILE-001/record.md; research/experiments/EXP-CROSSFILE-002/record.md; research/experiments/EXP-CROSSFILE-007/record.md; research/experiments/EXP-REMOTE-003/record.md,research/normalized/EXP-PLANNER-006/decision/DEC-CMP-006-look1-mde.json,after W and S of every decision in the look group are recorded on tuning (PA-03 rule 2); MDE gate section 4.12 passes,rule:home-domain>section-overlap>cluster-focus>fewest-decisions
DEC-CMP-006,2,RESERVED,compression,LG-compression,3,EXP-PLANNER-006,EXP-CROSSFILE-001; EXP-CROSSFILE-002; EXP-CROSSFILE-007; EXP-REMOTE-003,,,,research/experiments/EXP-PLANNER-006/record.md; research/experiments/EXP-CROSSFILE-001/record.md; research/experiments/EXP-CROSSFILE-002/record.md; research/experiments/EXP-CROSSFILE-007/record.md; research/experiments/EXP-REMOTE-003/record.md,research/normalized/EXP-PLANNER-006/decision/DEC-CMP-006-look2-mde.json,"only after a documented change, on new validation items from new independence groups committed and fingerprinted before use (section 5.2); otherwise labelled tuning",rule:home-domain>section-overlap>cluster-focus>fewest-decisions
DEC-CMP-007,1,PLANNED,compression,LG-compression,1,EXP-CODEC-002,EXP-ECO-002; EXP-ECO-003,,EXP-CONF-010; EXP-ECO-001,,research/experiments/EXP-CODEC-002/record.md; research/experiments/EXP-ECO-002/record.md; research/experiments/EXP-ECO-003/record.md,research/normalized/EXP-CODEC-002/decision/DEC-CMP-007-look1-mde.json,after W and S of every decision in the look group are recorded on tuning (PA-03 rule 2); MDE gate section 4.12 passes,rule:home-domain>section-overlap>cluster-focus>fewest-decisions
DEC-CMP-007,2,RESERVED,compression,LG-compression,1,EXP-CODEC-002,EXP-ECO-002; EXP-ECO-003,,EXP-CONF-010; EXP-ECO-001,,research/experiments/EXP-CODEC-002/record.md; research/experiments/EXP-ECO-002/record.md; research/experiments/EXP-ECO-003/record.md,research/normalized/EXP-CODEC-002/decision/DEC-CMP-007-look2-mde.json,"only after a documented change, on new validation items from new independence groups committed and fingerprinted before use (section 5.2); otherwise labelled tuning",rule:home-domain>section-overlap>cluster-focus>fewest-decisions
DEC-CMP-008,1,PLANNED,compression,LG-compression,1,EXP-CODEC-001,EXP-CODEC-002; EXP-CODEC-003; EXP-ECO-003,,EXP-CONF-001; EXP-ECO-001,,research/experiments/EXP-CODEC-001/record.md; research/experiments/EXP-CODEC-002/record.md; research/experiments/EXP-CODEC-003/record.md; research/experiments/EXP-ECO-003/record.md,research/normalized/EXP-CODEC-001/decision/DEC-CMP-008-look1-mde.json,after W and S of every decision in the look group are recorded on tuning (PA-03 rule 2); MDE gate section 4.12 passes,rule:home-domain>section-overlap>cluster-focus>fewest-decisions
DEC-CMP-008,2,RESERVED,compression,LG-compression,1,EXP-CODEC-001,EXP-CODEC-002; EXP-CODEC-003; EXP-ECO-003,,EXP-CONF-001; EXP-ECO-001,,research/experiments/EXP-CODEC-001/record.md; research/experiments/EXP-CODEC-002/record.md; research/experiments/EXP-CODEC-003/record.md; research/experiments/EXP-ECO-003/record.md,research/normalized/EXP-CODEC-001/decision/DEC-CMP-008-look2-mde.json,"only after a documented change, on new validation items from new independence groups committed and fingerprinted before use (section 5.2); otherwise labelled tuning",rule:home-domain>section-overlap>cluster-focus>fewest-decisions
DEC-CMP-009,1,PLANNED,compression,LG-compression,1,EXP-CODEC-001,EXP-CODEC-002; EXP-CODEC-003; EXP-PLANNER-002; EXP-PLANNER-004,,,,research/experiments/EXP-CODEC-001/record.md; research/experiments/EXP-CODEC-002/record.md; research/experiments/EXP-CODEC-003/record.md; research/experiments/EXP-PLANNER-002/record.md; research/experiments/EXP-PLANNER-004/record.md,research/normalized/EXP-CODEC-001/decision/DEC-CMP-009-look1-mde.json,after W and S of every decision in the look group are recorded on tuning (PA-03 rule 2); MDE gate section 4.12 passes,rule:home-domain>section-overlap>cluster-focus>fewest-decisions
DEC-CMP-009,2,RESERVED,compression,LG-compression,1,EXP-CODEC-001,EXP-CODEC-002; EXP-CODEC-003; EXP-PLANNER-002; EXP-PLANNER-004,,,,research/experiments/EXP-CODEC-001/record.md; research/experiments/EXP-CODEC-002/record.md; research/experiments/EXP-CODEC-003/record.md; research/experiments/EXP-PLANNER-002/record.md; research/experiments/EXP-PLANNER-004/record.md,research/normalized/EXP-CODEC-001/decision/DEC-CMP-009-look2-mde.json,"only after a documented change, on new validation items from new independence groups committed and fingerprinted before use (section 5.2); otherwise labelled tuning",rule:home-domain>section-overlap>cluster-focus>fewest-decisions
DEC-CMP-011,1,PLANNED,compression,LG-compression,4,EXP-EVAL-002,EXP-EVAL-005,,EXP-EVAL-001,,research/experiments/EXP-EVAL-002/record.md; research/experiments/EXP-EVAL-005/record.md,research/normalized/EXP-EVAL-002/decision/DEC-CMP-011-look1-mde.json,after W and S of every decision in the look group are recorded on tuning (PA-03 rule 2); MDE gate section 4.12 passes,rule:home-domain>section-overlap>cluster-focus>fewest-decisions
DEC-CMP-011,2,RESERVED,compression,LG-compression,4,EXP-EVAL-002,EXP-EVAL-005,,EXP-EVAL-001,,research/experiments/EXP-EVAL-002/record.md; research/experiments/EXP-EVAL-005/record.md,research/normalized/EXP-EVAL-002/decision/DEC-CMP-011-look2-mde.json,"only after a documented change, on new validation items from new independence groups committed and fingerprinted before use (section 5.2); otherwise labelled tuning",rule:home-domain>section-overlap>cluster-focus>fewest-decisions
DEC-CMP-012,1,PLANNED,compression,LG-compression,3,EXP-PLANNER-004,EXP-RECON-001; EXP-RECON-002; EXP-RECON-003; EXP-RECON-004; EXP-RECON-005; EXP-RECON-006,,,,research/experiments/EXP-PLANNER-004/record.md; research/experiments/EXP-RECON-001/record.md; research/experiments/EXP-RECON-002/record.md; research/experiments/EXP-RECON-003/record.md; research/experiments/EXP-RECON-004/record.md; research/experiments/EXP-RECON-005/record.md; research/experiments/EXP-RECON-006/record.md,research/normalized/EXP-PLANNER-004/decision/DEC-CMP-012-look1-mde.json,after W and S of every decision in the look group are recorded on tuning (PA-03 rule 2); MDE gate section 4.12 passes,rule:home-domain>section-overlap>cluster-focus>fewest-decisions
DEC-CMP-012,2,RESERVED,compression,LG-compression,3,EXP-PLANNER-004,EXP-RECON-001; EXP-RECON-002; EXP-RECON-003; EXP-RECON-004; EXP-RECON-005; EXP-RECON-006,,,,research/experiments/EXP-PLANNER-004/record.md; research/experiments/EXP-RECON-001/record.md; research/experiments/EXP-RECON-002/record.md; research/experiments/EXP-RECON-003/record.md; research/experiments/EXP-RECON-004/record.md; research/experiments/EXP-RECON-005/record.md; research/experiments/EXP-RECON-006/record.md,research/normalized/EXP-PLANNER-004/decision/DEC-CMP-012-look2-mde.json,"only after a documented change, on new validation items from new independence groups committed and fingerprinted before use (section 5.2); otherwise labelled tuning",rule:home-domain>section-overlap>cluster-focus>fewest-decisions
DEC-CMP-013,1,PLANNED,compression,LG-compression,3,EXP-PLANNER-006,EXP-CROSSFILE-003; EXP-CROSSFILE-004,,EXP-ECO-013; EXP-ECO-018,,research/experiments/EXP-PLANNER-006/record.md; research/experiments/EXP-CROSSFILE-003/record.md; research/experiments/EXP-CROSSFILE-004/record.md,research/normalized/EXP-PLANNER-006/decision/DEC-CMP-013-look1-mde.json,after W and S of every decision in the look group are recorded on tuning (PA-03 rule 2); MDE gate section 4.12 passes,rule:home-domain>section-overlap>cluster-focus>fewest-decisions
DEC-CMP-013,2,RESERVED,compression,LG-compression,3,EXP-PLANNER-006,EXP-CROSSFILE-003; EXP-CROSSFILE-004,,EXP-ECO-013; EXP-ECO-018,,research/experiments/EXP-PLANNER-006/record.md; research/experiments/EXP-CROSSFILE-003/record.md; research/experiments/EXP-CROSSFILE-004/record.md,research/normalized/EXP-PLANNER-006/decision/DEC-CMP-013-look2-mde.json,"only after a documented change, on new validation items from new independence groups committed and fingerprinted before use (section 5.2); otherwise labelled tuning",rule:home-domain>section-overlap>cluster-focus>fewest-decisions
DEC-CMP-014,1,PLANNED,compression,LG-compression,2,EXP-CROSSFILE-003,EXP-CROSSFILE-008,,,,research/experiments/EXP-CROSSFILE-003/record.md; research/experiments/EXP-CROSSFILE-008/record.md,research/normalized/EXP-CROSSFILE-003/decision/DEC-CMP-014-look1-mde.json,after W and S of every decision in the look group are recorded on tuning (PA-03 rule 2); MDE gate section 4.12 passes,rule:home-domain>section-overlap>cluster-focus>fewest-decisions
DEC-CMP-014,2,RESERVED,compression,LG-compression,2,EXP-CROSSFILE-003,EXP-CROSSFILE-008,,,,research/experiments/EXP-CROSSFILE-003/record.md; research/experiments/EXP-CROSSFILE-008/record.md,research/normalized/EXP-CROSSFILE-003/decision/DEC-CMP-014-look2-mde.json,"only after a documented change, on new validation items from new independence groups committed and fingerprinted before use (section 5.2); otherwise labelled tuning",rule:home-domain>section-overlap>cluster-focus>fewest-decisions
DEC-CMP-015,1,PLANNED,compression,LG-compression,3,EXP-PLANNER-008,,,,,research/experiments/EXP-PLANNER-008/record.md,research/normalized/EXP-PLANNER-008/decision/DEC-CMP-015-look1-mde.json,after W and S of every decision in the look group are recorded on tuning (PA-03 rule 2); MDE gate section 4.12 passes,rule:home-domain>section-overlap>cluster-focus>fewest-decisions
DEC-CMP-015,2,RESERVED,compression,LG-compression,3,EXP-PLANNER-008,,,,,research/experiments/EXP-PLANNER-008/record.md,research/normalized/EXP-PLANNER-008/decision/DEC-CMP-015-look2-mde.json,"only after a documented change, on new validation items from new independence groups committed and fingerprinted before use (section 5.2); otherwise labelled tuning",rule:home-domain>section-overlap>cluster-focus>fewest-decisions
DEC-CMP-016,1,PLANNED,compression,LG-compression,2,EXP-RECON-006,EXP-CONF-007; EXP-PLANNER-006; EXP-RECON-001; EXP-RECON-002; EXP-RECON-003; EXP-RECON-004; EXP-RECON-007; EXP-RECON-010,,EXP-CONF-009,,research/experiments/EXP-RECON-006/record.md; research/experiments/EXP-CONF-007/record.md; research/experiments/EXP-PLANNER-006/record.md; research/experiments/EXP-RECON-001/record.md; research/experiments/EXP-RECON-002/record.md; research/experiments/EXP-RECON-003/record.md; research/experiments/EXP-RECON-004/record.md; research/experiments/EXP-RECON-007/record.md; research/experiments/EXP-RECON-010/record.md,research/normalized/EXP-RECON-006/decision/DEC-CMP-016-look1-mde.json,after W and S of every decision in the look group are recorded on tuning (PA-03 rule 2); MDE gate section 4.12 passes,rule:home-domain>section-overlap>cluster-focus>fewest-decisions
DEC-CMP-016,2,RESERVED,compression,LG-compression,2,EXP-RECON-006,EXP-CONF-007; EXP-PLANNER-006; EXP-RECON-001; EXP-RECON-002; EXP-RECON-003; EXP-RECON-004; EXP-RECON-007; EXP-RECON-010,,EXP-CONF-009,,research/experiments/EXP-RECON-006/record.md; research/experiments/EXP-CONF-007/record.md; research/experiments/EXP-PLANNER-006/record.md; research/experiments/EXP-RECON-001/record.md; research/experiments/EXP-RECON-002/record.md; research/experiments/EXP-RECON-003/record.md; research/experiments/EXP-RECON-004/record.md; research/experiments/EXP-RECON-007/record.md; research/experiments/EXP-RECON-010/record.md,research/normalized/EXP-RECON-006/decision/DEC-CMP-016-look2-mde.json,"only after a documented change, on new validation items from new independence groups committed and fingerprinted before use (section 5.2); otherwise labelled tuning",rule:home-domain>section-overlap>cluster-focus>fewest-decisions
DEC-CMP-017,1,PLANNED,compression,LG-compression,1,EXP-CHUNK-003,EXP-CHUNK-004; EXP-CHUNK-006; EXP-CHUNK-007; EXP-CHUNK-009; EXP-CRYPTO-006; EXP-SCALE-001; EXP-SCALE-007,,EXP-SCALE-006,,research/experiments/EXP-CHUNK-003/record.md; research/experiments/EXP-CHUNK-004/record.md; research/experiments/EXP-CHUNK-006/record.md; research/experiments/EXP-CHUNK-007/record.md; research/experiments/EXP-CHUNK-009/record.md; research/experiments/EXP-CRYPTO-006/record.md; research/experiments/EXP-SCALE-001/record.md; research/experiments/EXP-SCALE-007/record.md,research/normalized/EXP-CHUNK-003/decision/DEC-CMP-017-look1-mde.json,after W and S of every decision in the look group are recorded on tuning (PA-03 rule 2); MDE gate section 4.12 passes,rule:home-domain>section-overlap>cluster-focus>fewest-decisions
DEC-CMP-017,2,RESERVED,compression,LG-compression,1,EXP-CHUNK-003,EXP-CHUNK-004; EXP-CHUNK-006; EXP-CHUNK-007; EXP-CHUNK-009; EXP-CRYPTO-006; EXP-SCALE-001; EXP-SCALE-007,,EXP-SCALE-006,,research/experiments/EXP-CHUNK-003/record.md; research/experiments/EXP-CHUNK-004/record.md; research/experiments/EXP-CHUNK-006/record.md; research/experiments/EXP-CHUNK-007/record.md; research/experiments/EXP-CHUNK-009/record.md; research/experiments/EXP-CRYPTO-006/record.md; research/experiments/EXP-SCALE-001/record.md; research/experiments/EXP-SCALE-007/record.md,research/normalized/EXP-CHUNK-003/decision/DEC-CMP-017-look2-mde.json,"only after a documented change, on new validation items from new independence groups committed and fingerprinted before use (section 5.2); otherwise labelled tuning",rule:home-domain>section-overlap>cluster-focus>fewest-decisions
DEC-CMP-018,1,PLANNED,compression,LG-compression,2,EXP-RECON-002,EXP-RECON-001; EXP-RECON-003; EXP-RECON-004; EXP-RECON-005; EXP-RECON-006; EXP-RECON-011,,,,research/experiments/EXP-RECON-002/record.md; research/experiments/EXP-RECON-001/record.md; research/experiments/EXP-RECON-003/record.md; research/experiments/EXP-RECON-004/record.md; research/experiments/EXP-RECON-005/record.md; research/experiments/EXP-RECON-006/record.md; research/experiments/EXP-RECON-011/record.md,research/normalized/EXP-RECON-002/decision/DEC-CMP-018-look1-mde.json,after W and S of every decision in the look group are recorded on tuning (PA-03 rule 2); MDE gate section 4.12 passes,rule:home-domain>section-overlap>cluster-focus>fewest-decisions
DEC-CMP-018,2,RESERVED,compression,LG-compression,2,EXP-RECON-002,EXP-RECON-001; EXP-RECON-003; EXP-RECON-004; EXP-RECON-005; EXP-RECON-006; EXP-RECON-011,,,,research/experiments/EXP-RECON-002/record.md; research/experiments/EXP-RECON-001/record.md; research/experiments/EXP-RECON-003/record.md; research/experiments/EXP-RECON-004/record.md; research/experiments/EXP-RECON-005/record.md; research/experiments/EXP-RECON-006/record.md; research/experiments/EXP-RECON-011/record.md,research/normalized/EXP-RECON-002/decision/DEC-CMP-018-look2-mde.json,"only after a documented change, on new validation items from new independence groups committed and fingerprinted before use (section 5.2); otherwise labelled tuning",rule:home-domain>section-overlap>cluster-focus>fewest-decisions
DEC-CMP-019,1,PLANNED,compression,LG-compression,3,EXP-PLANNER-006,,,EXP-SCALE-005; EXP-SCALE-014,,research/experiments/EXP-PLANNER-006/record.md,research/normalized/EXP-PLANNER-006/decision/DEC-CMP-019-look1-mde.json,after W and S of every decision in the look group are recorded on tuning (PA-03 rule 2); MDE gate section 4.12 passes,rule:home-domain>section-overlap>cluster-focus>fewest-decisions
DEC-CMP-019,2,RESERVED,compression,LG-compression,3,EXP-PLANNER-006,,,EXP-SCALE-005; EXP-SCALE-014,,research/experiments/EXP-PLANNER-006/record.md,research/normalized/EXP-PLANNER-006/decision/DEC-CMP-019-look2-mde.json,"only after a documented change, on new validation items from new independence groups committed and fingerprinted before use (section 5.2); otherwise labelled tuning",rule:home-domain>section-overlap>cluster-focus>fewest-decisions
DEC-CMP-020,1,PLANNED,compression,LG-compression,3,EXP-PLANNER-004,EXP-CROSSFILE-003; EXP-CROSSFILE-006; EXP-CROSSFILE-007; EXP-CROSSFILE-008; EXP-REMOTE-011,,,,research/experiments/EXP-PLANNER-004/record.md; research/experiments/EXP-CROSSFILE-003/record.md; research/experiments/EXP-CROSSFILE-006/record.md; research/experiments/EXP-CROSSFILE-007/record.md; research/experiments/EXP-CROSSFILE-008/record.md; research/experiments/EXP-REMOTE-011/record.md,research/normalized/EXP-PLANNER-004/decision/DEC-CMP-020-look1-mde.json,after W and S of every decision in the look group are recorded on tuning (PA-03 rule 2); MDE gate section 4.12 passes,rule:home-domain>section-overlap>cluster-focus>fewest-decisions
DEC-CMP-020,2,RESERVED,compression,LG-compression,3,EXP-PLANNER-004,EXP-CROSSFILE-003; EXP-CROSSFILE-006; EXP-CROSSFILE-007; EXP-CROSSFILE-008; EXP-REMOTE-011,,,,research/experiments/EXP-PLANNER-004/record.md; research/experiments/EXP-CROSSFILE-003/record.md; research/experiments/EXP-CROSSFILE-006/record.md; research/experiments/EXP-CROSSFILE-007/record.md; research/experiments/EXP-CROSSFILE-008/record.md; research/experiments/EXP-REMOTE-011/record.md,research/normalized/EXP-PLANNER-004/decision/DEC-CMP-020-look2-mde.json,"only after a documented change, on new validation items from new independence groups committed and fingerprinted before use (section 5.2); otherwise labelled tuning",rule:home-domain>section-overlap>cluster-focus>fewest-decisions
DEC-CMP-021,1,PLANNED,compression,LG-compression,2,EXP-CROSSFILE-009,EXP-CROSSFILE-010; EXP-ECO-002,,EXP-ECO-001; EXP-SCALE-005; EXP-SCALE-014,,research/experiments/EXP-CROSSFILE-009/record.md; research/experiments/EXP-CROSSFILE-010/record.md; research/experiments/EXP-ECO-002/record.md,research/normalized/EXP-CROSSFILE-009/decision/DEC-CMP-021-look1-mde.json,after W and S of every decision in the look group are recorded on tuning (PA-03 rule 2); MDE gate section 4.12 passes,rule:home-domain>section-overlap>cluster-focus>fewest-decisions
DEC-CMP-021,2,RESERVED,compression,LG-compression,2,EXP-CROSSFILE-009,EXP-CROSSFILE-010; EXP-ECO-002,,EXP-ECO-001; EXP-SCALE-005; EXP-SCALE-014,,research/experiments/EXP-CROSSFILE-009/record.md; research/experiments/EXP-CROSSFILE-010/record.md; research/experiments/EXP-ECO-002/record.md,research/normalized/EXP-CROSSFILE-009/decision/DEC-CMP-021-look2-mde.json,"only after a documented change, on new validation items from new independence groups committed and fingerprinted before use (section 5.2); otherwise labelled tuning",rule:home-domain>section-overlap>cluster-focus>fewest-decisions
DEC-CMP-022,1,PLANNED,compression,LG-compression,1,EXP-CRYPTO-007,,,,,research/experiments/EXP-CRYPTO-007/record.md,research/normalized/EXP-CRYPTO-007/decision/DEC-CMP-022-look1-mde.json,after W and S of every decision in the look group are recorded on tuning (PA-03 rule 2); MDE gate section 4.12 passes,rule:home-domain>section-overlap>cluster-focus>fewest-decisions
DEC-CMP-022,2,RESERVED,compression,LG-compression,1,EXP-CRYPTO-007,,,,,research/experiments/EXP-CRYPTO-007/record.md,research/normalized/EXP-CRYPTO-007/decision/DEC-CMP-022-look2-mde.json,"only after a documented change, on new validation items from new independence groups committed and fingerprinted before use (section 5.2); otherwise labelled tuning",rule:home-domain>section-overlap>cluster-focus>fewest-decisions
DEC-CMP-023,1,PLANNED,compression,LG-compression,2,EXP-RECON-004,EXP-RECON-001; EXP-RECON-002; EXP-RECON-005; EXP-RECON-008; EXP-RECON-011,,,,research/experiments/EXP-RECON-004/record.md; research/experiments/EXP-RECON-001/record.md; research/experiments/EXP-RECON-002/record.md; research/experiments/EXP-RECON-005/record.md; research/experiments/EXP-RECON-008/record.md; research/experiments/EXP-RECON-011/record.md,research/normalized/EXP-RECON-004/decision/DEC-CMP-023-look1-mde.json,after W and S of every decision in the look group are recorded on tuning (PA-03 rule 2); MDE gate section 4.12 passes,rule:home-domain>section-overlap>cluster-focus>fewest-decisions
DEC-CMP-023,2,RESERVED,compression,LG-compression,2,EXP-RECON-004,EXP-RECON-001; EXP-RECON-002; EXP-RECON-005; EXP-RECON-008; EXP-RECON-011,,,,research/experiments/EXP-RECON-004/record.md; research/experiments/EXP-RECON-001/record.md; research/experiments/EXP-RECON-002/record.md; research/experiments/EXP-RECON-005/record.md; research/experiments/EXP-RECON-008/record.md; research/experiments/EXP-RECON-011/record.md,research/normalized/EXP-RECON-004/decision/DEC-CMP-023-look2-mde.json,"only after a documented change, on new validation items from new independence groups committed and fingerprinted before use (section 5.2); otherwise labelled tuning",rule:home-domain>section-overlap>cluster-focus>fewest-decisions
DEC-CMP-024,1,PLANNED,compression,LG-compression,1,EXP-CODEC-008,EXP-LEGACY-033,,EXP-LEGACY-031,,research/experiments/EXP-CODEC-008/record.md; research/experiments/EXP-LEGACY-033/record.md,research/normalized/EXP-CODEC-008/decision/DEC-CMP-024-look1-mde.json,after W and S of every decision in the look group are recorded on tuning (PA-03 rule 2); MDE gate section 4.12 passes,rule:home-domain>section-overlap>cluster-focus>fewest-decisions
DEC-CMP-024,2,RESERVED,compression,LG-compression,1,EXP-CODEC-008,EXP-LEGACY-033,,EXP-LEGACY-031,,research/experiments/EXP-CODEC-008/record.md; research/experiments/EXP-LEGACY-033/record.md,research/normalized/EXP-CODEC-008/decision/DEC-CMP-024-look2-mde.json,"only after a documented change, on new validation items from new independence groups committed and fingerprinted before use (section 5.2); otherwise labelled tuning",rule:home-domain>section-overlap>cluster-focus>fewest-decisions
DEC-CMP-025,1,PLANNED,compression,LG-compression,1,EXP-CONF-006,,,,,research/experiments/EXP-CONF-006/record.md,research/normalized/EXP-CONF-006/decision/DEC-CMP-025-look1-mde.json,after W and S of every decision in the look group are recorded on tuning (PA-03 rule 2); MDE gate section 4.12 passes,rule:home-domain>section-overlap>cluster-focus>fewest-decisions
DEC-CMP-025,2,RESERVED,compression,LG-compression,1,EXP-CONF-006,,,,,research/experiments/EXP-CONF-006/record.md,research/normalized/EXP-CONF-006/decision/DEC-CMP-025-look2-mde.json,"only after a documented change, on new validation items from new independence groups committed and fingerprinted before use (section 5.2); otherwise labelled tuning",rule:home-domain>section-overlap>cluster-focus>fewest-decisions
DEC-CMP-026,1,PLANNED,compression,LG-compression,2,EXP-RECON-003,EXP-RECON-001; EXP-RECON-002; EXP-RECON-004; EXP-RECON-005; EXP-RECON-006; EXP-RECON-008; EXP-RECON-009; EXP-RECON-011,,EXP-ECO-001,,research/experiments/EXP-RECON-003/record.md; research/experiments/EXP-RECON-001/record.md; research/experiments/EXP-RECON-002/record.md; research/experiments/EXP-RECON-004/record.md; research/experiments/EXP-RECON-005/record.md; research/experiments/EXP-RECON-006/record.md; research/experiments/EXP-RECON-008/record.md; research/experiments/EXP-RECON-009/record.md; research/experiments/EXP-RECON-011/record.md,research/normalized/EXP-RECON-003/decision/DEC-CMP-026-look1-mde.json,after W and S of every decision in the look group are recorded on tuning (PA-03 rule 2); MDE gate section 4.12 passes,rule:home-domain>section-overlap>cluster-focus>fewest-decisions
DEC-CMP-026,2,RESERVED,compression,LG-compression,2,EXP-RECON-003,EXP-RECON-001; EXP-RECON-002; EXP-RECON-004; EXP-RECON-005; EXP-RECON-006; EXP-RECON-008; EXP-RECON-009; EXP-RECON-011,,EXP-ECO-001,,research/experiments/EXP-RECON-003/record.md; research/experiments/EXP-RECON-001/record.md; research/experiments/EXP-RECON-002/record.md; research/experiments/EXP-RECON-004/record.md; research/experiments/EXP-RECON-005/record.md; research/experiments/EXP-RECON-006/record.md; research/experiments/EXP-RECON-008/record.md; research/experiments/EXP-RECON-009/record.md; research/experiments/EXP-RECON-011/record.md,research/normalized/EXP-RECON-003/decision/DEC-CMP-026-look2-mde.json,"only after a documented change, on new validation items from new independence groups committed and fingerprinted before use (section 5.2); otherwise labelled tuning",rule:home-domain>section-overlap>cluster-focus>fewest-decisions
DEC-CMP-027,1,PLANNED,compression,LG-compression,2,EXP-CROSSFILE-004,EXP-CROSSFILE-005; EXP-CROSSFILE-006; EXP-CROSSFILE-007; EXP-CROSSFILE-008; EXP-INT-001; EXP-REMOTE-011,,,OD-05 size and lookback candidates: EXP-CROSSFILE-004; OD-14 blast radius of lookback candidates: EXP-INT-001,research/experiments/EXP-CROSSFILE-004/record.md; research/experiments/EXP-CROSSFILE-005/record.md; research/experiments/EXP-CROSSFILE-006/record.md; research/experiments/EXP-CROSSFILE-007/record.md; research/experiments/EXP-CROSSFILE-008/record.md; research/experiments/EXP-INT-001/record.md; research/experiments/EXP-REMOTE-011/record.md,research/normalized/EXP-CROSSFILE-004/decision/DEC-CMP-027-look1-mde.json,after W and S of every decision in the look group are recorded on tuning (PA-03 rule 2); MDE gate section 4.12 passes,override:integrity C13
DEC-CMP-027,2,RESERVED,compression,LG-compression,2,EXP-CROSSFILE-004,EXP-CROSSFILE-005; EXP-CROSSFILE-006; EXP-CROSSFILE-007; EXP-CROSSFILE-008; EXP-INT-001; EXP-REMOTE-011,,,OD-05 size and lookback candidates: EXP-CROSSFILE-004; OD-14 blast radius of lookback candidates: EXP-INT-001,research/experiments/EXP-CROSSFILE-004/record.md; research/experiments/EXP-CROSSFILE-005/record.md; research/experiments/EXP-CROSSFILE-006/record.md; research/experiments/EXP-CROSSFILE-007/record.md; research/experiments/EXP-CROSSFILE-008/record.md; research/experiments/EXP-INT-001/record.md; research/experiments/EXP-REMOTE-011/record.md,research/normalized/EXP-CROSSFILE-004/decision/DEC-CMP-027-look2-mde.json,"only after a documented change, on new validation items from new independence groups committed and fingerprinted before use (section 5.2); otherwise labelled tuning",override:integrity C13
DEC-CMP-028,1,PLANNED,compression,LG-compression,2,EXP-PLAT-018,EXP-PLAT-016,,,,research/experiments/EXP-PLAT-018/record.md; research/experiments/EXP-PLAT-016/record.md,research/normalized/EXP-PLAT-018/decision/DEC-CMP-028-look1-mde.json,after W and S of every decision in the look group are recorded on tuning (PA-03 rule 2); MDE gate section 4.12 passes,rule:home-domain>section-overlap>cluster-focus>fewest-decisions
DEC-CMP-028,2,RESERVED,compression,LG-compression,2,EXP-PLAT-018,EXP-PLAT-016,,,,research/experiments/EXP-PLAT-018/record.md; research/experiments/EXP-PLAT-016/record.md,research/normalized/EXP-PLAT-018/decision/DEC-CMP-028-look2-mde.json,"only after a documented change, on new validation items from new independence groups committed and fingerprinted before use (section 5.2); otherwise labelled tuning",rule:home-domain>section-overlap>cluster-focus>fewest-decisions
DEC-CMP-029,1,PLANNED,compression,LG-compression,1,EXP-CRYPTO-005,EXP-CRYPTO-007,,,,research/experiments/EXP-CRYPTO-005/record.md; research/experiments/EXP-CRYPTO-007/record.md,research/normalized/EXP-CRYPTO-005/decision/DEC-CMP-029-look1-mde.json,after W and S of every decision in the look group are recorded on tuning (PA-03 rule 2); MDE gate section 4.12 passes,rule:home-domain>section-overlap>cluster-focus>fewest-decisions
DEC-CMP-029,2,RESERVED,compression,LG-compression,1,EXP-CRYPTO-005,EXP-CRYPTO-007,,,,research/experiments/EXP-CRYPTO-005/record.md; research/experiments/EXP-CRYPTO-007/record.md,research/normalized/EXP-CRYPTO-005/decision/DEC-CMP-029-look2-mde.json,"only after a documented change, on new validation items from new independence groups committed and fingerprinted before use (section 5.2); otherwise labelled tuning",rule:home-domain>section-overlap>cluster-focus>fewest-decisions
DEC-CMP-030,1,PLANNED,compression,LG-compression,3,EXP-PLANNER-004,,,,,research/experiments/EXP-PLANNER-004/record.md,research/normalized/EXP-PLANNER-004/decision/DEC-CMP-030-look1-mde.json,after W and S of every decision in the look group are recorded on tuning (PA-03 rule 2); MDE gate section 4.12 passes,rule:home-domain>section-overlap>cluster-focus>fewest-decisions
DEC-CMP-030,2,RESERVED,compression,LG-compression,3,EXP-PLANNER-004,,,,,research/experiments/EXP-PLANNER-004/record.md,research/normalized/EXP-PLANNER-004/decision/DEC-CMP-030-look2-mde.json,"only after a documented change, on new validation items from new independence groups committed and fingerprinted before use (section 5.2); otherwise labelled tuning",rule:home-domain>section-overlap>cluster-focus>fewest-decisions
DEC-CMP-031,1,PLANNED,compression,LG-compression,4,EXP-ECO-002,,,,,research/experiments/EXP-ECO-002/record.md,research/normalized/EXP-ECO-002/decision/DEC-CMP-031-look1-mde.json,after W and S of every decision in the look group are recorded on tuning (PA-03 rule 2); MDE gate section 4.12 passes,rule:home-domain>section-overlap>cluster-focus>fewest-decisions
DEC-CMP-031,2,RESERVED,compression,LG-compression,4,EXP-ECO-002,,,,,research/experiments/EXP-ECO-002/record.md,research/normalized/EXP-ECO-002/decision/DEC-CMP-031-look2-mde.json,"only after a documented change, on new validation items from new independence groups committed and fingerprinted before use (section 5.2); otherwise labelled tuning",rule:home-domain>section-overlap>cluster-focus>fewest-decisions
DEC-CMP-032,1,PLANNED,compression,LG-compression,3,EXP-PLANNER-003,EXP-PLANNER-002; EXP-PLANNER-007,,,,research/experiments/EXP-PLANNER-003/record.md; research/experiments/EXP-PLANNER-002/record.md; research/experiments/EXP-PLANNER-007/record.md,research/normalized/EXP-PLANNER-003/decision/DEC-CMP-032-look1-mde.json,after W and S of every decision in the look group are recorded on tuning (PA-03 rule 2); MDE gate section 4.12 passes,rule:home-domain>section-overlap>cluster-focus>fewest-decisions
DEC-CMP-032,2,RESERVED,compression,LG-compression,3,EXP-PLANNER-003,EXP-PLANNER-002; EXP-PLANNER-007,,,,research/experiments/EXP-PLANNER-003/record.md; research/experiments/EXP-PLANNER-002/record.md; research/experiments/EXP-PLANNER-007/record.md,research/normalized/EXP-PLANNER-003/decision/DEC-CMP-032-look2-mde.json,"only after a documented change, on new validation items from new independence groups committed and fingerprinted before use (section 5.2); otherwise labelled tuning",rule:home-domain>section-overlap>cluster-focus>fewest-decisions
DEC-CMP-033,1,PLANNED,compression,LG-compression,3,EXP-PLANNER-003,EXP-PLANNER-007,,,,research/experiments/EXP-PLANNER-003/record.md; research/experiments/EXP-PLANNER-007/record.md,research/normalized/EXP-PLANNER-003/decision/DEC-CMP-033-look1-mde.json,after W and S of every decision in the look group are recorded on tuning (PA-03 rule 2); MDE gate section 4.12 passes,rule:home-domain>section-overlap>cluster-focus>fewest-decisions
DEC-CMP-033,2,RESERVED,compression,LG-compression,3,EXP-PLANNER-003,EXP-PLANNER-007,,,,research/experiments/EXP-PLANNER-003/record.md; research/experiments/EXP-PLANNER-007/record.md,research/normalized/EXP-PLANNER-003/decision/DEC-CMP-033-look2-mde.json,"only after a documented change, on new validation items from new independence groups committed and fingerprinted before use (section 5.2); otherwise labelled tuning",rule:home-domain>section-overlap>cluster-focus>fewest-decisions
DEC-CMP-034,1,PLANNED,compression,LG-compression,3,EXP-PLANNER-002,EXP-PLANNER-001; EXP-PLANNER-004; EXP-PLANNER-007; EXP-RECON-003,,,,research/experiments/EXP-PLANNER-002/record.md; research/experiments/EXP-PLANNER-001/record.md; research/experiments/EXP-PLANNER-004/record.md; research/experiments/EXP-PLANNER-007/record.md; research/experiments/EXP-RECON-003/record.md,research/normalized/EXP-PLANNER-002/decision/DEC-CMP-034-look1-mde.json,after W and S of every decision in the look group are recorded on tuning (PA-03 rule 2); MDE gate section 4.12 passes,rule:home-domain>section-overlap>cluster-focus>fewest-decisions
DEC-CMP-034,2,RESERVED,compression,LG-compression,3,EXP-PLANNER-002,EXP-PLANNER-001; EXP-PLANNER-004; EXP-PLANNER-007; EXP-RECON-003,,,,research/experiments/EXP-PLANNER-002/record.md; research/experiments/EXP-PLANNER-001/record.md; research/experiments/EXP-PLANNER-004/record.md; research/experiments/EXP-PLANNER-007/record.md; research/experiments/EXP-RECON-003/record.md,research/normalized/EXP-PLANNER-002/decision/DEC-CMP-034-look2-mde.json,"only after a documented change, on new validation items from new independence groups committed and fingerprinted before use (section 5.2); otherwise labelled tuning",rule:home-domain>section-overlap>cluster-focus>fewest-decisions
DEC-CMP-035,1,PLANNED,compression,LG-compression,3,EXP-PLANNER-007,EXP-PLANNER-001; EXP-PLANNER-006,,,,research/experiments/EXP-PLANNER-007/record.md; research/experiments/EXP-PLANNER-001/record.md; research/experiments/EXP-PLANNER-006/record.md,research/normalized/EXP-PLANNER-007/decision/DEC-CMP-035-look1-mde.json,after W and S of every decision in the look group are recorded on tuning (PA-03 rule 2); MDE gate section 4.12 passes,rule:home-domain>section-overlap>cluster-focus>fewest-decisions
DEC-CMP-035,2,RESERVED,compression,LG-compression,3,EXP-PLANNER-007,EXP-PLANNER-001; EXP-PLANNER-006,,,,research/experiments/EXP-PLANNER-007/record.md; research/experiments/EXP-PLANNER-001/record.md; research/experiments/EXP-PLANNER-006/record.md,research/normalized/EXP-PLANNER-007/decision/DEC-CMP-035-look2-mde.json,"only after a documented change, on new validation items from new independence groups committed and fingerprinted before use (section 5.2); otherwise labelled tuning",rule:home-domain>section-overlap>cluster-focus>fewest-decisions
DEC-CMP-036,1,PLANNED,compression,LG-compression,3,EXP-PLANNER-007,EXP-PLANNER-001,,,,research/experiments/EXP-PLANNER-007/record.md; research/experiments/EXP-PLANNER-001/record.md,research/normalized/EXP-PLANNER-007/decision/DEC-CMP-036-look1-mde.json,after W and S of every decision in the look group are recorded on tuning (PA-03 rule 2); MDE gate section 4.12 passes,rule:home-domain>section-overlap>cluster-focus>fewest-decisions
DEC-CMP-036,2,RESERVED,compression,LG-compression,3,EXP-PLANNER-007,EXP-PLANNER-001,,,,research/experiments/EXP-PLANNER-007/record.md; research/experiments/EXP-PLANNER-001/record.md,research/normalized/EXP-PLANNER-007/decision/DEC-CMP-036-look2-mde.json,"only after a documented change, on new validation items from new independence groups committed and fingerprinted before use (section 5.2); otherwise labelled tuning",rule:home-domain>section-overlap>cluster-focus>fewest-decisions
DEC-CMP-037,1,PLANNED,compression,LG-compression,2,EXP-RECON-005,EXP-RECON-006; EXP-RECON-007; EXP-RECON-011,,EXP-CONF-009,,research/experiments/EXP-RECON-005/record.md; research/experiments/EXP-RECON-006/record.md; research/experiments/EXP-RECON-007/record.md; research/experiments/EXP-RECON-011/record.md,research/normalized/EXP-RECON-005/decision/DEC-CMP-037-look1-mde.json,after W and S of every decision in the look group are recorded on tuning (PA-03 rule 2); MDE gate section 4.12 passes,rule:home-domain>section-overlap>cluster-focus>fewest-decisions
DEC-CMP-037,2,RESERVED,compression,LG-compression,2,EXP-RECON-005,EXP-RECON-006; EXP-RECON-007; EXP-RECON-011,,EXP-CONF-009,,research/experiments/EXP-RECON-005/record.md; research/experiments/EXP-RECON-006/record.md; research/experiments/EXP-RECON-007/record.md; research/experiments/EXP-RECON-011/record.md,research/normalized/EXP-RECON-005/decision/DEC-CMP-037-look2-mde.json,"only after a documented change, on new validation items from new independence groups committed and fingerprinted before use (section 5.2); otherwise labelled tuning",rule:home-domain>section-overlap>cluster-focus>fewest-decisions
DEC-CMP-038,1,PLANNED,compression,LG-compression,2,EXP-RECON-008,EXP-ECO-002; EXP-RECON-003; EXP-RECON-004; EXP-RECON-007; EXP-RECON-011,,EXP-CONF-001; EXP-ECO-001,,research/experiments/EXP-RECON-008/record.md; research/experiments/EXP-ECO-002/record.md; research/experiments/EXP-RECON-003/record.md; research/experiments/EXP-RECON-004/record.md; research/experiments/EXP-RECON-007/record.md; research/experiments/EXP-RECON-011/record.md,research/normalized/EXP-RECON-008/decision/DEC-CMP-038-look1-mde.json,after W and S of every decision in the look group are recorded on tuning (PA-03 rule 2); MDE gate section 4.12 passes,rule:home-domain>section-overlap>cluster-focus>fewest-decisions
DEC-CMP-038,2,RESERVED,compression,LG-compression,2,EXP-RECON-008,EXP-ECO-002; EXP-RECON-003; EXP-RECON-004; EXP-RECON-007; EXP-RECON-011,,EXP-CONF-001; EXP-ECO-001,,research/experiments/EXP-RECON-008/record.md; research/experiments/EXP-ECO-002/record.md; research/experiments/EXP-RECON-003/record.md; research/experiments/EXP-RECON-004/record.md; research/experiments/EXP-RECON-007/record.md; research/experiments/EXP-RECON-011/record.md,research/normalized/EXP-RECON-008/decision/DEC-CMP-038-look2-mde.json,"only after a documented change, on new validation items from new independence groups committed and fingerprinted before use (section 5.2); otherwise labelled tuning",rule:home-domain>section-overlap>cluster-focus>fewest-decisions
DEC-CMP-039,1,PLANNED,compression,LG-compression,1,EXP-CHUNK-010,EXP-CROSSFILE-007; EXP-CROSSFILE-012; EXP-PLANNER-004; EXP-RECON-002; EXP-RECON-009,,,,research/experiments/EXP-CHUNK-010/record.md; research/experiments/EXP-CROSSFILE-007/record.md; research/experiments/EXP-CROSSFILE-012/record.md; research/experiments/EXP-PLANNER-004/record.md; research/experiments/EXP-RECON-002/record.md; research/experiments/EXP-RECON-009/record.md,research/normalized/EXP-CHUNK-010/decision/DEC-CMP-039-look1-mde.json,after W and S of every decision in the look group are recorded on tuning (PA-03 rule 2); MDE gate section 4.12 passes,rule:home-domain>section-overlap>cluster-focus>fewest-decisions
DEC-CMP-039,2,RESERVED,compression,LG-compression,1,EXP-CHUNK-010,EXP-CROSSFILE-007; EXP-CROSSFILE-012; EXP-PLANNER-004; EXP-RECON-002; EXP-RECON-009,,,,research/experiments/EXP-CHUNK-010/record.md; research/experiments/EXP-CROSSFILE-007/record.md; research/experiments/EXP-CROSSFILE-012/record.md; research/experiments/EXP-PLANNER-004/record.md; research/experiments/EXP-RECON-002/record.md; research/experiments/EXP-RECON-009/record.md,research/normalized/EXP-CHUNK-010/decision/DEC-CMP-039-look2-mde.json,"only after a documented change, on new validation items from new independence groups committed and fingerprinted before use (section 5.2); otherwise labelled tuning",rule:home-domain>section-overlap>cluster-focus>fewest-decisions
DEC-CMP-041,1,PLANNED,compression,LG-compression,2,EXP-CROSSFILE-001,EXP-CROSSFILE-007; EXP-SCALE-001; EXP-SCALE-007; EXP-SCALE-012,,EXP-SCALE-005,,research/experiments/EXP-CROSSFILE-001/record.md; research/experiments/EXP-CROSSFILE-007/record.md; research/experiments/EXP-SCALE-001/record.md; research/experiments/EXP-SCALE-007/record.md; research/experiments/EXP-SCALE-012/record.md,research/normalized/EXP-CROSSFILE-001/decision/DEC-CMP-041-look1-mde.json,after W and S of every decision in the look group are recorded on tuning (PA-03 rule 2); MDE gate section 4.12 passes,rule:home-domain>section-overlap>cluster-focus>fewest-decisions
DEC-CMP-041,2,RESERVED,compression,LG-compression,2,EXP-CROSSFILE-001,EXP-CROSSFILE-007; EXP-SCALE-001; EXP-SCALE-007; EXP-SCALE-012,,EXP-SCALE-005,,research/experiments/EXP-CROSSFILE-001/record.md; research/experiments/EXP-CROSSFILE-007/record.md; research/experiments/EXP-SCALE-001/record.md; research/experiments/EXP-SCALE-007/record.md; research/experiments/EXP-SCALE-012/record.md,research/normalized/EXP-CROSSFILE-001/decision/DEC-CMP-041-look2-mde.json,"only after a documented change, on new validation items from new independence groups committed and fingerprinted before use (section 5.2); otherwise labelled tuning",rule:home-domain>section-overlap>cluster-focus>fewest-decisions
DEC-CMP-042,1,PLANNED,compression,LG-compression,1,EXP-CHUNK-010,EXP-RECON-002; EXP-RECON-004; EXP-RECON-005,,,,research/experiments/EXP-CHUNK-010/record.md; research/experiments/EXP-RECON-002/record.md; research/experiments/EXP-RECON-004/record.md; research/experiments/EXP-RECON-005/record.md,research/normalized/EXP-CHUNK-010/decision/DEC-CMP-042-look1-mde.json,after W and S of every decision in the look group are recorded on tuning (PA-03 rule 2); MDE gate section 4.12 passes,rule:home-domain>section-overlap>cluster-focus>fewest-decisions
DEC-CMP-042,2,RESERVED,compression,LG-compression,1,EXP-CHUNK-010,EXP-RECON-002; EXP-RECON-004; EXP-RECON-005,,,,research/experiments/EXP-CHUNK-010/record.md; research/experiments/EXP-RECON-002/record.md; research/experiments/EXP-RECON-004/record.md; research/experiments/EXP-RECON-005/record.md,research/normalized/EXP-CHUNK-010/decision/DEC-CMP-042-look2-mde.json,"only after a documented change, on new validation items from new independence groups committed and fingerprinted before use (section 5.2); otherwise labelled tuning",rule:home-domain>section-overlap>cluster-focus>fewest-decisions
DEC-CMP-043,1,PLANNED,compression,LG-compression,1,EXP-CODEC-004,EXP-CODEC-002; EXP-CODEC-003; EXP-CODEC-006,,,,research/experiments/EXP-CODEC-004/record.md; research/experiments/EXP-CODEC-002/record.md; research/experiments/EXP-CODEC-003/record.md; research/experiments/EXP-CODEC-006/record.md,research/normalized/EXP-CODEC-004/decision/DEC-CMP-043-look1-mde.json,after W and S of every decision in the look group are recorded on tuning (PA-03 rule 2); MDE gate section 4.12 passes,rule:home-domain>section-overlap>cluster-focus>fewest-decisions
DEC-CMP-043,2,RESERVED,compression,LG-compression,1,EXP-CODEC-004,EXP-CODEC-002; EXP-CODEC-003; EXP-CODEC-006,,,,research/experiments/EXP-CODEC-004/record.md; research/experiments/EXP-CODEC-002/record.md; research/experiments/EXP-CODEC-003/record.md; research/experiments/EXP-CODEC-006/record.md,research/normalized/EXP-CODEC-004/decision/DEC-CMP-043-look2-mde.json,"only after a documented change, on new validation items from new independence groups committed and fingerprinted before use (section 5.2); otherwise labelled tuning",rule:home-domain>section-overlap>cluster-focus>fewest-decisions
DEC-CMP-044,1,PLANNED,compression,LG-compression,1,EXP-CODEC-006,EXP-INT-014; EXP-RECON-005,,EXP-INT-014,pack-time verification cost: EXP-CODEC-006; fault-injection detection: EXP-INT-014,research/experiments/EXP-CODEC-006/record.md; research/experiments/EXP-INT-014/record.md; research/experiments/EXP-RECON-005/record.md,research/normalized/EXP-CODEC-006/decision/DEC-CMP-044-look1-mde.json,after W and S of every decision in the look group are recorded on tuning (PA-03 rule 2); MDE gate section 4.12 passes,override:integrity C13
DEC-CMP-044,2,RESERVED,compression,LG-compression,1,EXP-CODEC-006,EXP-INT-014; EXP-RECON-005,,EXP-INT-014,pack-time verification cost: EXP-CODEC-006; fault-injection detection: EXP-INT-014,research/experiments/EXP-CODEC-006/record.md; research/experiments/EXP-INT-014/record.md; research/experiments/EXP-RECON-005/record.md,research/normalized/EXP-CODEC-006/decision/DEC-CMP-044-look2-mde.json,"only after a documented change, on new validation items from new independence groups committed and fingerprinted before use (section 5.2); otherwise labelled tuning",override:integrity C13
DEC-CMP-045,1,PLANNED,compression,LG-compression,1,EXP-CODEC-001,EXP-CODEC-002; EXP-CODEC-003; EXP-PLANNER-006,,,,research/experiments/EXP-CODEC-001/record.md; research/experiments/EXP-CODEC-002/record.md; research/experiments/EXP-CODEC-003/record.md; research/experiments/EXP-PLANNER-006/record.md,research/normalized/EXP-CODEC-001/decision/DEC-CMP-045-look1-mde.json,after W and S of every decision in the look group are recorded on tuning (PA-03 rule 2); MDE gate section 4.12 passes,rule:home-domain>section-overlap>cluster-focus>fewest-decisions
DEC-CMP-045,2,RESERVED,compression,LG-compression,1,EXP-CODEC-001,EXP-CODEC-002; EXP-CODEC-003; EXP-PLANNER-006,,,,research/experiments/EXP-CODEC-001/record.md; research/experiments/EXP-CODEC-002/record.md; research/experiments/EXP-CODEC-003/record.md; research/experiments/EXP-PLANNER-006/record.md,research/normalized/EXP-CODEC-001/decision/DEC-CMP-045-look2-mde.json,"only after a documented change, on new validation items from new independence groups committed and fingerprinted before use (section 5.2); otherwise labelled tuning",rule:home-domain>section-overlap>cluster-focus>fewest-decisions
DEC-CON-001,1,PLANNED,container,LG-container,1,EXP-CONF-007,EXP-LEGACY-041; EXP-PLAT-003; EXP-PLAT-012,,EXP-CON-006,,research/experiments/EXP-CONF-007/record.md; research/experiments/EXP-LEGACY-041/record.md; research/experiments/EXP-PLAT-003/record.md; research/experiments/EXP-PLAT-012/record.md,research/normalized/EXP-CONF-007/decision/DEC-CON-001-look1-mde.json,after W and S of every decision in the look group are recorded on tuning (PA-03 rule 2); MDE gate section 4.12 passes,rule:home-domain>section-overlap>cluster-focus>fewest-decisions
DEC-CON-001,2,RESERVED,container,LG-container,1,EXP-CONF-007,EXP-LEGACY-041; EXP-PLAT-003; EXP-PLAT-012,,EXP-CON-006,,research/experiments/EXP-CONF-007/record.md; research/experiments/EXP-LEGACY-041/record.md; research/experiments/EXP-PLAT-003/record.md; research/experiments/EXP-PLAT-012/record.md,research/normalized/EXP-CONF-007/decision/DEC-CON-001-look2-mde.json,"only after a documented change, on new validation items from new independence groups committed and fingerprinted before use (section 5.2); otherwise labelled tuning",rule:home-domain>section-overlap>cluster-focus>fewest-decisions
DEC-CON-002,1,PLANNED,container,LG-container,2,EXP-CON-008,EXP-CON-001; EXP-CON-002; EXP-CON-004; EXP-CONF-002,,EXP-CON-005; EXP-CONF-001,,research/experiments/EXP-CON-008/record.md; research/experiments/EXP-CON-001/record.md; research/experiments/EXP-CON-002/record.md; research/experiments/EXP-CON-004/record.md; research/experiments/EXP-CONF-002/record.md,research/normalized/EXP-CON-008/decision/DEC-CON-002-look1-mde.json,after W and S of every decision in the look group are recorded on tuning (PA-03 rule 2); MDE gate section 4.12 passes,rule:home-domain>section-overlap>cluster-focus>fewest-decisions
DEC-CON-002,2,RESERVED,container,LG-container,2,EXP-CON-008,EXP-CON-001; EXP-CON-002; EXP-CON-004; EXP-CONF-002,,EXP-CON-005; EXP-CONF-001,,research/experiments/EXP-CON-008/record.md; research/experiments/EXP-CON-001/record.md; research/experiments/EXP-CON-002/record.md; research/experiments/EXP-CON-004/record.md; research/experiments/EXP-CONF-002/record.md,research/normalized/EXP-CON-008/decision/DEC-CON-002-look2-mde.json,"only after a documented change, on new validation items from new independence groups committed and fingerprinted before use (section 5.2); otherwise labelled tuning",rule:home-domain>section-overlap>cluster-focus>fewest-decisions
DEC-CON-003,1,PLANNED,container,LG-container,1,EXP-CONF-002,,,EXP-CONF-001; EXP-CONF-003; EXP-CONF-004,,research/experiments/EXP-CONF-002/record.md,research/normalized/EXP-CONF-002/decision/DEC-CON-003-look1-mde.json,after W and S of every decision in the look group are recorded on tuning (PA-03 rule 2); MDE gate section 4.12 passes,rule:home-domain>section-overlap>cluster-focus>fewest-decisions
DEC-CON-003,2,RESERVED,container,LG-container,1,EXP-CONF-002,,,EXP-CONF-001; EXP-CONF-003; EXP-CONF-004,,research/experiments/EXP-CONF-002/record.md,research/normalized/EXP-CONF-002/decision/DEC-CON-003-look2-mde.json,"only after a documented change, on new validation items from new independence groups committed and fingerprinted before use (section 5.2); otherwise labelled tuning",rule:home-domain>section-overlap>cluster-focus>fewest-decisions
DEC-CON-004,1,PLANNED,container,LG-container,1,EXP-CODEC-003,EXP-CONF-007; EXP-CROSSFILE-003; EXP-CROSSFILE-004; EXP-CROSSFILE-006; EXP-CROSSFILE-008; EXP-RECON-001; EXP-RECON-006; EXP-RECON-010,,EXP-CONF-004,,research/experiments/EXP-CODEC-003/record.md; research/experiments/EXP-CONF-007/record.md; research/experiments/EXP-CROSSFILE-003/record.md; research/experiments/EXP-CROSSFILE-004/record.md; research/experiments/EXP-CROSSFILE-006/record.md; research/experiments/EXP-CROSSFILE-008/record.md; research/experiments/EXP-RECON-001/record.md; research/experiments/EXP-RECON-006/record.md; research/experiments/EXP-RECON-010/record.md,research/normalized/EXP-CODEC-003/decision/DEC-CON-004-look1-mde.json,after W and S of every decision in the look group are recorded on tuning (PA-03 rule 2); MDE gate section 4.12 passes,rule:home-domain>section-overlap>cluster-focus>fewest-decisions
DEC-CON-004,2,RESERVED,container,LG-container,1,EXP-CODEC-003,EXP-CONF-007; EXP-CROSSFILE-003; EXP-CROSSFILE-004; EXP-CROSSFILE-006; EXP-CROSSFILE-008; EXP-RECON-001; EXP-RECON-006; EXP-RECON-010,,EXP-CONF-004,,research/experiments/EXP-CODEC-003/record.md; research/experiments/EXP-CONF-007/record.md; research/experiments/EXP-CROSSFILE-003/record.md; research/experiments/EXP-CROSSFILE-004/record.md; research/experiments/EXP-CROSSFILE-006/record.md; research/experiments/EXP-CROSSFILE-008/record.md; research/experiments/EXP-RECON-001/record.md; research/experiments/EXP-RECON-006/record.md; research/experiments/EXP-RECON-010/record.md,research/normalized/EXP-CODEC-003/decision/DEC-CON-004-look2-mde.json,"only after a documented change, on new validation items from new independence groups committed and fingerprinted before use (section 5.2); otherwise labelled tuning",rule:home-domain>section-overlap>cluster-focus>fewest-decisions
DEC-CON-005,1,PLANNED,container,LG-container,2,EXP-RECON-001,EXP-CONF-007; EXP-RECON-004; EXP-RECON-006,,,,research/experiments/EXP-RECON-001/record.md; research/experiments/EXP-CONF-007/record.md; research/experiments/EXP-RECON-004/record.md; research/experiments/EXP-RECON-006/record.md,research/normalized/EXP-RECON-001/decision/DEC-CON-005-look1-mde.json,after W and S of every decision in the look group are recorded on tuning (PA-03 rule 2); MDE gate section 4.12 passes,rule:home-domain>section-overlap>cluster-focus>fewest-decisions
DEC-CON-005,2,RESERVED,container,LG-container,2,EXP-RECON-001,EXP-CONF-007; EXP-RECON-004; EXP-RECON-006,,,,research/experiments/EXP-RECON-001/record.md; research/experiments/EXP-CONF-007/record.md; research/experiments/EXP-RECON-004/record.md; research/experiments/EXP-RECON-006/record.md,research/normalized/EXP-RECON-001/decision/DEC-CON-005-look2-mde.json,"only after a documented change, on new validation items from new independence groups committed and fingerprinted before use (section 5.2); otherwise labelled tuning",rule:home-domain>section-overlap>cluster-focus>fewest-decisions
DEC-CON-006,1,PLANNED,container,LG-container,1,EXP-CONF-007,EXP-LEGACY-010; EXP-LEGACY-041,,EXP-CON-005; EXP-CON-006,,research/experiments/EXP-CONF-007/record.md; research/experiments/EXP-LEGACY-010/record.md; research/experiments/EXP-LEGACY-041/record.md,research/normalized/EXP-CONF-007/decision/DEC-CON-006-look1-mde.json,after W and S of every decision in the look group are recorded on tuning (PA-03 rule 2); MDE gate section 4.12 passes,rule:home-domain>section-overlap>cluster-focus>fewest-decisions
DEC-CON-006,2,RESERVED,container,LG-container,1,EXP-CONF-007,EXP-LEGACY-010; EXP-LEGACY-041,,EXP-CON-005; EXP-CON-006,,research/experiments/EXP-CONF-007/record.md; research/experiments/EXP-LEGACY-010/record.md; research/experiments/EXP-LEGACY-041/record.md,research/normalized/EXP-CONF-007/decision/DEC-CON-006-look2-mde.json,"only after a documented change, on new validation items from new independence groups committed and fingerprinted before use (section 5.2); otherwise labelled tuning",rule:home-domain>section-overlap>cluster-focus>fewest-decisions
DEC-CON-007,1,PLANNED,container,LG-container,2,EXP-RECON-004,EXP-ECO-002; EXP-RECON-003; EXP-RECON-007; EXP-RECON-008; EXP-RECON-011,,EXP-ECO-001,,research/experiments/EXP-RECON-004/record.md; research/experiments/EXP-ECO-002/record.md; research/experiments/EXP-RECON-003/record.md; research/experiments/EXP-RECON-007/record.md; research/experiments/EXP-RECON-008/record.md; research/experiments/EXP-RECON-011/record.md,research/normalized/EXP-RECON-004/decision/DEC-CON-007-look1-mde.json,after W and S of every decision in the look group are recorded on tuning (PA-03 rule 2); MDE gate section 4.12 passes,rule:home-domain>section-overlap>cluster-focus>fewest-decisions
DEC-CON-007,2,RESERVED,container,LG-container,2,EXP-RECON-004,EXP-ECO-002; EXP-RECON-003; EXP-RECON-007; EXP-RECON-008; EXP-RECON-011,,EXP-ECO-001,,research/experiments/EXP-RECON-004/record.md; research/experiments/EXP-ECO-002/record.md; research/experiments/EXP-RECON-003/record.md; research/experiments/EXP-RECON-007/record.md; research/experiments/EXP-RECON-008/record.md; research/experiments/EXP-RECON-011/record.md,research/normalized/EXP-RECON-004/decision/DEC-CON-007-look2-mde.json,"only after a documented change, on new validation items from new independence groups committed and fingerprinted before use (section 5.2); otherwise labelled tuning",rule:home-domain>section-overlap>cluster-focus>fewest-decisions
DEC-CON-008,1,PLANNED,container,LG-container,1,EXP-CRYPTO-016,,,,,research/experiments/EXP-CRYPTO-016/record.md,research/normalized/EXP-CRYPTO-016/decision/DEC-CON-008-look1-mde.json,after W and S of every decision in the look group are recorded on tuning (PA-03 rule 2); MDE gate section 4.12 passes,rule:home-domain>section-overlap>cluster-focus>fewest-decisions
DEC-CON-008,2,RESERVED,container,LG-container,1,EXP-CRYPTO-016,,,,,research/experiments/EXP-CRYPTO-016/record.md,research/normalized/EXP-CRYPTO-016/decision/DEC-CON-008-look2-mde.json,"only after a documented change, on new validation items from new independence groups committed and fingerprinted before use (section 5.2); otherwise labelled tuning",rule:home-domain>section-overlap>cluster-focus>fewest-decisions
DEC-CON-009,1,PLANNED,container,LG-container,1,EXP-CONF-007,EXP-CRYPTO-009; EXP-SCALE-010,,EXP-CONF-004,,research/experiments/EXP-CONF-007/record.md; research/experiments/EXP-CRYPTO-009/record.md; research/experiments/EXP-SCALE-010/record.md,research/normalized/EXP-CONF-007/decision/DEC-CON-009-look1-mde.json,after W and S of every decision in the look group are recorded on tuning (PA-03 rule 2); MDE gate section 4.12 passes,rule:home-domain>section-overlap>cluster-focus>fewest-decisions
DEC-CON-009,2,RESERVED,container,LG-container,1,EXP-CONF-007,EXP-CRYPTO-009; EXP-SCALE-010,,EXP-CONF-004,,research/experiments/EXP-CONF-007/record.md; research/experiments/EXP-CRYPTO-009/record.md; research/experiments/EXP-SCALE-010/record.md,research/normalized/EXP-CONF-007/decision/DEC-CON-009-look2-mde.json,"only after a documented change, on new validation items from new independence groups committed and fingerprinted before use (section 5.2); otherwise labelled tuning",rule:home-domain>section-overlap>cluster-focus>fewest-decisions
DEC-CON-010,1,PLANNED,container,LG-container,3,EXP-PLANNER-001,EXP-PLAT-005; EXP-RECON-001; EXP-RECON-004; EXP-RECON-009; EXP-RECON-010; EXP-RECON-011,,EXP-CON-007; EXP-LEGACY-050,,research/experiments/EXP-PLANNER-001/record.md; research/experiments/EXP-PLAT-005/record.md; research/experiments/EXP-RECON-001/record.md; research/experiments/EXP-RECON-004/record.md; research/experiments/EXP-RECON-009/record.md; research/experiments/EXP-RECON-010/record.md; research/experiments/EXP-RECON-011/record.md,research/normalized/EXP-PLANNER-001/decision/DEC-CON-010-look1-mde.json,after W and S of every decision in the look group are recorded on tuning (PA-03 rule 2); MDE gate section 4.12 passes,rule:home-domain>section-overlap>cluster-focus>fewest-decisions
DEC-CON-010,2,RESERVED,container,LG-container,3,EXP-PLANNER-001,EXP-PLAT-005; EXP-RECON-001; EXP-RECON-004; EXP-RECON-009; EXP-RECON-010; EXP-RECON-011,,EXP-CON-007; EXP-LEGACY-050,,research/experiments/EXP-PLANNER-001/record.md; research/experiments/EXP-PLAT-005/record.md; research/experiments/EXP-RECON-001/record.md; research/experiments/EXP-RECON-004/record.md; research/experiments/EXP-RECON-009/record.md; research/experiments/EXP-RECON-010/record.md; research/experiments/EXP-RECON-011/record.md,research/normalized/EXP-PLANNER-001/decision/DEC-CON-010-look2-mde.json,"only after a documented change, on new validation items from new independence groups committed and fingerprinted before use (section 5.2); otherwise labelled tuning",rule:home-domain>section-overlap>cluster-focus>fewest-decisions
DEC-CON-011,1,PLANNED,container,LG-container,1,EXP-CRYPTO-016,,,EXP-CONF-003; EXP-CONF-004,,research/experiments/EXP-CRYPTO-016/record.md,research/normalized/EXP-CRYPTO-016/decision/DEC-CON-011-look1-mde.json,after W and S of every decision in the look group are recorded on tuning (PA-03 rule 2); MDE gate section 4.12 passes,rule:home-domain>section-overlap>cluster-focus>fewest-decisions
DEC-CON-011,2,RESERVED,container,LG-container,1,EXP-CRYPTO-016,,,EXP-CONF-003; EXP-CONF-004,,research/experiments/EXP-CRYPTO-016/record.md,research/normalized/EXP-CRYPTO-016/decision/DEC-CON-011-look2-mde.json,"only after a documented change, on new validation items from new independence groups committed and fingerprinted before use (section 5.2); otherwise labelled tuning",rule:home-domain>section-overlap>cluster-focus>fewest-decisions
DEC-CON-012,1,PLANNED,container,LG-container,2,EXP-CON-008,EXP-CONF-002; EXP-CONF-006; EXP-CRYPTO-016,,EXP-CONF-001; EXP-CONF-004,,research/experiments/EXP-CON-008/record.md; research/experiments/EXP-CONF-002/record.md; research/experiments/EXP-CONF-006/record.md; research/experiments/EXP-CRYPTO-016/record.md,research/normalized/EXP-CON-008/decision/DEC-CON-012-look1-mde.json,after W and S of every decision in the look group are recorded on tuning (PA-03 rule 2); MDE gate section 4.12 passes,rule:home-domain>section-overlap>cluster-focus>fewest-decisions
DEC-CON-012,2,RESERVED,container,LG-container,2,EXP-CON-008,EXP-CONF-002; EXP-CONF-006; EXP-CRYPTO-016,,EXP-CONF-001; EXP-CONF-004,,research/experiments/EXP-CON-008/record.md; research/experiments/EXP-CONF-002/record.md; research/experiments/EXP-CONF-006/record.md; research/experiments/EXP-CRYPTO-016/record.md,research/normalized/EXP-CON-008/decision/DEC-CON-012-look2-mde.json,"only after a documented change, on new validation items from new independence groups committed and fingerprinted before use (section 5.2); otherwise labelled tuning",rule:home-domain>section-overlap>cluster-focus>fewest-decisions
DEC-CON-013,1,PLANNED,container,LG-container,1,EXP-CONF-006,,,,,research/experiments/EXP-CONF-006/record.md,research/normalized/EXP-CONF-006/decision/DEC-CON-013-look1-mde.json,after W and S of every decision in the look group are recorded on tuning (PA-03 rule 2); MDE gate section 4.12 passes,rule:home-domain>section-overlap>cluster-focus>fewest-decisions
DEC-CON-013,2,RESERVED,container,LG-container,1,EXP-CONF-006,,,,,research/experiments/EXP-CONF-006/record.md,research/normalized/EXP-CONF-006/decision/DEC-CON-013-look2-mde.json,"only after a documented change, on new validation items from new independence groups committed and fingerprinted before use (section 5.2); otherwise labelled tuning",rule:home-domain>section-overlap>cluster-focus>fewest-decisions
DEC-CON-015,1,PLANNED,container,LG-container,2,EXP-CON-002,EXP-REMOTE-004; EXP-SCALE-001; EXP-SCALE-003,,EXP-CON-005,,research/experiments/EXP-CON-002/record.md; research/experiments/EXP-REMOTE-004/record.md; research/experiments/EXP-SCALE-001/record.md; research/experiments/EXP-SCALE-003/record.md,research/normalized/EXP-CON-002/decision/DEC-CON-015-look1-mde.json,after W and S of every decision in the look group are recorded on tuning (PA-03 rule 2); MDE gate section 4.12 passes,rule:home-domain>section-overlap>cluster-focus>fewest-decisions
DEC-CON-015,2,RESERVED,container,LG-container,2,EXP-CON-002,EXP-REMOTE-004; EXP-SCALE-001; EXP-SCALE-003,,EXP-CON-005,,research/experiments/EXP-CON-002/record.md; research/experiments/EXP-REMOTE-004/record.md; research/experiments/EXP-SCALE-001/record.md; research/experiments/EXP-SCALE-003/record.md,research/normalized/EXP-CON-002/decision/DEC-CON-015-look2-mde.json,"only after a documented change, on new validation items from new independence groups committed and fingerprinted before use (section 5.2); otherwise labelled tuning",rule:home-domain>section-overlap>cluster-focus>fewest-decisions
DEC-CON-016,1,PLANNED,container,LG-container,1,EXP-CRYPTO-015,,,,,research/experiments/EXP-CRYPTO-015/record.md,research/normalized/EXP-CRYPTO-015/decision/DEC-CON-016-look1-mde.json,after W and S of every decision in the look group are recorded on tuning (PA-03 rule 2); MDE gate section 4.12 passes,rule:home-domain>section-overlap>cluster-focus>fewest-decisions
DEC-CON-016,2,RESERVED,container,LG-container,1,EXP-CRYPTO-015,,,,,research/experiments/EXP-CRYPTO-015/record.md,research/normalized/EXP-CRYPTO-015/decision/DEC-CON-016-look2-mde.json,"only after a documented change, on new validation items from new independence groups committed and fingerprinted before use (section 5.2); otherwise labelled tuning",rule:home-domain>section-overlap>cluster-focus>fewest-decisions
DEC-CON-017,1,PLANNED,container,LG-container,4,EXP-ECO-012,,,,,research/experiments/EXP-ECO-012/record.md,research/normalized/EXP-ECO-012/decision/DEC-CON-017-look1-mde.json,after W and S of every decision in the look group are recorded on tuning (PA-03 rule 2); MDE gate section 4.12 passes,rule:home-domain>section-overlap>cluster-focus>fewest-decisions
DEC-CON-017,2,RESERVED,container,LG-container,4,EXP-ECO-012,,,,,research/experiments/EXP-ECO-012/record.md,research/normalized/EXP-ECO-012/decision/DEC-CON-017-look2-mde.json,"only after a documented change, on new validation items from new independence groups committed and fingerprinted before use (section 5.2); otherwise labelled tuning",rule:home-domain>section-overlap>cluster-focus>fewest-decisions
DEC-CON-018,1,PLANNED,container,LG-container,2,EXP-CON-001,EXP-REMOTE-004; EXP-SCALE-001; EXP-SCALE-003,,EXP-CON-005; EXP-CONF-001; EXP-CONF-009; EXP-CONF-010,,research/experiments/EXP-CON-001/record.md; research/experiments/EXP-REMOTE-004/record.md; research/experiments/EXP-SCALE-001/record.md; research/experiments/EXP-SCALE-003/record.md,research/normalized/EXP-CON-001/decision/DEC-CON-018-look1-mde.json,after W and S of every decision in the look group are recorded on tuning (PA-03 rule 2); MDE gate section 4.12 passes,rule:home-domain>section-overlap>cluster-focus>fewest-decisions
DEC-CON-018,2,RESERVED,container,LG-container,2,EXP-CON-001,EXP-REMOTE-004; EXP-SCALE-001; EXP-SCALE-003,,EXP-CON-005; EXP-CONF-001; EXP-CONF-009; EXP-CONF-010,,research/experiments/EXP-CON-001/record.md; research/experiments/EXP-REMOTE-004/record.md; research/experiments/EXP-SCALE-001/record.md; research/experiments/EXP-SCALE-003/record.md,research/normalized/EXP-CON-001/decision/DEC-CON-018-look2-mde.json,"only after a documented change, on new validation items from new independence groups committed and fingerprinted before use (section 5.2); otherwise labelled tuning",rule:home-domain>section-overlap>cluster-focus>fewest-decisions
DEC-CON-019,1,PLANNED,container,LG-container,4,EXP-ECO-012,,,,,research/experiments/EXP-ECO-012/record.md,research/normalized/EXP-ECO-012/decision/DEC-CON-019-look1-mde.json,after W and S of every decision in the look group are recorded on tuning (PA-03 rule 2); MDE gate section 4.12 passes,rule:home-domain>section-overlap>cluster-focus>fewest-decisions
DEC-CON-019,2,RESERVED,container,LG-container,4,EXP-ECO-012,,,,,research/experiments/EXP-ECO-012/record.md,research/normalized/EXP-ECO-012/decision/DEC-CON-019-look2-mde.json,"only after a documented change, on new validation items from new independence groups committed and fingerprinted before use (section 5.2); otherwise labelled tuning",rule:home-domain>section-overlap>cluster-focus>fewest-decisions
DEC-CON-020,1,PLANNED,container,LG-container,1,EXP-INT-015,EXP-CON-003; EXP-REMOTE-007,,EXP-INT-015,exact proof-cost model: EXP-INT-015; emulated-network cost: EXP-REMOTE-007,research/experiments/EXP-INT-015/record.md; research/experiments/EXP-CON-003/record.md; research/experiments/EXP-REMOTE-007/record.md,research/normalized/EXP-INT-015/decision/DEC-CON-020-look1-mde.json,after W and S of every decision in the look group are recorded on tuning (PA-03 rule 2); MDE gate section 4.12 passes,override:integrity C13
DEC-CON-020,2,RESERVED,container,LG-container,1,EXP-INT-015,EXP-CON-003; EXP-REMOTE-007,,EXP-INT-015,exact proof-cost model: EXP-INT-015; emulated-network cost: EXP-REMOTE-007,research/experiments/EXP-INT-015/record.md; research/experiments/EXP-CON-003/record.md; research/experiments/EXP-REMOTE-007/record.md,research/normalized/EXP-INT-015/decision/DEC-CON-020-look2-mde.json,"only after a documented change, on new validation items from new independence groups committed and fingerprinted before use (section 5.2); otherwise labelled tuning",override:integrity C13
DEC-CON-021,1,PLANNED,container,LG-container,4,EXP-ECO-012,,,,,research/experiments/EXP-ECO-012/record.md,research/normalized/EXP-ECO-012/decision/DEC-CON-021-look1-mde.json,after W and S of every decision in the look group are recorded on tuning (PA-03 rule 2); MDE gate section 4.12 passes,rule:home-domain>section-overlap>cluster-focus>fewest-decisions
DEC-CON-021,2,RESERVED,container,LG-container,4,EXP-ECO-012,,,,,research/experiments/EXP-ECO-012/record.md,research/normalized/EXP-ECO-012/decision/DEC-CON-021-look2-mde.json,"only after a documented change, on new validation items from new independence groups committed and fingerprinted before use (section 5.2); otherwise labelled tuning",rule:home-domain>section-overlap>cluster-focus>fewest-decisions
DEC-CON-022,1,PLANNED,container,LG-container,2,EXP-CON-004,EXP-ECO-006; EXP-EVAL-002,,,,research/experiments/EXP-CON-004/record.md; research/experiments/EXP-ECO-006/record.md; research/experiments/EXP-EVAL-002/record.md,research/normalized/EXP-CON-004/decision/DEC-CON-022-look1-mde.json,after W and S of every decision in the look group are recorded on tuning (PA-03 rule 2); MDE gate section 4.12 passes,rule:home-domain>section-overlap>cluster-focus>fewest-decisions
DEC-CON-022,2,RESERVED,container,LG-container,2,EXP-CON-004,EXP-ECO-006; EXP-EVAL-002,,,,research/experiments/EXP-CON-004/record.md; research/experiments/EXP-ECO-006/record.md; research/experiments/EXP-EVAL-002/record.md,research/normalized/EXP-CON-004/decision/DEC-CON-022-look2-mde.json,"only after a documented change, on new validation items from new independence groups committed and fingerprinted before use (section 5.2); otherwise labelled tuning",rule:home-domain>section-overlap>cluster-focus>fewest-decisions
DEC-CON-023,1,PLANNED,container,LG-container,1,EXP-CONF-011,EXP-ECO-012,,EXP-CONF-004,,research/experiments/EXP-CONF-011/record.md; research/experiments/EXP-ECO-012/record.md,research/normalized/EXP-CONF-011/decision/DEC-CON-023-look1-mde.json,after W and S of every decision in the look group are recorded on tuning (PA-03 rule 2); MDE gate section 4.12 passes,rule:home-domain>section-overlap>cluster-focus>fewest-decisions
DEC-CON-023,2,RESERVED,container,LG-container,1,EXP-CONF-011,EXP-ECO-012,,EXP-CONF-004,,research/experiments/EXP-CONF-011/record.md; research/experiments/EXP-ECO-012/record.md,research/normalized/EXP-CONF-011/decision/DEC-CON-023-look2-mde.json,"only after a documented change, on new validation items from new independence groups committed and fingerprinted before use (section 5.2); otherwise labelled tuning",rule:home-domain>section-overlap>cluster-focus>fewest-decisions
DEC-CON-025,1,PLANNED,container,LG-container,1,EXP-CONF-002,EXP-CRYPTO-016,,EXP-CONF-004; EXP-CONF-010,,research/experiments/EXP-CONF-002/record.md; research/experiments/EXP-CRYPTO-016/record.md,research/normalized/EXP-CONF-002/decision/DEC-CON-025-look1-mde.json,after W and S of every decision in the look group are recorded on tuning (PA-03 rule 2); MDE gate section 4.12 passes,rule:home-domain>section-overlap>cluster-focus>fewest-decisions
DEC-CON-025,2,RESERVED,container,LG-container,1,EXP-CONF-002,EXP-CRYPTO-016,,EXP-CONF-004; EXP-CONF-010,,research/experiments/EXP-CONF-002/record.md; research/experiments/EXP-CRYPTO-016/record.md,research/normalized/EXP-CONF-002/decision/DEC-CON-025-look2-mde.json,"only after a documented change, on new validation items from new independence groups committed and fingerprinted before use (section 5.2); otherwise labelled tuning",rule:home-domain>section-overlap>cluster-focus>fewest-decisions
DEC-CON-026,1,PLANNED,container,LG-container,1,EXP-CONF-002,EXP-SCALE-003; EXP-SCALE-008,,EXP-CONF-001,,research/experiments/EXP-CONF-002/record.md; research/experiments/EXP-SCALE-003/record.md; research/experiments/EXP-SCALE-008/record.md,research/normalized/EXP-CONF-002/decision/DEC-CON-026-look1-mde.json,after W and S of every decision in the look group are recorded on tuning (PA-03 rule 2); MDE gate section 4.12 passes,rule:home-domain>section-overlap>cluster-focus>fewest-decisions
DEC-CON-026,2,RESERVED,container,LG-container,1,EXP-CONF-002,EXP-SCALE-003; EXP-SCALE-008,,EXP-CONF-001,,research/experiments/EXP-CONF-002/record.md; research/experiments/EXP-SCALE-003/record.md; research/experiments/EXP-SCALE-008/record.md,research/normalized/EXP-CONF-002/decision/DEC-CON-026-look2-mde.json,"only after a documented change, on new validation items from new independence groups committed and fingerprinted before use (section 5.2); otherwise labelled tuning",rule:home-domain>section-overlap>cluster-focus>fewest-decisions
DEC-CON-027,1,PLANNED,container,LG-container,2,EXP-SCALE-007,,,,,research/experiments/EXP-SCALE-007/record.md,research/normalized/EXP-SCALE-007/decision/DEC-CON-027-look1-mde.json,after W and S of every decision in the look group are recorded on tuning (PA-03 rule 2); MDE gate section 4.12 passes,rule:home-domain>section-overlap>cluster-focus>fewest-decisions
DEC-CON-027,2,RESERVED,container,LG-container,2,EXP-SCALE-007,,,,,research/experiments/EXP-SCALE-007/record.md,research/normalized/EXP-SCALE-007/decision/DEC-CON-027-look2-mde.json,"only after a documented change, on new validation items from new independence groups committed and fingerprinted before use (section 5.2); otherwise labelled tuning",rule:home-domain>section-overlap>cluster-focus>fewest-decisions
DEC-CON-028,1,PLANNED,container,LG-container,2,EXP-CON-001,EXP-REMOTE-004,,EXP-CON-005,,research/experiments/EXP-CON-001/record.md; research/experiments/EXP-REMOTE-004/record.md,research/normalized/EXP-CON-001/decision/DEC-CON-028-look1-mde.json,after W and S of every decision in the look group are recorded on tuning (PA-03 rule 2); MDE gate section 4.12 passes,rule:home-domain>section-overlap>cluster-focus>fewest-decisions
DEC-CON-028,2,RESERVED,container,LG-container,2,EXP-CON-001,EXP-REMOTE-004,,EXP-CON-005,,research/experiments/EXP-CON-001/record.md; research/experiments/EXP-REMOTE-004/record.md,research/normalized/EXP-CON-001/decision/DEC-CON-028-look2-mde.json,"only after a documented change, on new validation items from new independence groups committed and fingerprinted before use (section 5.2); otherwise labelled tuning",rule:home-domain>section-overlap>cluster-focus>fewest-decisions
DEC-CON-030,1,PLANNED,container,LG-container,2,EXP-PLAT-005,EXP-CONF-002,,EXP-CONF-001,,research/experiments/EXP-PLAT-005/record.md; research/experiments/EXP-CONF-002/record.md,research/normalized/EXP-PLAT-005/decision/DEC-CON-030-look1-mde.json,after W and S of every decision in the look group are recorded on tuning (PA-03 rule 2); MDE gate section 4.12 passes,rule:home-domain>section-overlap>cluster-focus>fewest-decisions
DEC-CON-030,2,RESERVED,container,LG-container,2,EXP-PLAT-005,EXP-CONF-002,,EXP-CONF-001,,research/experiments/EXP-PLAT-005/record.md; research/experiments/EXP-CONF-002/record.md,research/normalized/EXP-PLAT-005/decision/DEC-CON-030-look2-mde.json,"only after a documented change, on new validation items from new independence groups committed and fingerprinted before use (section 5.2); otherwise labelled tuning",rule:home-domain>section-overlap>cluster-focus>fewest-decisions
DEC-CRY-002,1,PLANNED,crypto,LG-crypto,1,EXP-CRYPTO-017,,,EXP-CRYPTO-020,,research/experiments/EXP-CRYPTO-017/record.md,research/normalized/EXP-CRYPTO-017/decision/DEC-CRY-002-look1-mde.json,after W and S of every decision in the look group are recorded on tuning (PA-03 rule 2); MDE gate section 4.12 passes,rule:home-domain>section-overlap>cluster-focus>fewest-decisions
DEC-CRY-002,2,RESERVED,crypto,LG-crypto,1,EXP-CRYPTO-017,,,EXP-CRYPTO-020,,research/experiments/EXP-CRYPTO-017/record.md,research/normalized/EXP-CRYPTO-017/decision/DEC-CRY-002-look2-mde.json,"only after a documented change, on new validation items from new independence groups committed and fingerprinted before use (section 5.2); otherwise labelled tuning",rule:home-domain>section-overlap>cluster-focus>fewest-decisions
DEC-CRY-003,1,PLANNED,crypto,LG-crypto,4,EXP-ECO-007,,,,,research/experiments/EXP-ECO-007/record.md,research/normalized/EXP-ECO-007/decision/DEC-CRY-003-look1-mde.json,after W and S of every decision in the look group are recorded on tuning (PA-03 rule 2); MDE gate section 4.12 passes,rule:home-domain>section-overlap>cluster-focus>fewest-decisions
DEC-CRY-003,2,RESERVED,crypto,LG-crypto,4,EXP-ECO-007,,,,,research/experiments/EXP-ECO-007/record.md,research/normalized/EXP-ECO-007/decision/DEC-CRY-003-look2-mde.json,"only after a documented change, on new validation items from new independence groups committed and fingerprinted before use (section 5.2); otherwise labelled tuning",rule:home-domain>section-overlap>cluster-focus>fewest-decisions
DEC-CRY-004,1,PLANNED,crypto,LG-crypto,1,EXP-CRYPTO-014,,,EXP-CRYPTO-022,,research/experiments/EXP-CRYPTO-014/record.md,research/normalized/EXP-CRYPTO-014/decision/DEC-CRY-004-look1-mde.json,after W and S of every decision in the look group are recorded on tuning (PA-03 rule 2); MDE gate section 4.12 passes,rule:home-domain>section-overlap>cluster-focus>fewest-decisions
DEC-CRY-004,2,RESERVED,crypto,LG-crypto,1,EXP-CRYPTO-014,,,EXP-CRYPTO-022,,research/experiments/EXP-CRYPTO-014/record.md,research/normalized/EXP-CRYPTO-014/decision/DEC-CRY-004-look2-mde.json,"only after a documented change, on new validation items from new independence groups committed and fingerprinted before use (section 5.2); otherwise labelled tuning",rule:home-domain>section-overlap>cluster-focus>fewest-decisions
DEC-CRY-005,1,PLANNED,crypto,LG-crypto,1,EXP-CRYPTO-003,,,,,research/experiments/EXP-CRYPTO-003/record.md,research/normalized/EXP-CRYPTO-003/decision/DEC-CRY-005-look1-mde.json,after W and S of every decision in the look group are recorded on tuning (PA-03 rule 2); MDE gate section 4.12 passes,rule:home-domain>section-overlap>cluster-focus>fewest-decisions
DEC-CRY-005,2,RESERVED,crypto,LG-crypto,1,EXP-CRYPTO-003,,,,,research/experiments/EXP-CRYPTO-003/record.md,research/normalized/EXP-CRYPTO-003/decision/DEC-CRY-005-look2-mde.json,"only after a documented change, on new validation items from new independence groups committed and fingerprinted before use (section 5.2); otherwise labelled tuning",rule:home-domain>section-overlap>cluster-focus>fewest-decisions
DEC-CRY-007,1,PLANNED,crypto,LG-crypto,1,EXP-CRYPTO-014,,,,,research/experiments/EXP-CRYPTO-014/record.md,research/normalized/EXP-CRYPTO-014/decision/DEC-CRY-007-look1-mde.json,after W and S of every decision in the look group are recorded on tuning (PA-03 rule 2); MDE gate section 4.12 passes,rule:home-domain>section-overlap>cluster-focus>fewest-decisions
DEC-CRY-007,2,RESERVED,crypto,LG-crypto,1,EXP-CRYPTO-014,,,,,research/experiments/EXP-CRYPTO-014/record.md,research/normalized/EXP-CRYPTO-014/decision/DEC-CRY-007-look2-mde.json,"only after a documented change, on new validation items from new independence groups committed and fingerprinted before use (section 5.2); otherwise labelled tuning",rule:home-domain>section-overlap>cluster-focus>fewest-decisions
DEC-CRY-008,1,PLANNED,crypto,LG-crypto,1,EXP-CRYPTO-007,EXP-PLAT-005,,,,research/experiments/EXP-CRYPTO-007/record.md; research/experiments/EXP-PLAT-005/record.md,research/normalized/EXP-CRYPTO-007/decision/DEC-CRY-008-look1-mde.json,after W and S of every decision in the look group are recorded on tuning (PA-03 rule 2); MDE gate section 4.12 passes,rule:home-domain>section-overlap>cluster-focus>fewest-decisions
DEC-CRY-008,2,RESERVED,crypto,LG-crypto,1,EXP-CRYPTO-007,EXP-PLAT-005,,,,research/experiments/EXP-CRYPTO-007/record.md; research/experiments/EXP-PLAT-005/record.md,research/normalized/EXP-CRYPTO-007/decision/DEC-CRY-008-look2-mde.json,"only after a documented change, on new validation items from new independence groups committed and fingerprinted before use (section 5.2); otherwise labelled tuning",rule:home-domain>section-overlap>cluster-focus>fewest-decisions
DEC-CRY-009,1,PLANNED,crypto,LG-crypto,1,EXP-CRYPTO-014,,,EXP-CRYPTO-022; EXP-ECO-018,,research/experiments/EXP-CRYPTO-014/record.md,research/normalized/EXP-CRYPTO-014/decision/DEC-CRY-009-look1-mde.json,after W and S of every decision in the look group are recorded on tuning (PA-03 rule 2); MDE gate section 4.12 passes,rule:home-domain>section-overlap>cluster-focus>fewest-decisions
DEC-CRY-009,2,RESERVED,crypto,LG-crypto,1,EXP-CRYPTO-014,,,EXP-CRYPTO-022; EXP-ECO-018,,research/experiments/EXP-CRYPTO-014/record.md,research/normalized/EXP-CRYPTO-014/decision/DEC-CRY-009-look2-mde.json,"only after a documented change, on new validation items from new independence groups committed and fingerprinted before use (section 5.2); otherwise labelled tuning",rule:home-domain>section-overlap>cluster-focus>fewest-decisions
DEC-CRY-010,1,PLANNED,crypto,LG-crypto,1,EXP-CRYPTO-015,,,,,research/experiments/EXP-CRYPTO-015/record.md,research/normalized/EXP-CRYPTO-015/decision/DEC-CRY-010-look1-mde.json,after W and S of every decision in the look group are recorded on tuning (PA-03 rule 2); MDE gate section 4.12 passes,rule:home-domain>section-overlap>cluster-focus>fewest-decisions
DEC-CRY-010,2,RESERVED,crypto,LG-crypto,1,EXP-CRYPTO-015,,,,,research/experiments/EXP-CRYPTO-015/record.md,research/normalized/EXP-CRYPTO-015/decision/DEC-CRY-010-look2-mde.json,"only after a documented change, on new validation items from new independence groups committed and fingerprinted before use (section 5.2); otherwise labelled tuning",rule:home-domain>section-overlap>cluster-focus>fewest-decisions
DEC-CRY-011,1,PLANNED,crypto,LG-crypto,1,EXP-CRYPTO-012,,,EXP-CRYPTO-020,,research/experiments/EXP-CRYPTO-012/record.md,research/normalized/EXP-CRYPTO-012/decision/DEC-CRY-011-look1-mde.json,after W and S of every decision in the look group are recorded on tuning (PA-03 rule 2); MDE gate section 4.12 passes,rule:home-domain>section-overlap>cluster-focus>fewest-decisions
DEC-CRY-011,2,RESERVED,crypto,LG-crypto,1,EXP-CRYPTO-012,,,EXP-CRYPTO-020,,research/experiments/EXP-CRYPTO-012/record.md,research/normalized/EXP-CRYPTO-012/decision/DEC-CRY-011-look2-mde.json,"only after a documented change, on new validation items from new independence groups committed and fingerprinted before use (section 5.2); otherwise labelled tuning",rule:home-domain>section-overlap>cluster-focus>fewest-decisions
DEC-CRY-013,1,PLANNED,crypto,LG-crypto,1,EXP-CRYPTO-017,EXP-CONF-007; EXP-CRYPTO-009; EXP-SCALE-010,,,,research/experiments/EXP-CRYPTO-017/record.md; research/experiments/EXP-CONF-007/record.md; research/experiments/EXP-CRYPTO-009/record.md; research/experiments/EXP-SCALE-010/record.md,research/normalized/EXP-CRYPTO-017/decision/DEC-CRY-013-look1-mde.json,after W and S of every decision in the look group are recorded on tuning (PA-03 rule 2); MDE gate section 4.12 passes,rule:home-domain>section-overlap>cluster-focus>fewest-decisions
DEC-CRY-013,2,RESERVED,crypto,LG-crypto,1,EXP-CRYPTO-017,EXP-CONF-007; EXP-CRYPTO-009; EXP-SCALE-010,,,,research/experiments/EXP-CRYPTO-017/record.md; research/experiments/EXP-CONF-007/record.md; research/experiments/EXP-CRYPTO-009/record.md; research/experiments/EXP-SCALE-010/record.md,research/normalized/EXP-CRYPTO-017/decision/DEC-CRY-013-look2-mde.json,"only after a documented change, on new validation items from new independence groups committed and fingerprinted before use (section 5.2); otherwise labelled tuning",rule:home-domain>section-overlap>cluster-focus>fewest-decisions
DEC-CRY-015,1,PLANNED,crypto,LG-crypto,1,EXP-CRYPTO-017,EXP-CONF-007; EXP-CRYPTO-009,,,,research/experiments/EXP-CRYPTO-017/record.md; research/experiments/EXP-CONF-007/record.md; research/experiments/EXP-CRYPTO-009/record.md,research/normalized/EXP-CRYPTO-017/decision/DEC-CRY-015-look1-mde.json,after W and S of every decision in the look group are recorded on tuning (PA-03 rule 2); MDE gate section 4.12 passes,rule:home-domain>section-overlap>cluster-focus>fewest-decisions
DEC-CRY-015,2,RESERVED,crypto,LG-crypto,1,EXP-CRYPTO-017,EXP-CONF-007; EXP-CRYPTO-009,,,,research/experiments/EXP-CRYPTO-017/record.md; research/experiments/EXP-CONF-007/record.md; research/experiments/EXP-CRYPTO-009/record.md,research/normalized/EXP-CRYPTO-017/decision/DEC-CRY-015-look2-mde.json,"only after a documented change, on new validation items from new independence groups committed and fingerprinted before use (section 5.2); otherwise labelled tuning",rule:home-domain>section-overlap>cluster-focus>fewest-decisions
DEC-CRY-016,1,PLANNED,crypto,LG-crypto,1,EXP-CRYPTO-010,,,EXP-CONF-009; EXP-CONF-012,,research/experiments/EXP-CRYPTO-010/record.md,research/normalized/EXP-CRYPTO-010/decision/DEC-CRY-016-look1-mde.json,after W and S of every decision in the look group are recorded on tuning (PA-03 rule 2); MDE gate section 4.12 passes,rule:home-domain>section-overlap>cluster-focus>fewest-decisions
DEC-CRY-016,2,RESERVED,crypto,LG-crypto,1,EXP-CRYPTO-010,,,EXP-CONF-009; EXP-CONF-012,,research/experiments/EXP-CRYPTO-010/record.md,research/normalized/EXP-CRYPTO-010/decision/DEC-CRY-016-look2-mde.json,"only after a documented change, on new validation items from new independence groups committed and fingerprinted before use (section 5.2); otherwise labelled tuning",rule:home-domain>section-overlap>cluster-focus>fewest-decisions
DEC-CRY-018,1,PLANNED,crypto,LG-crypto,1,EXP-CRYPTO-014,EXP-ECO-007; EXP-ECO-012,,,,research/experiments/EXP-CRYPTO-014/record.md; research/experiments/EXP-ECO-007/record.md; research/experiments/EXP-ECO-012/record.md,research/normalized/EXP-CRYPTO-014/decision/DEC-CRY-018-look1-mde.json,after W and S of every decision in the look group are recorded on tuning (PA-03 rule 2); MDE gate section 4.12 passes,rule:home-domain>section-overlap>cluster-focus>fewest-decisions
DEC-CRY-018,2,RESERVED,crypto,LG-crypto,1,EXP-CRYPTO-014,EXP-ECO-007; EXP-ECO-012,,,,research/experiments/EXP-CRYPTO-014/record.md; research/experiments/EXP-ECO-007/record.md; research/experiments/EXP-ECO-012/record.md,research/normalized/EXP-CRYPTO-014/decision/DEC-CRY-018-look2-mde.json,"only after a documented change, on new validation items from new independence groups committed and fingerprinted before use (section 5.2); otherwise labelled tuning",rule:home-domain>section-overlap>cluster-focus>fewest-decisions
DEC-CRY-019,1,PLANNED,crypto,LG-crypto,1,EXP-CRYPTO-014,EXP-CRYPTO-007; EXP-ECO-007; EXP-ECO-016,,,,research/experiments/EXP-CRYPTO-014/record.md; research/experiments/EXP-CRYPTO-007/record.md; research/experiments/EXP-ECO-007/record.md; research/experiments/EXP-ECO-016/record.md,research/normalized/EXP-CRYPTO-014/decision/DEC-CRY-019-look1-mde.json,after W and S of every decision in the look group are recorded on tuning (PA-03 rule 2); MDE gate section 4.12 passes,rule:home-domain>section-overlap>cluster-focus>fewest-decisions
DEC-CRY-019,2,RESERVED,crypto,LG-crypto,1,EXP-CRYPTO-014,EXP-CRYPTO-007; EXP-ECO-007; EXP-ECO-016,,,,research/experiments/EXP-CRYPTO-014/record.md; research/experiments/EXP-CRYPTO-007/record.md; research/experiments/EXP-ECO-007/record.md; research/experiments/EXP-ECO-016/record.md,research/normalized/EXP-CRYPTO-014/decision/DEC-CRY-019-look2-mde.json,"only after a documented change, on new validation items from new independence groups committed and fingerprinted before use (section 5.2); otherwise labelled tuning",rule:home-domain>section-overlap>cluster-focus>fewest-decisions
DEC-CRY-022,1,PLANNED,crypto,LG-crypto,1,EXP-CRYPTO-002,,,,,research/experiments/EXP-CRYPTO-002/record.md,research/normalized/EXP-CRYPTO-002/decision/DEC-CRY-022-look1-mde.json,after W and S of every decision in the look group are recorded on tuning (PA-03 rule 2); MDE gate section 4.12 passes,rule:home-domain>section-overlap>cluster-focus>fewest-decisions
DEC-CRY-022,2,RESERVED,crypto,LG-crypto,1,EXP-CRYPTO-002,,,,,research/experiments/EXP-CRYPTO-002/record.md,research/normalized/EXP-CRYPTO-002/decision/DEC-CRY-022-look2-mde.json,"only after a documented change, on new validation items from new independence groups committed and fingerprinted before use (section 5.2); otherwise labelled tuning",rule:home-domain>section-overlap>cluster-focus>fewest-decisions
DEC-CRY-023,1,PLANNED,crypto,LG-crypto,1,EXP-CRYPTO-003,EXP-CHUNK-006; EXP-CHUNK-008; EXP-CHUNK-012; EXP-CRYPTO-002,,,OD-06 end-to-end encrypted encode_wall_s (ebound pack): EXP-CRYPTO-003; OD-06 chunk-stage throughput (T1; single source): EXP-CHUNK-008; OD-16 boundary leakage: EXP-CRYPTO-002,research/experiments/EXP-CRYPTO-003/record.md; research/experiments/EXP-CHUNK-006/record.md; research/experiments/EXP-CHUNK-008/record.md; research/experiments/EXP-CHUNK-012/record.md; research/experiments/EXP-CRYPTO-002/record.md,research/normalized/EXP-CRYPTO-003/decision/DEC-CRY-023-look1-mde.json,after W and S of every decision in the look group are recorded on tuning (PA-03 rule 2); MDE gate section 4.12 passes,override:DR1-17
DEC-CRY-023,2,RESERVED,crypto,LG-crypto,1,EXP-CRYPTO-003,EXP-CHUNK-006; EXP-CHUNK-008; EXP-CHUNK-012; EXP-CRYPTO-002,,,OD-06 end-to-end encrypted encode_wall_s (ebound pack): EXP-CRYPTO-003; OD-06 chunk-stage throughput (T1; single source): EXP-CHUNK-008; OD-16 boundary leakage: EXP-CRYPTO-002,research/experiments/EXP-CRYPTO-003/record.md; research/experiments/EXP-CHUNK-006/record.md; research/experiments/EXP-CHUNK-008/record.md; research/experiments/EXP-CHUNK-012/record.md; research/experiments/EXP-CRYPTO-002/record.md,research/normalized/EXP-CRYPTO-003/decision/DEC-CRY-023-look2-mde.json,"only after a documented change, on new validation items from new independence groups committed and fingerprinted before use (section 5.2); otherwise labelled tuning",override:DR1-17
DEC-CRY-025,1,PLANNED,crypto,LG-crypto,1,EXP-CRYPTO-006,EXP-CHUNK-006; EXP-CHUNK-007; EXP-CRYPTO-007,,,,research/experiments/EXP-CRYPTO-006/record.md; research/experiments/EXP-CHUNK-006/record.md; research/experiments/EXP-CHUNK-007/record.md; research/experiments/EXP-CRYPTO-007/record.md,research/normalized/EXP-CRYPTO-006/decision/DEC-CRY-025-look1-mde.json,after W and S of every decision in the look group are recorded on tuning (PA-03 rule 2); MDE gate section 4.12 passes,rule:home-domain>section-overlap>cluster-focus>fewest-decisions
DEC-CRY-025,2,RESERVED,crypto,LG-crypto,1,EXP-CRYPTO-006,EXP-CHUNK-006; EXP-CHUNK-007; EXP-CRYPTO-007,,,,research/experiments/EXP-CRYPTO-006/record.md; research/experiments/EXP-CHUNK-006/record.md; research/experiments/EXP-CHUNK-007/record.md; research/experiments/EXP-CRYPTO-007/record.md,research/normalized/EXP-CRYPTO-006/decision/DEC-CRY-025-look2-mde.json,"only after a documented change, on new validation items from new independence groups committed and fingerprinted before use (section 5.2); otherwise labelled tuning",rule:home-domain>section-overlap>cluster-focus>fewest-decisions
DEC-CRY-026,1,PLANNED,crypto,LG-crypto,1,EXP-CRYPTO-006,EXP-CRYPTO-007,,,,research/experiments/EXP-CRYPTO-006/record.md; research/experiments/EXP-CRYPTO-007/record.md,research/normalized/EXP-CRYPTO-006/decision/DEC-CRY-026-look1-mde.json,after W and S of every decision in the look group are recorded on tuning (PA-03 rule 2); MDE gate section 4.12 passes,rule:home-domain>section-overlap>cluster-focus>fewest-decisions
DEC-CRY-026,2,RESERVED,crypto,LG-crypto,1,EXP-CRYPTO-006,EXP-CRYPTO-007,,,,research/experiments/EXP-CRYPTO-006/record.md; research/experiments/EXP-CRYPTO-007/record.md,research/normalized/EXP-CRYPTO-006/decision/DEC-CRY-026-look2-mde.json,"only after a documented change, on new validation items from new independence groups committed and fingerprinted before use (section 5.2); otherwise labelled tuning",rule:home-domain>section-overlap>cluster-focus>fewest-decisions
DEC-CRY-027,1,PLANNED,crypto,LG-crypto,1,EXP-CRYPTO-009,EXP-CRYPTO-019,,,,research/experiments/EXP-CRYPTO-009/record.md; research/experiments/EXP-CRYPTO-019/record.md,research/normalized/EXP-CRYPTO-009/decision/DEC-CRY-027-look1-mde.json,after W and S of every decision in the look group are recorded on tuning (PA-03 rule 2); MDE gate section 4.12 passes,rule:home-domain>section-overlap>cluster-focus>fewest-decisions
DEC-CRY-027,2,RESERVED,crypto,LG-crypto,1,EXP-CRYPTO-009,EXP-CRYPTO-019,,,,research/experiments/EXP-CRYPTO-009/record.md; research/experiments/EXP-CRYPTO-019/record.md,research/normalized/EXP-CRYPTO-009/decision/DEC-CRY-027-look2-mde.json,"only after a documented change, on new validation items from new independence groups committed and fingerprinted before use (section 5.2); otherwise labelled tuning",rule:home-domain>section-overlap>cluster-focus>fewest-decisions
DEC-CRY-028,1,PLANNED,crypto,LG-crypto,1,EXP-CRYPTO-005,EXP-PLANNER-006,,,,research/experiments/EXP-CRYPTO-005/record.md; research/experiments/EXP-PLANNER-006/record.md,research/normalized/EXP-CRYPTO-005/decision/DEC-CRY-028-look1-mde.json,after W and S of every decision in the look group are recorded on tuning (PA-03 rule 2); MDE gate section 4.12 passes,rule:home-domain>section-overlap>cluster-focus>fewest-decisions
DEC-CRY-028,2,RESERVED,crypto,LG-crypto,1,EXP-CRYPTO-005,EXP-PLANNER-006,,,,research/experiments/EXP-CRYPTO-005/record.md; research/experiments/EXP-PLANNER-006/record.md,research/normalized/EXP-CRYPTO-005/decision/DEC-CRY-028-look2-mde.json,"only after a documented change, on new validation items from new independence groups committed and fingerprinted before use (section 5.2); otherwise labelled tuning",rule:home-domain>section-overlap>cluster-focus>fewest-decisions
DEC-CRY-029,1,PLANNED,crypto,LG-crypto,1,EXP-CONF-007,,,EXP-CONF-004; EXP-CONF-009,,research/experiments/EXP-CONF-007/record.md,research/normalized/EXP-CONF-007/decision/DEC-CRY-029-look1-mde.json,after W and S of every decision in the look group are recorded on tuning (PA-03 rule 2); MDE gate section 4.12 passes,rule:home-domain>section-overlap>cluster-focus>fewest-decisions
DEC-CRY-029,2,RESERVED,crypto,LG-crypto,1,EXP-CONF-007,,,EXP-CONF-004; EXP-CONF-009,,research/experiments/EXP-CONF-007/record.md,research/normalized/EXP-CONF-007/decision/DEC-CRY-029-look2-mde.json,"only after a documented change, on new validation items from new independence groups committed and fingerprinted before use (section 5.2); otherwise labelled tuning",rule:home-domain>section-overlap>cluster-focus>fewest-decisions
DEC-CRY-030,1,PLANNED,crypto,LG-crypto,1,EXP-CRYPTO-007,EXP-CRYPTO-008,,,,research/experiments/EXP-CRYPTO-007/record.md; research/experiments/EXP-CRYPTO-008/record.md,research/normalized/EXP-CRYPTO-007/decision/DEC-CRY-030-look1-mde.json,after W and S of every decision in the look group are recorded on tuning (PA-03 rule 2); MDE gate section 4.12 passes,rule:home-domain>section-overlap>cluster-focus>fewest-decisions
DEC-CRY-030,2,RESERVED,crypto,LG-crypto,1,EXP-CRYPTO-007,EXP-CRYPTO-008,,,,research/experiments/EXP-CRYPTO-007/record.md; research/experiments/EXP-CRYPTO-008/record.md,research/normalized/EXP-CRYPTO-007/decision/DEC-CRY-030-look2-mde.json,"only after a documented change, on new validation items from new independence groups committed and fingerprinted before use (section 5.2); otherwise labelled tuning",rule:home-domain>section-overlap>cluster-focus>fewest-decisions
DEC-CRY-031,1,PLANNED,crypto,LG-crypto,1,EXP-CRYPTO-015,,,,,research/experiments/EXP-CRYPTO-015/record.md,research/normalized/EXP-CRYPTO-015/decision/DEC-CRY-031-look1-mde.json,after W and S of every decision in the look group are recorded on tuning (PA-03 rule 2); MDE gate section 4.12 passes,rule:home-domain>section-overlap>cluster-focus>fewest-decisions
DEC-CRY-031,2,RESERVED,crypto,LG-crypto,1,EXP-CRYPTO-015,,,,,research/experiments/EXP-CRYPTO-015/record.md,research/normalized/EXP-CRYPTO-015/decision/DEC-CRY-031-look2-mde.json,"only after a documented change, on new validation items from new independence groups committed and fingerprinted before use (section 5.2); otherwise labelled tuning",rule:home-domain>section-overlap>cluster-focus>fewest-decisions
DEC-CRY-032,1,PLANNED,crypto,LG-crypto,1,EXP-CRYPTO-016,,,,,research/experiments/EXP-CRYPTO-016/record.md,research/normalized/EXP-CRYPTO-016/decision/DEC-CRY-032-look1-mde.json,after W and S of every decision in the look group are recorded on tuning (PA-03 rule 2); MDE gate section 4.12 passes,rule:home-domain>section-overlap>cluster-focus>fewest-decisions
DEC-CRY-032,2,RESERVED,crypto,LG-crypto,1,EXP-CRYPTO-016,,,,,research/experiments/EXP-CRYPTO-016/record.md,research/normalized/EXP-CRYPTO-016/decision/DEC-CRY-032-look2-mde.json,"only after a documented change, on new validation items from new independence groups committed and fingerprinted before use (section 5.2); otherwise labelled tuning",rule:home-domain>section-overlap>cluster-focus>fewest-decisions
DEC-CRY-033,1,PLANNED,crypto,LG-crypto,1,EXP-INT-016,EXP-INT-009,,,,research/experiments/EXP-INT-016/record.md; research/experiments/EXP-INT-009/record.md,research/normalized/EXP-INT-016/decision/DEC-CRY-033-look1-mde.json,after W and S of every decision in the look group are recorded on tuning (PA-03 rule 2); MDE gate section 4.12 passes,rule:home-domain>section-overlap>cluster-focus>fewest-decisions
DEC-CRY-033,2,RESERVED,crypto,LG-crypto,1,EXP-INT-016,EXP-INT-009,,,,research/experiments/EXP-INT-016/record.md; research/experiments/EXP-INT-009/record.md,research/normalized/EXP-INT-016/decision/DEC-CRY-033-look2-mde.json,"only after a documented change, on new validation items from new independence groups committed and fingerprinted before use (section 5.2); otherwise labelled tuning",rule:home-domain>section-overlap>cluster-focus>fewest-decisions
DEC-CRY-040,1,PLANNED,crypto,LG-crypto,4,EXP-ECO-012,,,EXP-ECO-018,,research/experiments/EXP-ECO-012/record.md,research/normalized/EXP-ECO-012/decision/DEC-CRY-040-look1-mde.json,after W and S of every decision in the look group are recorded on tuning (PA-03 rule 2); MDE gate section 4.12 passes,rule:home-domain>section-overlap>cluster-focus>fewest-decisions
DEC-CRY-040,2,RESERVED,crypto,LG-crypto,4,EXP-ECO-012,,,EXP-ECO-018,,research/experiments/EXP-ECO-012/record.md,research/normalized/EXP-ECO-012/decision/DEC-CRY-040-look2-mde.json,"only after a documented change, on new validation items from new independence groups committed and fingerprinted before use (section 5.2); otherwise labelled tuning",rule:home-domain>section-overlap>cluster-focus>fewest-decisions
DEC-CRY-042,1,PLANNED,crypto,LG-crypto,4,EXP-EVAL-002,EXP-EVAL-005,,EXP-EVAL-006,,research/experiments/EXP-EVAL-002/record.md; research/experiments/EXP-EVAL-005/record.md,research/normalized/EXP-EVAL-002/decision/DEC-CRY-042-look1-mde.json,after W and S of every decision in the look group are recorded on tuning (PA-03 rule 2); MDE gate section 4.12 passes,rule:home-domain>section-overlap>cluster-focus>fewest-decisions
DEC-CRY-042,2,RESERVED,crypto,LG-crypto,4,EXP-EVAL-002,EXP-EVAL-005,,EXP-EVAL-006,,research/experiments/EXP-EVAL-002/record.md; research/experiments/EXP-EVAL-005/record.md,research/normalized/EXP-EVAL-002/decision/DEC-CRY-042-look2-mde.json,"only after a documented change, on new validation items from new independence groups committed and fingerprinted before use (section 5.2); otherwise labelled tuning",rule:home-domain>section-overlap>cluster-focus>fewest-decisions
DEC-CRY-045,1,PLANNED,crypto,LG-crypto,1,EXP-CRYPTO-015,,,,,research/experiments/EXP-CRYPTO-015/record.md,research/normalized/EXP-CRYPTO-015/decision/DEC-CRY-045-look1-mde.json,after W and S of every decision in the look group are recorded on tuning (PA-03 rule 2); MDE gate section 4.12 passes,rule:home-domain>section-overlap>cluster-focus>fewest-decisions
DEC-CRY-045,2,RESERVED,crypto,LG-crypto,1,EXP-CRYPTO-015,,,,,research/experiments/EXP-CRYPTO-015/record.md,research/normalized/EXP-CRYPTO-015/decision/DEC-CRY-045-look2-mde.json,"only after a documented change, on new validation items from new independence groups committed and fingerprinted before use (section 5.2); otherwise labelled tuning",rule:home-domain>section-overlap>cluster-focus>fewest-decisions
DEC-CRY-046,1,PLANNED,crypto,LG-crypto,1,EXP-CRYPTO-017,,,EXP-CRYPTO-022,,research/experiments/EXP-CRYPTO-017/record.md,research/normalized/EXP-CRYPTO-017/decision/DEC-CRY-046-look1-mde.json,after W and S of every decision in the look group are recorded on tuning (PA-03 rule 2); MDE gate section 4.12 passes,rule:home-domain>section-overlap>cluster-focus>fewest-decisions
DEC-CRY-046,2,RESERVED,crypto,LG-crypto,1,EXP-CRYPTO-017,,,EXP-CRYPTO-022,,research/experiments/EXP-CRYPTO-017/record.md,research/normalized/EXP-CRYPTO-017/decision/DEC-CRY-046-look2-mde.json,"only after a documented change, on new validation items from new independence groups committed and fingerprinted before use (section 5.2); otherwise labelled tuning",rule:home-domain>section-overlap>cluster-focus>fewest-decisions
DEC-CRY-050,1,PLANNED,crypto,LG-crypto,1,EXP-CRYPTO-015,EXP-SCALE-010,,,,research/experiments/EXP-CRYPTO-015/record.md; research/experiments/EXP-SCALE-010/record.md,research/normalized/EXP-CRYPTO-015/decision/DEC-CRY-050-look1-mde.json,after W and S of every decision in the look group are recorded on tuning (PA-03 rule 2); MDE gate section 4.12 passes,rule:home-domain>section-overlap>cluster-focus>fewest-decisions
DEC-CRY-050,2,RESERVED,crypto,LG-crypto,1,EXP-CRYPTO-015,EXP-SCALE-010,,,,research/experiments/EXP-CRYPTO-015/record.md; research/experiments/EXP-SCALE-010/record.md,research/normalized/EXP-CRYPTO-015/decision/DEC-CRY-050-look2-mde.json,"only after a documented change, on new validation items from new independence groups committed and fingerprinted before use (section 5.2); otherwise labelled tuning",rule:home-domain>section-overlap>cluster-focus>fewest-decisions
DEC-CRY-052,1,PLANNED,crypto,LG-crypto,1,EXP-CRYPTO-014,,,,,research/experiments/EXP-CRYPTO-014/record.md,research/normalized/EXP-CRYPTO-014/decision/DEC-CRY-052-look1-mde.json,after W and S of every decision in the look group are recorded on tuning (PA-03 rule 2); MDE gate section 4.12 passes,rule:home-domain>section-overlap>cluster-focus>fewest-decisions
DEC-CRY-052,2,RESERVED,crypto,LG-crypto,1,EXP-CRYPTO-014,,,,,research/experiments/EXP-CRYPTO-014/record.md,research/normalized/EXP-CRYPTO-014/decision/DEC-CRY-052-look2-mde.json,"only after a documented change, on new validation items from new independence groups committed and fingerprinted before use (section 5.2); otherwise labelled tuning",rule:home-domain>section-overlap>cluster-focus>fewest-decisions
DEC-CRY-054,1,PLANNED,crypto,LG-crypto,1,EXP-CRYPTO-015,,,EXP-CONF-010,,research/experiments/EXP-CRYPTO-015/record.md,research/normalized/EXP-CRYPTO-015/decision/DEC-CRY-054-look1-mde.json,after W and S of every decision in the look group are recorded on tuning (PA-03 rule 2); MDE gate section 4.12 passes,rule:home-domain>section-overlap>cluster-focus>fewest-decisions
DEC-CRY-054,2,RESERVED,crypto,LG-crypto,1,EXP-CRYPTO-015,,,EXP-CONF-010,,research/experiments/EXP-CRYPTO-015/record.md,research/normalized/EXP-CRYPTO-015/decision/DEC-CRY-054-look2-mde.json,"only after a documented change, on new validation items from new independence groups committed and fingerprinted before use (section 5.2); otherwise labelled tuning",rule:home-domain>section-overlap>cluster-focus>fewest-decisions
DEC-CRY-055,1,PLANNED,crypto,LG-crypto,1,EXP-CRYPTO-006,,,,,research/experiments/EXP-CRYPTO-006/record.md,research/normalized/EXP-CRYPTO-006/decision/DEC-CRY-055-look1-mde.json,after W and S of every decision in the look group are recorded on tuning (PA-03 rule 2); MDE gate section 4.12 passes,rule:home-domain>section-overlap>cluster-focus>fewest-decisions
DEC-CRY-055,2,RESERVED,crypto,LG-crypto,1,EXP-CRYPTO-006,,,,,research/experiments/EXP-CRYPTO-006/record.md,research/normalized/EXP-CRYPTO-006/decision/DEC-CRY-055-look2-mde.json,"only after a documented change, on new validation items from new independence groups committed and fingerprinted before use (section 5.2); otherwise labelled tuning",rule:home-domain>section-overlap>cluster-focus>fewest-decisions
DEC-CRY-057,1,PLANNED,crypto,LG-crypto,1,EXP-CRYPTO-015,,,,,research/experiments/EXP-CRYPTO-015/record.md,research/normalized/EXP-CRYPTO-015/decision/DEC-CRY-057-look1-mde.json,after W and S of every decision in the look group are recorded on tuning (PA-03 rule 2); MDE gate section 4.12 passes,rule:home-domain>section-overlap>cluster-focus>fewest-decisions
DEC-CRY-057,2,RESERVED,crypto,LG-crypto,1,EXP-CRYPTO-015,,,,,research/experiments/EXP-CRYPTO-015/record.md,research/normalized/EXP-CRYPTO-015/decision/DEC-CRY-057-look2-mde.json,"only after a documented change, on new validation items from new independence groups committed and fingerprinted before use (section 5.2); otherwise labelled tuning",rule:home-domain>section-overlap>cluster-focus>fewest-decisions
DEC-CRY-058,1,PLANNED,crypto,LG-crypto,1,EXP-CRYPTO-017,EXP-ECO-016,,EXP-CRYPTO-022,,research/experiments/EXP-CRYPTO-017/record.md; research/experiments/EXP-ECO-016/record.md,research/normalized/EXP-CRYPTO-017/decision/DEC-CRY-058-look1-mde.json,after W and S of every decision in the look group are recorded on tuning (PA-03 rule 2); MDE gate section 4.12 passes,rule:home-domain>section-overlap>cluster-focus>fewest-decisions
DEC-CRY-058,2,RESERVED,crypto,LG-crypto,1,EXP-CRYPTO-017,EXP-ECO-016,,EXP-CRYPTO-022,,research/experiments/EXP-CRYPTO-017/record.md; research/experiments/EXP-ECO-016/record.md,research/normalized/EXP-CRYPTO-017/decision/DEC-CRY-058-look2-mde.json,"only after a documented change, on new validation items from new independence groups committed and fingerprinted before use (section 5.2); otherwise labelled tuning",rule:home-domain>section-overlap>cluster-focus>fewest-decisions
DEC-CRY-059,1,PLANNED,crypto,LG-crypto,1,EXP-CRYPTO-012,,,EXP-CRYPTO-020,,research/experiments/EXP-CRYPTO-012/record.md,research/normalized/EXP-CRYPTO-012/decision/DEC-CRY-059-look1-mde.json,after W and S of every decision in the look group are recorded on tuning (PA-03 rule 2); MDE gate section 4.12 passes,rule:home-domain>section-overlap>cluster-focus>fewest-decisions
DEC-CRY-059,2,RESERVED,crypto,LG-crypto,1,EXP-CRYPTO-012,,,EXP-CRYPTO-020,,research/experiments/EXP-CRYPTO-012/record.md,research/normalized/EXP-CRYPTO-012/decision/DEC-CRY-059-look2-mde.json,"only after a documented change, on new validation items from new independence groups committed and fingerprinted before use (section 5.2); otherwise labelled tuning",rule:home-domain>section-overlap>cluster-focus>fewest-decisions
DEC-CRY-060,1,PLANNED,crypto,LG-crypto,1,EXP-CRYPTO-014,,,,,research/experiments/EXP-CRYPTO-014/record.md,research/normalized/EXP-CRYPTO-014/decision/DEC-CRY-060-look1-mde.json,after W and S of every decision in the look group are recorded on tuning (PA-03 rule 2); MDE gate section 4.12 passes,rule:home-domain>section-overlap>cluster-focus>fewest-decisions
DEC-CRY-060,2,RESERVED,crypto,LG-crypto,1,EXP-CRYPTO-014,,,,,research/experiments/EXP-CRYPTO-014/record.md,research/normalized/EXP-CRYPTO-014/decision/DEC-CRY-060-look2-mde.json,"only after a documented change, on new validation items from new independence groups committed and fingerprinted before use (section 5.2); otherwise labelled tuning",rule:home-domain>section-overlap>cluster-focus>fewest-decisions
DEC-CRY-061,1,PLANNED,crypto,LG-crypto,1,EXP-CRYPTO-019,EXP-ECO-016; EXP-LEGACY-030,,EXP-CRYPTO-022; EXP-LEGACY-070,,research/experiments/EXP-CRYPTO-019/record.md; research/experiments/EXP-ECO-016/record.md; research/experiments/EXP-LEGACY-030/record.md,research/normalized/EXP-CRYPTO-019/decision/DEC-CRY-061-look1-mde.json,after W and S of every decision in the look group are recorded on tuning (PA-03 rule 2); MDE gate section 4.12 passes,rule:home-domain>section-overlap>cluster-focus>fewest-decisions
DEC-CRY-061,2,RESERVED,crypto,LG-crypto,1,EXP-CRYPTO-019,EXP-ECO-016; EXP-LEGACY-030,,EXP-CRYPTO-022; EXP-LEGACY-070,,research/experiments/EXP-CRYPTO-019/record.md; research/experiments/EXP-ECO-016/record.md; research/experiments/EXP-LEGACY-030/record.md,research/normalized/EXP-CRYPTO-019/decision/DEC-CRY-061-look2-mde.json,"only after a documented change, on new validation items from new independence groups committed and fingerprinted before use (section 5.2); otherwise labelled tuning",rule:home-domain>section-overlap>cluster-focus>fewest-decisions
DEC-CRY-064,1,PLANNED,crypto,LG-crypto,1,EXP-CRYPTO-017,EXP-CRYPTO-006; EXP-CRYPTO-007,,,,research/experiments/EXP-CRYPTO-017/record.md; research/experiments/EXP-CRYPTO-006/record.md; research/experiments/EXP-CRYPTO-007/record.md,research/normalized/EXP-CRYPTO-017/decision/DEC-CRY-064-look1-mde.json,after W and S of every decision in the look group are recorded on tuning (PA-03 rule 2); MDE gate section 4.12 passes,rule:home-domain>section-overlap>cluster-focus>fewest-decisions
DEC-CRY-064,2,RESERVED,crypto,LG-crypto,1,EXP-CRYPTO-017,EXP-CRYPTO-006; EXP-CRYPTO-007,,,,research/experiments/EXP-CRYPTO-017/record.md; research/experiments/EXP-CRYPTO-006/record.md; research/experiments/EXP-CRYPTO-007/record.md,research/normalized/EXP-CRYPTO-017/decision/DEC-CRY-064-look2-mde.json,"only after a documented change, on new validation items from new independence groups committed and fingerprinted before use (section 5.2); otherwise labelled tuning",rule:home-domain>section-overlap>cluster-focus>fewest-decisions
DEC-CRY-065,1,PLANNED,crypto,LG-crypto,1,EXP-CRYPTO-010,EXP-CRYPTO-016,,EXP-CONF-004; EXP-CONF-010,,research/experiments/EXP-CRYPTO-010/record.md; research/experiments/EXP-CRYPTO-016/record.md,research/normalized/EXP-CRYPTO-010/decision/DEC-CRY-065-look1-mde.json,after W and S of every decision in the look group are recorded on tuning (PA-03 rule 2); MDE gate section 4.12 passes,rule:home-domain>section-overlap>cluster-focus>fewest-decisions
DEC-CRY-065,2,RESERVED,crypto,LG-crypto,1,EXP-CRYPTO-010,EXP-CRYPTO-016,,EXP-CONF-004; EXP-CONF-010,,research/experiments/EXP-CRYPTO-010/record.md; research/experiments/EXP-CRYPTO-016/record.md,research/normalized/EXP-CRYPTO-010/decision/DEC-CRY-065-look2-mde.json,"only after a documented change, on new validation items from new independence groups committed and fingerprinted before use (section 5.2); otherwise labelled tuning",rule:home-domain>section-overlap>cluster-focus>fewest-decisions
DEC-CRY-067,1,PLANNED,crypto,LG-crypto,1,EXP-CONF-007,,,EXP-CONF-009,,research/experiments/EXP-CONF-007/record.md,research/normalized/EXP-CONF-007/decision/DEC-CRY-067-look1-mde.json,after W and S of every decision in the look group are recorded on tuning (PA-03 rule 2); MDE gate section 4.12 passes,rule:home-domain>section-overlap>cluster-focus>fewest-decisions
DEC-CRY-067,2,RESERVED,crypto,LG-crypto,1,EXP-CONF-007,,,EXP-CONF-009,,research/experiments/EXP-CONF-007/record.md,research/normalized/EXP-CONF-007/decision/DEC-CRY-067-look2-mde.json,"only after a documented change, on new validation items from new independence groups committed and fingerprinted before use (section 5.2); otherwise labelled tuning",rule:home-domain>section-overlap>cluster-focus>fewest-decisions
DEC-CRY-068,1,PLANNED,crypto,LG-crypto,1,EXP-CRYPTO-017,,,,,research/experiments/EXP-CRYPTO-017/record.md,research/normalized/EXP-CRYPTO-017/decision/DEC-CRY-068-look1-mde.json,after W and S of every decision in the look group are recorded on tuning (PA-03 rule 2); MDE gate section 4.12 passes,rule:home-domain>section-overlap>cluster-focus>fewest-decisions
DEC-CRY-068,2,RESERVED,crypto,LG-crypto,1,EXP-CRYPTO-017,,,,,research/experiments/EXP-CRYPTO-017/record.md,research/normalized/EXP-CRYPTO-017/decision/DEC-CRY-068-look2-mde.json,"only after a documented change, on new validation items from new independence groups committed and fingerprinted before use (section 5.2); otherwise labelled tuning",rule:home-domain>section-overlap>cluster-focus>fewest-decisions
DEC-CRY-069,1,PLANNED,crypto,LG-crypto,1,EXP-CRYPTO-015,EXP-SCALE-010,,,,research/experiments/EXP-CRYPTO-015/record.md; research/experiments/EXP-SCALE-010/record.md,research/normalized/EXP-CRYPTO-015/decision/DEC-CRY-069-look1-mde.json,after W and S of every decision in the look group are recorded on tuning (PA-03 rule 2); MDE gate section 4.12 passes,rule:home-domain>section-overlap>cluster-focus>fewest-decisions
DEC-CRY-069,2,RESERVED,crypto,LG-crypto,1,EXP-CRYPTO-015,EXP-SCALE-010,,,,research/experiments/EXP-CRYPTO-015/record.md; research/experiments/EXP-SCALE-010/record.md,research/normalized/EXP-CRYPTO-015/decision/DEC-CRY-069-look2-mde.json,"only after a documented change, on new validation items from new independence groups committed and fingerprinted before use (section 5.2); otherwise labelled tuning",rule:home-domain>section-overlap>cluster-focus>fewest-decisions
DEC-CRY-071,1,PLANNED,crypto,LG-crypto,1,EXP-CRYPTO-016,,,EXP-CONF-004,,research/experiments/EXP-CRYPTO-016/record.md,research/normalized/EXP-CRYPTO-016/decision/DEC-CRY-071-look1-mde.json,after W and S of every decision in the look group are recorded on tuning (PA-03 rule 2); MDE gate section 4.12 passes,rule:home-domain>section-overlap>cluster-focus>fewest-decisions
DEC-CRY-071,2,RESERVED,crypto,LG-crypto,1,EXP-CRYPTO-016,,,EXP-CONF-004,,research/experiments/EXP-CRYPTO-016/record.md,research/normalized/EXP-CRYPTO-016/decision/DEC-CRY-071-look2-mde.json,"only after a documented change, on new validation items from new independence groups committed and fingerprinted before use (section 5.2); otherwise labelled tuning",rule:home-domain>section-overlap>cluster-focus>fewest-decisions
DEC-CRY-072,1,PLANNED,crypto,LG-crypto,1,EXP-CRYPTO-008,EXP-REMOTE-010,,,,research/experiments/EXP-CRYPTO-008/record.md; research/experiments/EXP-REMOTE-010/record.md,research/normalized/EXP-CRYPTO-008/decision/DEC-CRY-072-look1-mde.json,after W and S of every decision in the look group are recorded on tuning (PA-03 rule 2); MDE gate section 4.12 passes,rule:home-domain>section-overlap>cluster-focus>fewest-decisions
DEC-CRY-072,2,RESERVED,crypto,LG-crypto,1,EXP-CRYPTO-008,EXP-REMOTE-010,,,,research/experiments/EXP-CRYPTO-008/record.md; research/experiments/EXP-REMOTE-010/record.md,research/normalized/EXP-CRYPTO-008/decision/DEC-CRY-072-look2-mde.json,"only after a documented change, on new validation items from new independence groups committed and fingerprinted before use (section 5.2); otherwise labelled tuning",rule:home-domain>section-overlap>cluster-focus>fewest-decisions
DEC-CRY-073,1,PLANNED,crypto,LG-crypto,1,EXP-CRYPTO-008,EXP-INT-016; EXP-REMOTE-010,,,constructions: EXP-CRYPTO-008; tamper corpora: EXP-INT-016,research/experiments/EXP-CRYPTO-008/record.md; research/experiments/EXP-INT-016/record.md; research/experiments/EXP-REMOTE-010/record.md,research/normalized/EXP-CRYPTO-008/decision/DEC-CRY-073-look1-mde.json,after W and S of every decision in the look group are recorded on tuning (PA-03 rule 2); MDE gate section 4.12 passes,override:integrity C13
DEC-CRY-073,2,RESERVED,crypto,LG-crypto,1,EXP-CRYPTO-008,EXP-INT-016; EXP-REMOTE-010,,,constructions: EXP-CRYPTO-008; tamper corpora: EXP-INT-016,research/experiments/EXP-CRYPTO-008/record.md; research/experiments/EXP-INT-016/record.md; research/experiments/EXP-REMOTE-010/record.md,research/normalized/EXP-CRYPTO-008/decision/DEC-CRY-073-look2-mde.json,"only after a documented change, on new validation items from new independence groups committed and fingerprinted before use (section 5.2); otherwise labelled tuning",override:integrity C13
DEC-CRY-074,1,PLANNED,crypto,LG-crypto,1,EXP-CRYPTO-014,,,,,research/experiments/EXP-CRYPTO-014/record.md,research/normalized/EXP-CRYPTO-014/decision/DEC-CRY-074-look1-mde.json,after W and S of every decision in the look group are recorded on tuning (PA-03 rule 2); MDE gate section 4.12 passes,rule:home-domain>section-overlap>cluster-focus>fewest-decisions
DEC-CRY-074,2,RESERVED,crypto,LG-crypto,1,EXP-CRYPTO-014,,,,,research/experiments/EXP-CRYPTO-014/record.md,research/normalized/EXP-CRYPTO-014/decision/DEC-CRY-074-look2-mde.json,"only after a documented change, on new validation items from new independence groups committed and fingerprinted before use (section 5.2); otherwise labelled tuning",rule:home-domain>section-overlap>cluster-focus>fewest-decisions
DEC-CRY-075,1,PLANNED,crypto,LG-crypto,1,EXP-CRYPTO-014,,,,,research/experiments/EXP-CRYPTO-014/record.md,research/normalized/EXP-CRYPTO-014/decision/DEC-CRY-075-look1-mde.json,after W and S of every decision in the look group are recorded on tuning (PA-03 rule 2); MDE gate section 4.12 passes,rule:home-domain>section-overlap>cluster-focus>fewest-decisions
DEC-CRY-075,2,RESERVED,crypto,LG-crypto,1,EXP-CRYPTO-014,,,,,research/experiments/EXP-CRYPTO-014/record.md,research/normalized/EXP-CRYPTO-014/decision/DEC-CRY-075-look2-mde.json,"only after a documented change, on new validation items from new independence groups committed and fingerprinted before use (section 5.2); otherwise labelled tuning",rule:home-domain>section-overlap>cluster-focus>fewest-decisions
DEC-CRY-077,1,PLANNED,crypto,LG-crypto,1,EXP-CRYPTO-017,,,EXP-CONF-003; EXP-CONF-004,,research/experiments/EXP-CRYPTO-017/record.md,research/normalized/EXP-CRYPTO-017/decision/DEC-CRY-077-look1-mde.json,after W and S of every decision in the look group are recorded on tuning (PA-03 rule 2); MDE gate section 4.12 passes,rule:home-domain>section-overlap>cluster-focus>fewest-decisions
DEC-CRY-077,2,RESERVED,crypto,LG-crypto,1,EXP-CRYPTO-017,,,EXP-CONF-003; EXP-CONF-004,,research/experiments/EXP-CRYPTO-017/record.md,research/normalized/EXP-CRYPTO-017/decision/DEC-CRY-077-look2-mde.json,"only after a documented change, on new validation items from new independence groups committed and fingerprinted before use (section 5.2); otherwise labelled tuning",rule:home-domain>section-overlap>cluster-focus>fewest-decisions
DEC-CRY-079,1,PLANNED,crypto,LG-crypto,1,EXP-CRYPTO-016,,,EXP-CONF-012,,research/experiments/EXP-CRYPTO-016/record.md,research/normalized/EXP-CRYPTO-016/decision/DEC-CRY-079-look1-mde.json,after W and S of every decision in the look group are recorded on tuning (PA-03 rule 2); MDE gate section 4.12 passes,rule:home-domain>section-overlap>cluster-focus>fewest-decisions
DEC-CRY-079,2,RESERVED,crypto,LG-crypto,1,EXP-CRYPTO-016,,,EXP-CONF-012,,research/experiments/EXP-CRYPTO-016/record.md,research/normalized/EXP-CRYPTO-016/decision/DEC-CRY-079-look2-mde.json,"only after a documented change, on new validation items from new independence groups committed and fingerprinted before use (section 5.2); otherwise labelled tuning",rule:home-domain>section-overlap>cluster-focus>fewest-decisions
DEC-CRY-080,1,PLANNED,crypto,LG-crypto,1,EXP-CRYPTO-010,EXP-INT-016,,,constructions: EXP-CRYPTO-010; tamper corpora: EXP-INT-016,research/experiments/EXP-CRYPTO-010/record.md; research/experiments/EXP-INT-016/record.md,research/normalized/EXP-CRYPTO-010/decision/DEC-CRY-080-look1-mde.json,after W and S of every decision in the look group are recorded on tuning (PA-03 rule 2); MDE gate section 4.12 passes,override:integrity C13
DEC-CRY-080,2,RESERVED,crypto,LG-crypto,1,EXP-CRYPTO-010,EXP-INT-016,,,constructions: EXP-CRYPTO-010; tamper corpora: EXP-INT-016,research/experiments/EXP-CRYPTO-010/record.md; research/experiments/EXP-INT-016/record.md,research/normalized/EXP-CRYPTO-010/decision/DEC-CRY-080-look2-mde.json,"only after a documented change, on new validation items from new independence groups committed and fingerprinted before use (section 5.2); otherwise labelled tuning",override:integrity C13
DEC-CRY-081,1,PLANNED,crypto,LG-crypto,1,EXP-CRYPTO-002,EXP-REMOTE-010,,,,research/experiments/EXP-CRYPTO-002/record.md; research/experiments/EXP-REMOTE-010/record.md,research/normalized/EXP-CRYPTO-002/decision/DEC-CRY-081-look1-mde.json,after W and S of every decision in the look group are recorded on tuning (PA-03 rule 2); MDE gate section 4.12 passes,rule:home-domain>section-overlap>cluster-focus>fewest-decisions
DEC-CRY-081,2,RESERVED,crypto,LG-crypto,1,EXP-CRYPTO-002,EXP-REMOTE-010,,,,research/experiments/EXP-CRYPTO-002/record.md; research/experiments/EXP-REMOTE-010/record.md,research/normalized/EXP-CRYPTO-002/decision/DEC-CRY-081-look2-mde.json,"only after a documented change, on new validation items from new independence groups committed and fingerprinted before use (section 5.2); otherwise labelled tuning",rule:home-domain>section-overlap>cluster-focus>fewest-decisions
DEC-CRY-082,1,PLANNED,crypto,LG-crypto,1,EXP-CRYPTO-014,EXP-ECO-016,,EXP-CRYPTO-022; EXP-ECO-018,,research/experiments/EXP-CRYPTO-014/record.md; research/experiments/EXP-ECO-016/record.md,research/normalized/EXP-CRYPTO-014/decision/DEC-CRY-082-look1-mde.json,after W and S of every decision in the look group are recorded on tuning (PA-03 rule 2); MDE gate section 4.12 passes,rule:home-domain>section-overlap>cluster-focus>fewest-decisions
DEC-CRY-082,2,RESERVED,crypto,LG-crypto,1,EXP-CRYPTO-014,EXP-ECO-016,,EXP-CRYPTO-022; EXP-ECO-018,,research/experiments/EXP-CRYPTO-014/record.md; research/experiments/EXP-ECO-016/record.md,research/normalized/EXP-CRYPTO-014/decision/DEC-CRY-082-look2-mde.json,"only after a documented change, on new validation items from new independence groups committed and fingerprinted before use (section 5.2); otherwise labelled tuning",rule:home-domain>section-overlap>cluster-focus>fewest-decisions
DEC-CRY-086,1,PLANNED,crypto,LG-crypto,4,EXP-ECO-015,,,EXP-ECO-018,,research/experiments/EXP-ECO-015/record.md,research/normalized/EXP-ECO-015/decision/DEC-CRY-086-look1-mde.json,after W and S of every decision in the look group are recorded on tuning (PA-03 rule 2); MDE gate section 4.12 passes,rule:home-domain>section-overlap>cluster-focus>fewest-decisions
DEC-CRY-086,2,RESERVED,crypto,LG-crypto,4,EXP-ECO-015,,,EXP-ECO-018,,research/experiments/EXP-ECO-015/record.md,research/normalized/EXP-ECO-015/decision/DEC-CRY-086-look2-mde.json,"only after a documented change, on new validation items from new independence groups committed and fingerprinted before use (section 5.2); otherwise labelled tuning",rule:home-domain>section-overlap>cluster-focus>fewest-decisions
DEC-CRY-087,1,PLANNED,crypto,LG-crypto,1,EXP-CRYPTO-014,,,,,research/experiments/EXP-CRYPTO-014/record.md,research/normalized/EXP-CRYPTO-014/decision/DEC-CRY-087-look1-mde.json,after W and S of every decision in the look group are recorded on tuning (PA-03 rule 2); MDE gate section 4.12 passes,rule:home-domain>section-overlap>cluster-focus>fewest-decisions
DEC-CRY-087,2,RESERVED,crypto,LG-crypto,1,EXP-CRYPTO-014,,,,,research/experiments/EXP-CRYPTO-014/record.md,research/normalized/EXP-CRYPTO-014/decision/DEC-CRY-087-look2-mde.json,"only after a documented change, on new validation items from new independence groups committed and fingerprinted before use (section 5.2); otherwise labelled tuning",rule:home-domain>section-overlap>cluster-focus>fewest-decisions
DEC-CRY-089,1,PLANNED,crypto,LG-crypto,1,EXP-CRYPTO-014,,,,,research/experiments/EXP-CRYPTO-014/record.md,research/normalized/EXP-CRYPTO-014/decision/DEC-CRY-089-look1-mde.json,after W and S of every decision in the look group are recorded on tuning (PA-03 rule 2); MDE gate section 4.12 passes,rule:home-domain>section-overlap>cluster-focus>fewest-decisions
DEC-CRY-089,2,RESERVED,crypto,LG-crypto,1,EXP-CRYPTO-014,,,,,research/experiments/EXP-CRYPTO-014/record.md,research/normalized/EXP-CRYPTO-014/decision/DEC-CRY-089-look2-mde.json,"only after a documented change, on new validation items from new independence groups committed and fingerprinted before use (section 5.2); otherwise labelled tuning",rule:home-domain>section-overlap>cluster-focus>fewest-decisions
DEC-CRY-090,1,PLANNED,crypto,LG-crypto,1,EXP-CRYPTO-014,EXP-INT-003,,EXP-CRYPTO-022,signature-status semantics: EXP-CRYPTO-014; MVT-15(a) oracle matrix: EXP-INT-003,research/experiments/EXP-CRYPTO-014/record.md; research/experiments/EXP-INT-003/record.md,research/normalized/EXP-CRYPTO-014/decision/DEC-CRY-090-look1-mde.json,after W and S of every decision in the look group are recorded on tuning (PA-03 rule 2); MDE gate section 4.12 passes,override:integrity C13
DEC-CRY-090,2,RESERVED,crypto,LG-crypto,1,EXP-CRYPTO-014,EXP-INT-003,,EXP-CRYPTO-022,signature-status semantics: EXP-CRYPTO-014; MVT-15(a) oracle matrix: EXP-INT-003,research/experiments/EXP-CRYPTO-014/record.md; research/experiments/EXP-INT-003/record.md,research/normalized/EXP-CRYPTO-014/decision/DEC-CRY-090-look2-mde.json,"only after a documented change, on new validation items from new independence groups committed and fingerprinted before use (section 5.2); otherwise labelled tuning",override:integrity C13
DEC-CRY-091,1,PLANNED,crypto,LG-crypto,1,EXP-CRYPTO-019,EXP-LEGACY-010,,EXP-LEGACY-050,,research/experiments/EXP-CRYPTO-019/record.md; research/experiments/EXP-LEGACY-010/record.md,research/normalized/EXP-CRYPTO-019/decision/DEC-CRY-091-look1-mde.json,after W and S of every decision in the look group are recorded on tuning (PA-03 rule 2); MDE gate section 4.12 passes,rule:home-domain>section-overlap>cluster-focus>fewest-decisions
DEC-CRY-091,2,RESERVED,crypto,LG-crypto,1,EXP-CRYPTO-019,EXP-LEGACY-010,,EXP-LEGACY-050,,research/experiments/EXP-CRYPTO-019/record.md; research/experiments/EXP-LEGACY-010/record.md,research/normalized/EXP-CRYPTO-019/decision/DEC-CRY-091-look2-mde.json,"only after a documented change, on new validation items from new independence groups committed and fingerprinted before use (section 5.2); otherwise labelled tuning",rule:home-domain>section-overlap>cluster-focus>fewest-decisions
DEC-CRY-092,1,PLANNED,crypto,LG-crypto,1,EXP-CRYPTO-014,,,,,research/experiments/EXP-CRYPTO-014/record.md,research/normalized/EXP-CRYPTO-014/decision/DEC-CRY-092-look1-mde.json,after W and S of every decision in the look group are recorded on tuning (PA-03 rule 2); MDE gate section 4.12 passes,rule:home-domain>section-overlap>cluster-focus>fewest-decisions
DEC-CRY-092,2,RESERVED,crypto,LG-crypto,1,EXP-CRYPTO-014,,,,,research/experiments/EXP-CRYPTO-014/record.md,research/normalized/EXP-CRYPTO-014/decision/DEC-CRY-092-look2-mde.json,"only after a documented change, on new validation items from new independence groups committed and fingerprinted before use (section 5.2); otherwise labelled tuning",rule:home-domain>section-overlap>cluster-focus>fewest-decisions
DEC-CRY-093,1,PLANNED,crypto,LG-crypto,1,EXP-CRYPTO-019,EXP-INT-008,,EXP-LEGACY-034,,research/experiments/EXP-CRYPTO-019/record.md; research/experiments/EXP-INT-008/record.md,research/normalized/EXP-CRYPTO-019/decision/DEC-CRY-093-look1-mde.json,after W and S of every decision in the look group are recorded on tuning (PA-03 rule 2); MDE gate section 4.12 passes,rule:home-domain>section-overlap>cluster-focus>fewest-decisions
DEC-CRY-093,2,RESERVED,crypto,LG-crypto,1,EXP-CRYPTO-019,EXP-INT-008,,EXP-LEGACY-034,,research/experiments/EXP-CRYPTO-019/record.md; research/experiments/EXP-INT-008/record.md,research/normalized/EXP-CRYPTO-019/decision/DEC-CRY-093-look2-mde.json,"only after a documented change, on new validation items from new independence groups committed and fingerprinted before use (section 5.2); otherwise labelled tuning",rule:home-domain>section-overlap>cluster-focus>fewest-decisions
DEC-CRY-094,1,PLANNED,crypto,LG-crypto,1,EXP-CRYPTO-014,,,EXP-CRYPTO-022,,research/experiments/EXP-CRYPTO-014/record.md,research/normalized/EXP-CRYPTO-014/decision/DEC-CRY-094-look1-mde.json,after W and S of every decision in the look group are recorded on tuning (PA-03 rule 2); MDE gate section 4.12 passes,rule:home-domain>section-overlap>cluster-focus>fewest-decisions
DEC-CRY-094,2,RESERVED,crypto,LG-crypto,1,EXP-CRYPTO-014,,,EXP-CRYPTO-022,,research/experiments/EXP-CRYPTO-014/record.md,research/normalized/EXP-CRYPTO-014/decision/DEC-CRY-094-look2-mde.json,"only after a documented change, on new validation items from new independence groups committed and fingerprinted before use (section 5.2); otherwise labelled tuning",rule:home-domain>section-overlap>cluster-focus>fewest-decisions
DEC-CRY-096,1,PLANNED,crypto,LG-crypto,1,EXP-CRYPTO-014,,,,,research/experiments/EXP-CRYPTO-014/record.md,research/normalized/EXP-CRYPTO-014/decision/DEC-CRY-096-look1-mde.json,after W and S of every decision in the look group are recorded on tuning (PA-03 rule 2); MDE gate section 4.12 passes,rule:home-domain>section-overlap>cluster-focus>fewest-decisions
DEC-CRY-096,2,RESERVED,crypto,LG-crypto,1,EXP-CRYPTO-014,,,,,research/experiments/EXP-CRYPTO-014/record.md,research/normalized/EXP-CRYPTO-014/decision/DEC-CRY-096-look2-mde.json,"only after a documented change, on new validation items from new independence groups committed and fingerprinted before use (section 5.2); otherwise labelled tuning",rule:home-domain>section-overlap>cluster-focus>fewest-decisions
DEC-CRY-102,1,PLANNED,crypto,LG-crypto,1,EXP-CRYPTO-014,,,,,research/experiments/EXP-CRYPTO-014/record.md,research/normalized/EXP-CRYPTO-014/decision/DEC-CRY-102-look1-mde.json,after W and S of every decision in the look group are recorded on tuning (PA-03 rule 2); MDE gate section 4.12 passes,rule:home-domain>section-overlap>cluster-focus>fewest-decisions
DEC-CRY-102,2,RESERVED,crypto,LG-crypto,1,EXP-CRYPTO-014,,,,,research/experiments/EXP-CRYPTO-014/record.md,research/normalized/EXP-CRYPTO-014/decision/DEC-CRY-102-look2-mde.json,"only after a documented change, on new validation items from new independence groups committed and fingerprinted before use (section 5.2); otherwise labelled tuning",rule:home-domain>section-overlap>cluster-focus>fewest-decisions
DEC-CRY-103,1,PLANNED,crypto,LG-crypto,1,EXP-CRYPTO-014,,,EXP-CONF-004,,research/experiments/EXP-CRYPTO-014/record.md,research/normalized/EXP-CRYPTO-014/decision/DEC-CRY-103-look1-mde.json,after W and S of every decision in the look group are recorded on tuning (PA-03 rule 2); MDE gate section 4.12 passes,rule:home-domain>section-overlap>cluster-focus>fewest-decisions
DEC-CRY-103,2,RESERVED,crypto,LG-crypto,1,EXP-CRYPTO-014,,,EXP-CONF-004,,research/experiments/EXP-CRYPTO-014/record.md,research/normalized/EXP-CRYPTO-014/decision/DEC-CRY-103-look2-mde.json,"only after a documented change, on new validation items from new independence groups committed and fingerprinted before use (section 5.2); otherwise labelled tuning",rule:home-domain>section-overlap>cluster-focus>fewest-decisions
DEC-CRY-104,1,PLANNED,crypto,LG-crypto,1,EXP-CRYPTO-014,EXP-CRYPTO-016,,,,research/experiments/EXP-CRYPTO-014/record.md; research/experiments/EXP-CRYPTO-016/record.md,research/normalized/EXP-CRYPTO-014/decision/DEC-CRY-104-look1-mde.json,after W and S of every decision in the look group are recorded on tuning (PA-03 rule 2); MDE gate section 4.12 passes,rule:home-domain>section-overlap>cluster-focus>fewest-decisions
DEC-CRY-104,2,RESERVED,crypto,LG-crypto,1,EXP-CRYPTO-014,EXP-CRYPTO-016,,,,research/experiments/EXP-CRYPTO-014/record.md; research/experiments/EXP-CRYPTO-016/record.md,research/normalized/EXP-CRYPTO-014/decision/DEC-CRY-104-look2-mde.json,"only after a documented change, on new validation items from new independence groups committed and fingerprinted before use (section 5.2); otherwise labelled tuning",rule:home-domain>section-overlap>cluster-focus>fewest-decisions
DEC-CRY-105,1,PLANNED,crypto,LG-crypto,1,EXP-CRYPTO-015,EXP-CRYPTO-010,,,,research/experiments/EXP-CRYPTO-015/record.md; research/experiments/EXP-CRYPTO-010/record.md,research/normalized/EXP-CRYPTO-015/decision/DEC-CRY-105-look1-mde.json,after W and S of every decision in the look group are recorded on tuning (PA-03 rule 2); MDE gate section 4.12 passes,rule:home-domain>section-overlap>cluster-focus>fewest-decisions
DEC-CRY-105,2,RESERVED,crypto,LG-crypto,1,EXP-CRYPTO-015,EXP-CRYPTO-010,,,,research/experiments/EXP-CRYPTO-015/record.md; research/experiments/EXP-CRYPTO-010/record.md,research/normalized/EXP-CRYPTO-015/decision/DEC-CRY-105-look2-mde.json,"only after a documented change, on new validation items from new independence groups committed and fingerprinted before use (section 5.2); otherwise labelled tuning",rule:home-domain>section-overlap>cluster-focus>fewest-decisions
DEC-CRY-108,1,PLANNED,crypto,LG-crypto,2,EXP-PLAT-020,EXP-PLAT-016,,EXP-CRYPTO-022,,research/experiments/EXP-PLAT-020/record.md; research/experiments/EXP-PLAT-016/record.md,research/normalized/EXP-PLAT-020/decision/DEC-CRY-108-look1-mde.json,after W and S of every decision in the look group are recorded on tuning (PA-03 rule 2); MDE gate section 4.12 passes,rule:home-domain>section-overlap>cluster-focus>fewest-decisions
DEC-CRY-108,2,RESERVED,crypto,LG-crypto,2,EXP-PLAT-020,EXP-PLAT-016,,EXP-CRYPTO-022,,research/experiments/EXP-PLAT-020/record.md; research/experiments/EXP-PLAT-016/record.md,research/normalized/EXP-PLAT-020/decision/DEC-CRY-108-look2-mde.json,"only after a documented change, on new validation items from new independence groups committed and fingerprinted before use (section 5.2); otherwise labelled tuning",rule:home-domain>section-overlap>cluster-focus>fewest-decisions
DEC-ECO-001,1,PLANNED,ecosystem,LG-ecosystem,4,EXP-ECO-011,,,,,research/experiments/EXP-ECO-011/record.md,research/normalized/EXP-ECO-011/decision/DEC-ECO-001-look1-mde.json,after W and S of every decision in the look group are recorded on tuning (PA-03 rule 2); MDE gate section 4.12 passes,rule:home-domain>section-overlap>cluster-focus>fewest-decisions
DEC-ECO-001,2,RESERVED,ecosystem,LG-ecosystem,4,EXP-ECO-011,,,,,research/experiments/EXP-ECO-011/record.md,research/normalized/EXP-ECO-011/decision/DEC-ECO-001-look2-mde.json,"only after a documented change, on new validation items from new independence groups committed and fingerprinted before use (section 5.2); otherwise labelled tuning",rule:home-domain>section-overlap>cluster-focus>fewest-decisions
DEC-ECO-002,1,PLANNED,ecosystem,LG-ecosystem,4,EXP-ECO-006,,,,,research/experiments/EXP-ECO-006/record.md,research/normalized/EXP-ECO-006/decision/DEC-ECO-002-look1-mde.json,after W and S of every decision in the look group are recorded on tuning (PA-03 rule 2); MDE gate section 4.12 passes,rule:home-domain>section-overlap>cluster-focus>fewest-decisions
DEC-ECO-002,2,RESERVED,ecosystem,LG-ecosystem,4,EXP-ECO-006,,,,,research/experiments/EXP-ECO-006/record.md,research/normalized/EXP-ECO-006/decision/DEC-ECO-002-look2-mde.json,"only after a documented change, on new validation items from new independence groups committed and fingerprinted before use (section 5.2); otherwise labelled tuning",rule:home-domain>section-overlap>cluster-focus>fewest-decisions
DEC-ECO-003,1,PLANNED,ecosystem,LG-ecosystem,4,EXP-ECO-004,,,,,research/experiments/EXP-ECO-004/record.md,research/normalized/EXP-ECO-004/decision/DEC-ECO-003-look1-mde.json,after W and S of every decision in the look group are recorded on tuning (PA-03 rule 2); MDE gate section 4.12 passes,rule:home-domain>section-overlap>cluster-focus>fewest-decisions
DEC-ECO-003,2,RESERVED,ecosystem,LG-ecosystem,4,EXP-ECO-004,,,,,research/experiments/EXP-ECO-004/record.md,research/normalized/EXP-ECO-004/decision/DEC-ECO-003-look2-mde.json,"only after a documented change, on new validation items from new independence groups committed and fingerprinted before use (section 5.2); otherwise labelled tuning",rule:home-domain>section-overlap>cluster-focus>fewest-decisions
DEC-ECO-004,1,PLANNED,ecosystem,LG-ecosystem,4,EXP-ECO-006,EXP-ECO-008,,EXP-ECO-013,,research/experiments/EXP-ECO-006/record.md; research/experiments/EXP-ECO-008/record.md,research/normalized/EXP-ECO-006/decision/DEC-ECO-004-look1-mde.json,after W and S of every decision in the look group are recorded on tuning (PA-03 rule 2); MDE gate section 4.12 passes,rule:home-domain>section-overlap>cluster-focus>fewest-decisions
DEC-ECO-004,2,RESERVED,ecosystem,LG-ecosystem,4,EXP-ECO-006,EXP-ECO-008,,EXP-ECO-013,,research/experiments/EXP-ECO-006/record.md; research/experiments/EXP-ECO-008/record.md,research/normalized/EXP-ECO-006/decision/DEC-ECO-004-look2-mde.json,"only after a documented change, on new validation items from new independence groups committed and fingerprinted before use (section 5.2); otherwise labelled tuning",rule:home-domain>section-overlap>cluster-focus>fewest-decisions
DEC-ECO-006,1,PLANNED,ecosystem,LG-ecosystem,4,EXP-ECO-015,,,EXP-ECO-001,,research/experiments/EXP-ECO-015/record.md,research/normalized/EXP-ECO-015/decision/DEC-ECO-006-look1-mde.json,after W and S of every decision in the look group are recorded on tuning (PA-03 rule 2); MDE gate section 4.12 passes,rule:home-domain>section-overlap>cluster-focus>fewest-decisions
DEC-ECO-006,2,RESERVED,ecosystem,LG-ecosystem,4,EXP-ECO-015,,,EXP-ECO-001,,research/experiments/EXP-ECO-015/record.md,research/normalized/EXP-ECO-015/decision/DEC-ECO-006-look2-mde.json,"only after a documented change, on new validation items from new independence groups committed and fingerprinted before use (section 5.2); otherwise labelled tuning",rule:home-domain>section-overlap>cluster-focus>fewest-decisions
DEC-ECO-007,1,PLANNED,ecosystem,LG-ecosystem,4,EXP-ECO-015,,,EXP-ECO-018,,research/experiments/EXP-ECO-015/record.md,research/normalized/EXP-ECO-015/decision/DEC-ECO-007-look1-mde.json,after W and S of every decision in the look group are recorded on tuning (PA-03 rule 2); MDE gate section 4.12 passes,rule:home-domain>section-overlap>cluster-focus>fewest-decisions
DEC-ECO-007,2,RESERVED,ecosystem,LG-ecosystem,4,EXP-ECO-015,,,EXP-ECO-018,,research/experiments/EXP-ECO-015/record.md,research/normalized/EXP-ECO-015/decision/DEC-ECO-007-look2-mde.json,"only after a documented change, on new validation items from new independence groups committed and fingerprinted before use (section 5.2); otherwise labelled tuning",rule:home-domain>section-overlap>cluster-focus>fewest-decisions
DEC-ECO-008,1,PLANNED,ecosystem,LG-ecosystem,4,EXP-ECO-015,,,EXP-ECO-013,,research/experiments/EXP-ECO-015/record.md,research/normalized/EXP-ECO-015/decision/DEC-ECO-008-look1-mde.json,after W and S of every decision in the look group are recorded on tuning (PA-03 rule 2); MDE gate section 4.12 passes,rule:home-domain>section-overlap>cluster-focus>fewest-decisions
DEC-ECO-008,2,RESERVED,ecosystem,LG-ecosystem,4,EXP-ECO-015,,,EXP-ECO-013,,research/experiments/EXP-ECO-015/record.md,research/normalized/EXP-ECO-015/decision/DEC-ECO-008-look2-mde.json,"only after a documented change, on new validation items from new independence groups committed and fingerprinted before use (section 5.2); otherwise labelled tuning",rule:home-domain>section-overlap>cluster-focus>fewest-decisions
DEC-ECO-009,1,PLANNED,ecosystem,LG-ecosystem,4,EXP-ECO-015,,,EXP-ECO-013; EXP-ECO-018,,research/experiments/EXP-ECO-015/record.md,research/normalized/EXP-ECO-015/decision/DEC-ECO-009-look1-mde.json,after W and S of every decision in the look group are recorded on tuning (PA-03 rule 2); MDE gate section 4.12 passes,rule:home-domain>section-overlap>cluster-focus>fewest-decisions
DEC-ECO-009,2,RESERVED,ecosystem,LG-ecosystem,4,EXP-ECO-015,,,EXP-ECO-013; EXP-ECO-018,,research/experiments/EXP-ECO-015/record.md,research/normalized/EXP-ECO-015/decision/DEC-ECO-009-look2-mde.json,"only after a documented change, on new validation items from new independence groups committed and fingerprinted before use (section 5.2); otherwise labelled tuning",rule:home-domain>section-overlap>cluster-focus>fewest-decisions
DEC-ECO-010,1,PLANNED,ecosystem,LG-ecosystem,4,EXP-ECO-015,,,EXP-CONF-012; EXP-ECO-013,,research/experiments/EXP-ECO-015/record.md,research/normalized/EXP-ECO-015/decision/DEC-ECO-010-look1-mde.json,after W and S of every decision in the look group are recorded on tuning (PA-03 rule 2); MDE gate section 4.12 passes,rule:home-domain>section-overlap>cluster-focus>fewest-decisions
DEC-ECO-010,2,RESERVED,ecosystem,LG-ecosystem,4,EXP-ECO-015,,,EXP-CONF-012; EXP-ECO-013,,research/experiments/EXP-ECO-015/record.md,research/normalized/EXP-ECO-015/decision/DEC-ECO-010-look2-mde.json,"only after a documented change, on new validation items from new independence groups committed and fingerprinted before use (section 5.2); otherwise labelled tuning",rule:home-domain>section-overlap>cluster-focus>fewest-decisions
DEC-ECO-013,1,PLANNED,ecosystem,LG-ecosystem,1,EXP-CONF-011,,,EXP-CONF-003; EXP-CONF-004,,research/experiments/EXP-CONF-011/record.md,research/normalized/EXP-CONF-011/decision/DEC-ECO-013-look1-mde.json,after W and S of every decision in the look group are recorded on tuning (PA-03 rule 2); MDE gate section 4.12 passes,rule:home-domain>section-overlap>cluster-focus>fewest-decisions
DEC-ECO-013,2,RESERVED,ecosystem,LG-ecosystem,1,EXP-CONF-011,,,EXP-CONF-003; EXP-CONF-004,,research/experiments/EXP-CONF-011/record.md,research/normalized/EXP-CONF-011/decision/DEC-ECO-013-look2-mde.json,"only after a documented change, on new validation items from new independence groups committed and fingerprinted before use (section 5.2); otherwise labelled tuning",rule:home-domain>section-overlap>cluster-focus>fewest-decisions
DEC-ECO-015,1,PLANNED,ecosystem,LG-ecosystem,4,EXP-ECO-011,,,,,research/experiments/EXP-ECO-011/record.md,research/normalized/EXP-ECO-011/decision/DEC-ECO-015-look1-mde.json,after W and S of every decision in the look group are recorded on tuning (PA-03 rule 2); MDE gate section 4.12 passes,rule:home-domain>section-overlap>cluster-focus>fewest-decisions
DEC-ECO-015,2,RESERVED,ecosystem,LG-ecosystem,4,EXP-ECO-011,,,,,research/experiments/EXP-ECO-011/record.md,research/normalized/EXP-ECO-011/decision/DEC-ECO-015-look2-mde.json,"only after a documented change, on new validation items from new independence groups committed and fingerprinted before use (section 5.2); otherwise labelled tuning",rule:home-domain>section-overlap>cluster-focus>fewest-decisions
DEC-ECO-016,1,PLANNED,ecosystem,LG-ecosystem,4,EXP-ECO-003,EXP-RECON-011,,EXP-ECO-001,,research/experiments/EXP-ECO-003/record.md; research/experiments/EXP-RECON-011/record.md,research/normalized/EXP-ECO-003/decision/DEC-ECO-016-look1-mde.json,after W and S of every decision in the look group are recorded on tuning (PA-03 rule 2); MDE gate section 4.12 passes,rule:home-domain>section-overlap>cluster-focus>fewest-decisions
DEC-ECO-016,2,RESERVED,ecosystem,LG-ecosystem,4,EXP-ECO-003,EXP-RECON-011,,EXP-ECO-001,,research/experiments/EXP-ECO-003/record.md; research/experiments/EXP-RECON-011/record.md,research/normalized/EXP-ECO-003/decision/DEC-ECO-016-look2-mde.json,"only after a documented change, on new validation items from new independence groups committed and fingerprinted before use (section 5.2); otherwise labelled tuning",rule:home-domain>section-overlap>cluster-focus>fewest-decisions
DEC-ECO-019,1,PLANNED,ecosystem,LG-ecosystem,4,EXP-ECO-006,,,,,research/experiments/EXP-ECO-006/record.md,research/normalized/EXP-ECO-006/decision/DEC-ECO-019-look1-mde.json,after W and S of every decision in the look group are recorded on tuning (PA-03 rule 2); MDE gate section 4.12 passes,rule:home-domain>section-overlap>cluster-focus>fewest-decisions
DEC-ECO-019,2,RESERVED,ecosystem,LG-ecosystem,4,EXP-ECO-006,,,,,research/experiments/EXP-ECO-006/record.md,research/normalized/EXP-ECO-006/decision/DEC-ECO-019-look2-mde.json,"only after a documented change, on new validation items from new independence groups committed and fingerprinted before use (section 5.2); otherwise labelled tuning",rule:home-domain>section-overlap>cluster-focus>fewest-decisions
DEC-ECO-020,1,PLANNED,ecosystem,LG-ecosystem,4,EXP-ECO-012,,,,,research/experiments/EXP-ECO-012/record.md,research/normalized/EXP-ECO-012/decision/DEC-ECO-020-look1-mde.json,after W and S of every decision in the look group are recorded on tuning (PA-03 rule 2); MDE gate section 4.12 passes,rule:home-domain>section-overlap>cluster-focus>fewest-decisions
DEC-ECO-020,2,RESERVED,ecosystem,LG-ecosystem,4,EXP-ECO-012,,,,,research/experiments/EXP-ECO-012/record.md,research/normalized/EXP-ECO-012/decision/DEC-ECO-020-look2-mde.json,"only after a documented change, on new validation items from new independence groups committed and fingerprinted before use (section 5.2); otherwise labelled tuning",rule:home-domain>section-overlap>cluster-focus>fewest-decisions
DEC-ECO-021,1,PLANNED,ecosystem,LG-ecosystem,1,EXP-CONF-011,,,,,research/experiments/EXP-CONF-011/record.md,research/normalized/EXP-CONF-011/decision/DEC-ECO-021-look1-mde.json,after W and S of every decision in the look group are recorded on tuning (PA-03 rule 2); MDE gate section 4.12 passes,rule:home-domain>section-overlap>cluster-focus>fewest-decisions
DEC-ECO-021,2,RESERVED,ecosystem,LG-ecosystem,1,EXP-CONF-011,,,,,research/experiments/EXP-CONF-011/record.md,research/normalized/EXP-CONF-011/decision/DEC-ECO-021-look2-mde.json,"only after a documented change, on new validation items from new independence groups committed and fingerprinted before use (section 5.2); otherwise labelled tuning",rule:home-domain>section-overlap>cluster-focus>fewest-decisions
DEC-ECO-023,1,PLANNED,ecosystem,LG-ecosystem,4,EXP-ECO-016,,,EXP-ECO-018,,research/experiments/EXP-ECO-016/record.md,research/normalized/EXP-ECO-016/decision/DEC-ECO-023-look1-mde.json,after W and S of every decision in the look group are recorded on tuning (PA-03 rule 2); MDE gate section 4.12 passes,rule:home-domain>section-overlap>cluster-focus>fewest-decisions
DEC-ECO-023,2,RESERVED,ecosystem,LG-ecosystem,4,EXP-ECO-016,,,EXP-ECO-018,,research/experiments/EXP-ECO-016/record.md,research/normalized/EXP-ECO-016/decision/DEC-ECO-023-look2-mde.json,"only after a documented change, on new validation items from new independence groups committed and fingerprinted before use (section 5.2); otherwise labelled tuning",rule:home-domain>section-overlap>cluster-focus>fewest-decisions
DEC-ECO-024,1,PLANNED,ecosystem,LG-ecosystem,4,EXP-ECO-015,,,,,research/experiments/EXP-ECO-015/record.md,research/normalized/EXP-ECO-015/decision/DEC-ECO-024-look1-mde.json,after W and S of every decision in the look group are recorded on tuning (PA-03 rule 2); MDE gate section 4.12 passes,rule:home-domain>section-overlap>cluster-focus>fewest-decisions
DEC-ECO-024,2,RESERVED,ecosystem,LG-ecosystem,4,EXP-ECO-015,,,,,research/experiments/EXP-ECO-015/record.md,research/normalized/EXP-ECO-015/decision/DEC-ECO-024-look2-mde.json,"only after a documented change, on new validation items from new independence groups committed and fingerprinted before use (section 5.2); otherwise labelled tuning",rule:home-domain>section-overlap>cluster-focus>fewest-decisions
DEC-ECO-025,1,PLANNED,ecosystem,LG-ecosystem,4,EXP-ECO-012,,,,,research/experiments/EXP-ECO-012/record.md,research/normalized/EXP-ECO-012/decision/DEC-ECO-025-look1-mde.json,after W and S of every decision in the look group are recorded on tuning (PA-03 rule 2); MDE gate section 4.12 passes,rule:home-domain>section-overlap>cluster-focus>fewest-decisions
DEC-ECO-025,2,RESERVED,ecosystem,LG-ecosystem,4,EXP-ECO-012,,,,,research/experiments/EXP-ECO-012/record.md,research/normalized/EXP-ECO-012/decision/DEC-ECO-025-look2-mde.json,"only after a documented change, on new validation items from new independence groups committed and fingerprinted before use (section 5.2); otherwise labelled tuning",rule:home-domain>section-overlap>cluster-focus>fewest-decisions
DEC-ECO-030,1,PLANNED,ecosystem,LG-ecosystem,4,EXP-ECO-011,,,,,research/experiments/EXP-ECO-011/record.md,research/normalized/EXP-ECO-011/decision/DEC-ECO-030-look1-mde.json,after W and S of every decision in the look group are recorded on tuning (PA-03 rule 2); MDE gate section 4.12 passes,rule:home-domain>section-overlap>cluster-focus>fewest-decisions
DEC-ECO-030,2,RESERVED,ecosystem,LG-ecosystem,4,EXP-ECO-011,,,,,research/experiments/EXP-ECO-011/record.md,research/normalized/EXP-ECO-011/decision/DEC-ECO-030-look2-mde.json,"only after a documented change, on new validation items from new independence groups committed and fingerprinted before use (section 5.2); otherwise labelled tuning",rule:home-domain>section-overlap>cluster-focus>fewest-decisions
DEC-ECO-031,1,PLANNED,ecosystem,LG-ecosystem,4,EXP-EVAL-007,EXP-EVAL-002; EXP-EVAL-005,,EXP-EVAL-001; EXP-EVAL-006; EXP-EVAL-009,,research/experiments/EXP-EVAL-007/record.md; research/experiments/EXP-EVAL-002/record.md; research/experiments/EXP-EVAL-005/record.md,research/normalized/EXP-EVAL-007/decision/DEC-ECO-031-look1-mde.json,after W and S of every decision in the look group are recorded on tuning (PA-03 rule 2); MDE gate section 4.12 passes,rule:home-domain>section-overlap>cluster-focus>fewest-decisions
DEC-ECO-031,2,RESERVED,ecosystem,LG-ecosystem,4,EXP-EVAL-007,EXP-EVAL-002; EXP-EVAL-005,,EXP-EVAL-001; EXP-EVAL-006; EXP-EVAL-009,,research/experiments/EXP-EVAL-007/record.md; research/experiments/EXP-EVAL-002/record.md; research/experiments/EXP-EVAL-005/record.md,research/normalized/EXP-EVAL-007/decision/DEC-ECO-031-look2-mde.json,"only after a documented change, on new validation items from new independence groups committed and fingerprinted before use (section 5.2); otherwise labelled tuning",rule:home-domain>section-overlap>cluster-focus>fewest-decisions
DEC-ECO-032,1,PLANNED,ecosystem,LG-ecosystem,1,EXP-CONF-002,,,EXP-CONF-001; EXP-CONF-010,,research/experiments/EXP-CONF-002/record.md,research/normalized/EXP-CONF-002/decision/DEC-ECO-032-look1-mde.json,after W and S of every decision in the look group are recorded on tuning (PA-03 rule 2); MDE gate section 4.12 passes,rule:home-domain>section-overlap>cluster-focus>fewest-decisions
DEC-ECO-032,2,RESERVED,ecosystem,LG-ecosystem,1,EXP-CONF-002,,,EXP-CONF-001; EXP-CONF-010,,research/experiments/EXP-CONF-002/record.md,research/normalized/EXP-CONF-002/decision/DEC-ECO-032-look2-mde.json,"only after a documented change, on new validation items from new independence groups committed and fingerprinted before use (section 5.2); otherwise labelled tuning",rule:home-domain>section-overlap>cluster-focus>fewest-decisions
DEC-ECO-035,1,PLANNED,ecosystem,LG-ecosystem,4,EXP-ECO-011,EXP-ECO-006,,,,research/experiments/EXP-ECO-011/record.md; research/experiments/EXP-ECO-006/record.md,research/normalized/EXP-ECO-011/decision/DEC-ECO-035-look1-mde.json,after W and S of every decision in the look group are recorded on tuning (PA-03 rule 2); MDE gate section 4.12 passes,rule:home-domain>section-overlap>cluster-focus>fewest-decisions
DEC-ECO-035,2,RESERVED,ecosystem,LG-ecosystem,4,EXP-ECO-011,EXP-ECO-006,,,,research/experiments/EXP-ECO-011/record.md; research/experiments/EXP-ECO-006/record.md,research/normalized/EXP-ECO-011/decision/DEC-ECO-035-look2-mde.json,"only after a documented change, on new validation items from new independence groups committed and fingerprinted before use (section 5.2); otherwise labelled tuning",rule:home-domain>section-overlap>cluster-focus>fewest-decisions
DEC-ECO-036,1,PLANNED,ecosystem,LG-ecosystem,4,EXP-ECO-015,,,,,research/experiments/EXP-ECO-015/record.md,research/normalized/EXP-ECO-015/decision/DEC-ECO-036-look1-mde.json,after W and S of every decision in the look group are recorded on tuning (PA-03 rule 2); MDE gate section 4.12 passes,rule:home-domain>section-overlap>cluster-focus>fewest-decisions
DEC-ECO-036,2,RESERVED,ecosystem,LG-ecosystem,4,EXP-ECO-015,,,,,research/experiments/EXP-ECO-015/record.md,research/normalized/EXP-ECO-015/decision/DEC-ECO-036-look2-mde.json,"only after a documented change, on new validation items from new independence groups committed and fingerprinted before use (section 5.2); otherwise labelled tuning",rule:home-domain>section-overlap>cluster-focus>fewest-decisions
DEC-ECO-038,1,PLANNED,ecosystem,LG-ecosystem,4,EXP-ECO-003,EXP-CONF-002,,EXP-CONF-001; EXP-ECO-001,,research/experiments/EXP-ECO-003/record.md; research/experiments/EXP-CONF-002/record.md,research/normalized/EXP-ECO-003/decision/DEC-ECO-038-look1-mde.json,after W and S of every decision in the look group are recorded on tuning (PA-03 rule 2); MDE gate section 4.12 passes,rule:home-domain>section-overlap>cluster-focus>fewest-decisions
DEC-ECO-038,2,RESERVED,ecosystem,LG-ecosystem,4,EXP-ECO-003,EXP-CONF-002,,EXP-CONF-001; EXP-ECO-001,,research/experiments/EXP-ECO-003/record.md; research/experiments/EXP-CONF-002/record.md,research/normalized/EXP-ECO-003/decision/DEC-ECO-038-look2-mde.json,"only after a documented change, on new validation items from new independence groups committed and fingerprinted before use (section 5.2); otherwise labelled tuning",rule:home-domain>section-overlap>cluster-focus>fewest-decisions
DEC-ECO-041,1,PLANNED,ecosystem,LG-ecosystem,4,EXP-ECO-003,,,EXP-CONF-010; EXP-ECO-001,,research/experiments/EXP-ECO-003/record.md,research/normalized/EXP-ECO-003/decision/DEC-ECO-041-look1-mde.json,after W and S of every decision in the look group are recorded on tuning (PA-03 rule 2); MDE gate section 4.12 passes,rule:home-domain>section-overlap>cluster-focus>fewest-decisions
DEC-ECO-041,2,RESERVED,ecosystem,LG-ecosystem,4,EXP-ECO-003,,,EXP-CONF-010; EXP-ECO-001,,research/experiments/EXP-ECO-003/record.md,research/normalized/EXP-ECO-003/decision/DEC-ECO-041-look2-mde.json,"only after a documented change, on new validation items from new independence groups committed and fingerprinted before use (section 5.2); otherwise labelled tuning",rule:home-domain>section-overlap>cluster-focus>fewest-decisions
DEC-ECO-042,1,PLANNED,ecosystem,LG-ecosystem,1,EXP-CONF-006,,,EXP-CONF-004,,research/experiments/EXP-CONF-006/record.md,research/normalized/EXP-CONF-006/decision/DEC-ECO-042-look1-mde.json,after W and S of every decision in the look group are recorded on tuning (PA-03 rule 2); MDE gate section 4.12 passes,rule:home-domain>section-overlap>cluster-focus>fewest-decisions
DEC-ECO-042,2,RESERVED,ecosystem,LG-ecosystem,1,EXP-CONF-006,,,EXP-CONF-004,,research/experiments/EXP-CONF-006/record.md,research/normalized/EXP-CONF-006/decision/DEC-ECO-042-look2-mde.json,"only after a documented change, on new validation items from new independence groups committed and fingerprinted before use (section 5.2); otherwise labelled tuning",rule:home-domain>section-overlap>cluster-focus>fewest-decisions
DEC-ECO-043,1,PLANNED,ecosystem,LG-ecosystem,4,EXP-ECO-006,EXP-ECO-012; EXP-EVAL-002; EXP-EVAL-005,,,,research/experiments/EXP-ECO-006/record.md; research/experiments/EXP-ECO-012/record.md; research/experiments/EXP-EVAL-002/record.md; research/experiments/EXP-EVAL-005/record.md,research/normalized/EXP-ECO-006/decision/DEC-ECO-043-look1-mde.json,after W and S of every decision in the look group are recorded on tuning (PA-03 rule 2); MDE gate section 4.12 passes,rule:home-domain>section-overlap>cluster-focus>fewest-decisions
DEC-ECO-043,2,RESERVED,ecosystem,LG-ecosystem,4,EXP-ECO-006,EXP-ECO-012; EXP-EVAL-002; EXP-EVAL-005,,,,research/experiments/EXP-ECO-006/record.md; research/experiments/EXP-ECO-012/record.md; research/experiments/EXP-EVAL-002/record.md; research/experiments/EXP-EVAL-005/record.md,research/normalized/EXP-ECO-006/decision/DEC-ECO-043-look2-mde.json,"only after a documented change, on new validation items from new independence groups committed and fingerprinted before use (section 5.2); otherwise labelled tuning",rule:home-domain>section-overlap>cluster-focus>fewest-decisions
DEC-ECO-046,1,PLANNED,ecosystem,LG-ecosystem,1,EXP-CONF-011,,,,,research/experiments/EXP-CONF-011/record.md,research/normalized/EXP-CONF-011/decision/DEC-ECO-046-look1-mde.json,after W and S of every decision in the look group are recorded on tuning (PA-03 rule 2); MDE gate section 4.12 passes,rule:home-domain>section-overlap>cluster-focus>fewest-decisions
DEC-ECO-046,2,RESERVED,ecosystem,LG-ecosystem,1,EXP-CONF-011,,,,,research/experiments/EXP-CONF-011/record.md,research/normalized/EXP-CONF-011/decision/DEC-ECO-046-look2-mde.json,"only after a documented change, on new validation items from new independence groups committed and fingerprinted before use (section 5.2); otherwise labelled tuning",rule:home-domain>section-overlap>cluster-focus>fewest-decisions
DEC-ECO-047,1,PLANNED,ecosystem,LG-ecosystem,1,EXP-CONF-011,,,EXP-LEGACY-001; EXP-LEGACY-002; EXP-LEGACY-003; EXP-LEGACY-005,,research/experiments/EXP-CONF-011/record.md,research/normalized/EXP-CONF-011/decision/DEC-ECO-047-look1-mde.json,after W and S of every decision in the look group are recorded on tuning (PA-03 rule 2); MDE gate section 4.12 passes,rule:home-domain>section-overlap>cluster-focus>fewest-decisions
DEC-ECO-047,2,RESERVED,ecosystem,LG-ecosystem,1,EXP-CONF-011,,,EXP-LEGACY-001; EXP-LEGACY-002; EXP-LEGACY-003; EXP-LEGACY-005,,research/experiments/EXP-CONF-011/record.md,research/normalized/EXP-CONF-011/decision/DEC-ECO-047-look2-mde.json,"only after a documented change, on new validation items from new independence groups committed and fingerprinted before use (section 5.2); otherwise labelled tuning",rule:home-domain>section-overlap>cluster-focus>fewest-decisions
DEC-ECO-050,1,PLANNED,ecosystem,LG-ecosystem,4,EXP-ECO-011,,,,,research/experiments/EXP-ECO-011/record.md,research/normalized/EXP-ECO-011/decision/DEC-ECO-050-look1-mde.json,after W and S of every decision in the look group are recorded on tuning (PA-03 rule 2); MDE gate section 4.12 passes,rule:home-domain>section-overlap>cluster-focus>fewest-decisions
DEC-ECO-050,2,RESERVED,ecosystem,LG-ecosystem,4,EXP-ECO-011,,,,,research/experiments/EXP-ECO-011/record.md,research/normalized/EXP-ECO-011/decision/DEC-ECO-050-look2-mde.json,"only after a documented change, on new validation items from new independence groups committed and fingerprinted before use (section 5.2); otherwise labelled tuning",rule:home-domain>section-overlap>cluster-focus>fewest-decisions
DEC-ECO-051,1,PLANNED,ecosystem,LG-ecosystem,4,EXP-ECO-002,,,EXP-ECO-001,,research/experiments/EXP-ECO-002/record.md,research/normalized/EXP-ECO-002/decision/DEC-ECO-051-look1-mde.json,after W and S of every decision in the look group are recorded on tuning (PA-03 rule 2); MDE gate section 4.12 passes,rule:home-domain>section-overlap>cluster-focus>fewest-decisions
DEC-ECO-051,2,RESERVED,ecosystem,LG-ecosystem,4,EXP-ECO-002,,,EXP-ECO-001,,research/experiments/EXP-ECO-002/record.md,research/normalized/EXP-ECO-002/decision/DEC-ECO-051-look2-mde.json,"only after a documented change, on new validation items from new independence groups committed and fingerprinted before use (section 5.2); otherwise labelled tuning",rule:home-domain>section-overlap>cluster-focus>fewest-decisions
DEC-ECO-057,1,PLANNED,ecosystem,LG-ecosystem,4,EXP-ECO-006,EXP-ECO-009,,,,research/experiments/EXP-ECO-006/record.md; research/experiments/EXP-ECO-009/record.md,research/normalized/EXP-ECO-006/decision/DEC-ECO-057-look1-mde.json,after W and S of every decision in the look group are recorded on tuning (PA-03 rule 2); MDE gate section 4.12 passes,rule:home-domain>section-overlap>cluster-focus>fewest-decisions
DEC-ECO-057,2,RESERVED,ecosystem,LG-ecosystem,4,EXP-ECO-006,EXP-ECO-009,,,,research/experiments/EXP-ECO-006/record.md; research/experiments/EXP-ECO-009/record.md,research/normalized/EXP-ECO-006/decision/DEC-ECO-057-look2-mde.json,"only after a documented change, on new validation items from new independence groups committed and fingerprinted before use (section 5.2); otherwise labelled tuning",rule:home-domain>section-overlap>cluster-focus>fewest-decisions
DEC-ECO-060,1,PLANNED,ecosystem,LG-ecosystem,1,EXP-CONF-002,,,,,research/experiments/EXP-CONF-002/record.md,research/normalized/EXP-CONF-002/decision/DEC-ECO-060-look1-mde.json,after W and S of every decision in the look group are recorded on tuning (PA-03 rule 2); MDE gate section 4.12 passes,rule:home-domain>section-overlap>cluster-focus>fewest-decisions
DEC-ECO-060,2,RESERVED,ecosystem,LG-ecosystem,1,EXP-CONF-002,,,,,research/experiments/EXP-CONF-002/record.md,research/normalized/EXP-CONF-002/decision/DEC-ECO-060-look2-mde.json,"only after a documented change, on new validation items from new independence groups committed and fingerprinted before use (section 5.2); otherwise labelled tuning",rule:home-domain>section-overlap>cluster-focus>fewest-decisions
DEC-ECO-062,1,PLANNED,ecosystem,LG-ecosystem,4,EXP-ECO-006,EXP-ECO-007,,EXP-ECO-018,,research/experiments/EXP-ECO-006/record.md; research/experiments/EXP-ECO-007/record.md,research/normalized/EXP-ECO-006/decision/DEC-ECO-062-look1-mde.json,after W and S of every decision in the look group are recorded on tuning (PA-03 rule 2); MDE gate section 4.12 passes,rule:home-domain>section-overlap>cluster-focus>fewest-decisions
DEC-ECO-062,2,RESERVED,ecosystem,LG-ecosystem,4,EXP-ECO-006,EXP-ECO-007,,EXP-ECO-018,,research/experiments/EXP-ECO-006/record.md; research/experiments/EXP-ECO-007/record.md,research/normalized/EXP-ECO-006/decision/DEC-ECO-062-look2-mde.json,"only after a documented change, on new validation items from new independence groups committed and fingerprinted before use (section 5.2); otherwise labelled tuning",rule:home-domain>section-overlap>cluster-focus>fewest-decisions
DEC-ECO-063,1,PLANNED,ecosystem,LG-ecosystem,1,EXP-CRYPTO-014,,,EXP-CRYPTO-022; EXP-ECO-018,,research/experiments/EXP-CRYPTO-014/record.md,research/normalized/EXP-CRYPTO-014/decision/DEC-ECO-063-look1-mde.json,after W and S of every decision in the look group are recorded on tuning (PA-03 rule 2); MDE gate section 4.12 passes,rule:home-domain>section-overlap>cluster-focus>fewest-decisions
DEC-ECO-063,2,RESERVED,ecosystem,LG-ecosystem,1,EXP-CRYPTO-014,,,EXP-CRYPTO-022; EXP-ECO-018,,research/experiments/EXP-CRYPTO-014/record.md,research/normalized/EXP-CRYPTO-014/decision/DEC-ECO-063-look2-mde.json,"only after a documented change, on new validation items from new independence groups committed and fingerprinted before use (section 5.2); otherwise labelled tuning",rule:home-domain>section-overlap>cluster-focus>fewest-decisions
DEC-ECO-065,1,PLANNED,ecosystem,LG-ecosystem,4,EXP-ECO-014,EXP-ECO-006,,,,research/experiments/EXP-ECO-014/record.md; research/experiments/EXP-ECO-006/record.md,research/normalized/EXP-ECO-014/decision/DEC-ECO-065-look1-mde.json,after W and S of every decision in the look group are recorded on tuning (PA-03 rule 2); MDE gate section 4.12 passes,rule:home-domain>section-overlap>cluster-focus>fewest-decisions
DEC-ECO-065,2,RESERVED,ecosystem,LG-ecosystem,4,EXP-ECO-014,EXP-ECO-006,,,,research/experiments/EXP-ECO-014/record.md; research/experiments/EXP-ECO-006/record.md,research/normalized/EXP-ECO-014/decision/DEC-ECO-065-look2-mde.json,"only after a documented change, on new validation items from new independence groups committed and fingerprinted before use (section 5.2); otherwise labelled tuning",rule:home-domain>section-overlap>cluster-focus>fewest-decisions
DEC-ECO-066,1,PLANNED,ecosystem,LG-ecosystem,4,EXP-ECO-015,,,EXP-ECO-018,,research/experiments/EXP-ECO-015/record.md,research/normalized/EXP-ECO-015/decision/DEC-ECO-066-look1-mde.json,after W and S of every decision in the look group are recorded on tuning (PA-03 rule 2); MDE gate section 4.12 passes,rule:home-domain>section-overlap>cluster-focus>fewest-decisions
DEC-ECO-066,2,RESERVED,ecosystem,LG-ecosystem,4,EXP-ECO-015,,,EXP-ECO-018,,research/experiments/EXP-ECO-015/record.md,research/normalized/EXP-ECO-015/decision/DEC-ECO-066-look2-mde.json,"only after a documented change, on new validation items from new independence groups committed and fingerprinted before use (section 5.2); otherwise labelled tuning",rule:home-domain>section-overlap>cluster-focus>fewest-decisions
DEC-ECO-069,1,PLANNED,ecosystem,LG-ecosystem,4,EXP-EVAL-002,EXP-EVAL-005,,EXP-EVAL-001; EXP-EVAL-006,,research/experiments/EXP-EVAL-002/record.md; research/experiments/EXP-EVAL-005/record.md,research/normalized/EXP-EVAL-002/decision/DEC-ECO-069-look1-mde.json,after W and S of every decision in the look group are recorded on tuning (PA-03 rule 2); MDE gate section 4.12 passes,rule:home-domain>section-overlap>cluster-focus>fewest-decisions
DEC-ECO-069,2,RESERVED,ecosystem,LG-ecosystem,4,EXP-EVAL-002,EXP-EVAL-005,,EXP-EVAL-001; EXP-EVAL-006,,research/experiments/EXP-EVAL-002/record.md; research/experiments/EXP-EVAL-005/record.md,research/normalized/EXP-EVAL-002/decision/DEC-ECO-069-look2-mde.json,"only after a documented change, on new validation items from new independence groups committed and fingerprinted before use (section 5.2); otherwise labelled tuning",rule:home-domain>section-overlap>cluster-focus>fewest-decisions
DEC-ECO-070,1,PLANNED,ecosystem,LG-ecosystem,4,EXP-EVAL-002,EXP-EVAL-005,,EXP-EVAL-001; EXP-EVAL-006,,research/experiments/EXP-EVAL-002/record.md; research/experiments/EXP-EVAL-005/record.md,research/normalized/EXP-EVAL-002/decision/DEC-ECO-070-look1-mde.json,after W and S of every decision in the look group are recorded on tuning (PA-03 rule 2); MDE gate section 4.12 passes,rule:home-domain>section-overlap>cluster-focus>fewest-decisions
DEC-ECO-070,2,RESERVED,ecosystem,LG-ecosystem,4,EXP-EVAL-002,EXP-EVAL-005,,EXP-EVAL-001; EXP-EVAL-006,,research/experiments/EXP-EVAL-002/record.md; research/experiments/EXP-EVAL-005/record.md,research/normalized/EXP-EVAL-002/decision/DEC-ECO-070-look2-mde.json,"only after a documented change, on new validation items from new independence groups committed and fingerprinted before use (section 5.2); otherwise labelled tuning",rule:home-domain>section-overlap>cluster-focus>fewest-decisions
DEC-ECO-071,1,PLANNED,ecosystem,LG-ecosystem,4,EXP-ECO-004,,,EXP-ECO-001,,research/experiments/EXP-ECO-004/record.md,research/normalized/EXP-ECO-004/decision/DEC-ECO-071-look1-mde.json,after W and S of every decision in the look group are recorded on tuning (PA-03 rule 2); MDE gate section 4.12 passes,rule:home-domain>section-overlap>cluster-focus>fewest-decisions
DEC-ECO-071,2,RESERVED,ecosystem,LG-ecosystem,4,EXP-ECO-004,,,EXP-ECO-001,,research/experiments/EXP-ECO-004/record.md,research/normalized/EXP-ECO-004/decision/DEC-ECO-071-look2-mde.json,"only after a documented change, on new validation items from new independence groups committed and fingerprinted before use (section 5.2); otherwise labelled tuning",rule:home-domain>section-overlap>cluster-focus>fewest-decisions
DEC-ECO-072,1,PLANNED,ecosystem,LG-ecosystem,4,EXP-ECO-014,EXP-ECO-007,,,,research/experiments/EXP-ECO-014/record.md; research/experiments/EXP-ECO-007/record.md,research/normalized/EXP-ECO-014/decision/DEC-ECO-072-look1-mde.json,after W and S of every decision in the look group are recorded on tuning (PA-03 rule 2); MDE gate section 4.12 passes,rule:home-domain>section-overlap>cluster-focus>fewest-decisions
DEC-ECO-072,2,RESERVED,ecosystem,LG-ecosystem,4,EXP-ECO-014,EXP-ECO-007,,,,research/experiments/EXP-ECO-014/record.md; research/experiments/EXP-ECO-007/record.md,research/normalized/EXP-ECO-014/decision/DEC-ECO-072-look2-mde.json,"only after a documented change, on new validation items from new independence groups committed and fingerprinted before use (section 5.2); otherwise labelled tuning",rule:home-domain>section-overlap>cluster-focus>fewest-decisions
DEC-ECO-073,1,PLANNED,ecosystem,LG-ecosystem,4,EXP-ECO-004,,,,,research/experiments/EXP-ECO-004/record.md,research/normalized/EXP-ECO-004/decision/DEC-ECO-073-look1-mde.json,after W and S of every decision in the look group are recorded on tuning (PA-03 rule 2); MDE gate section 4.12 passes,rule:home-domain>section-overlap>cluster-focus>fewest-decisions
DEC-ECO-073,2,RESERVED,ecosystem,LG-ecosystem,4,EXP-ECO-004,,,,,research/experiments/EXP-ECO-004/record.md,research/normalized/EXP-ECO-004/decision/DEC-ECO-073-look2-mde.json,"only after a documented change, on new validation items from new independence groups committed and fingerprinted before use (section 5.2); otherwise labelled tuning",rule:home-domain>section-overlap>cluster-focus>fewest-decisions
DEC-ECO-075,1,PLANNED,ecosystem,LG-ecosystem,4,EXP-ECO-011,EXP-ECO-006,,,,research/experiments/EXP-ECO-011/record.md; research/experiments/EXP-ECO-006/record.md,research/normalized/EXP-ECO-011/decision/DEC-ECO-075-look1-mde.json,after W and S of every decision in the look group are recorded on tuning (PA-03 rule 2); MDE gate section 4.12 passes,rule:home-domain>section-overlap>cluster-focus>fewest-decisions
DEC-ECO-075,2,RESERVED,ecosystem,LG-ecosystem,4,EXP-ECO-011,EXP-ECO-006,,,,research/experiments/EXP-ECO-011/record.md; research/experiments/EXP-ECO-006/record.md,research/normalized/EXP-ECO-011/decision/DEC-ECO-075-look2-mde.json,"only after a documented change, on new validation items from new independence groups committed and fingerprinted before use (section 5.2); otherwise labelled tuning",rule:home-domain>section-overlap>cluster-focus>fewest-decisions
DEC-ECO-076,1,PLANNED,ecosystem,LG-ecosystem,4,EXP-EVAL-010,EXP-EVAL-007,,,,research/experiments/EXP-EVAL-010/record.md; research/experiments/EXP-EVAL-007/record.md,research/normalized/EXP-EVAL-010/decision/DEC-ECO-076-look1-mde.json,after W and S of every decision in the look group are recorded on tuning (PA-03 rule 2); MDE gate section 4.12 passes,rule:home-domain>section-overlap>cluster-focus>fewest-decisions
DEC-ECO-076,2,RESERVED,ecosystem,LG-ecosystem,4,EXP-EVAL-010,EXP-EVAL-007,,,,research/experiments/EXP-EVAL-010/record.md; research/experiments/EXP-EVAL-007/record.md,research/normalized/EXP-EVAL-010/decision/DEC-ECO-076-look2-mde.json,"only after a documented change, on new validation items from new independence groups committed and fingerprinted before use (section 5.2); otherwise labelled tuning",rule:home-domain>section-overlap>cluster-focus>fewest-decisions
DEC-ECO-077,1,PLANNED,ecosystem,LG-ecosystem,4,EXP-EVAL-010,EXP-EVAL-007,,EXP-EVAL-001,,research/experiments/EXP-EVAL-010/record.md; research/experiments/EXP-EVAL-007/record.md,research/normalized/EXP-EVAL-010/decision/DEC-ECO-077-look1-mde.json,after W and S of every decision in the look group are recorded on tuning (PA-03 rule 2); MDE gate section 4.12 passes,rule:home-domain>section-overlap>cluster-focus>fewest-decisions
DEC-ECO-077,2,RESERVED,ecosystem,LG-ecosystem,4,EXP-EVAL-010,EXP-EVAL-007,,EXP-EVAL-001,,research/experiments/EXP-EVAL-010/record.md; research/experiments/EXP-EVAL-007/record.md,research/normalized/EXP-EVAL-010/decision/DEC-ECO-077-look2-mde.json,"only after a documented change, on new validation items from new independence groups committed and fingerprinted before use (section 5.2); otherwise labelled tuning",rule:home-domain>section-overlap>cluster-focus>fewest-decisions
DEC-ECO-082,1,PLANNED,ecosystem,LG-ecosystem,4,EXP-EVAL-003,,,,,research/experiments/EXP-EVAL-003/record.md,research/normalized/EXP-EVAL-003/decision/DEC-ECO-082-look1-mde.json,after W and S of every decision in the look group are recorded on tuning (PA-03 rule 2); MDE gate section 4.12 passes,rule:home-domain>section-overlap>cluster-focus>fewest-decisions
DEC-ECO-082,2,RESERVED,ecosystem,LG-ecosystem,4,EXP-EVAL-003,,,,,research/experiments/EXP-EVAL-003/record.md,research/normalized/EXP-EVAL-003/decision/DEC-ECO-082-look2-mde.json,"only after a documented change, on new validation items from new independence groups committed and fingerprinted before use (section 5.2); otherwise labelled tuning",rule:home-domain>section-overlap>cluster-focus>fewest-decisions
DEC-INT-002,1,PLANNED,integrity,LG-integrity,1,EXP-INT-001,EXP-CROSSFILE-004; EXP-CROSSFILE-006,,,OD-14 blast radius (injection and oracle): EXP-INT-001; lookback candidate packing: EXP-CROSSFILE-004; lookback candidate packing: EXP-CROSSFILE-006,research/experiments/EXP-INT-001/record.md; research/experiments/EXP-CROSSFILE-004/record.md; research/experiments/EXP-CROSSFILE-006/record.md,research/normalized/EXP-INT-001/decision/DEC-INT-002-look1-mde.json,after W and S of every decision in the look group are recorded on tuning (PA-03 rule 2); MDE gate section 4.12 passes,override:integrity C13
DEC-INT-002,2,RESERVED,integrity,LG-integrity,1,EXP-INT-001,EXP-CROSSFILE-004; EXP-CROSSFILE-006,,,OD-14 blast radius (injection and oracle): EXP-INT-001; lookback candidate packing: EXP-CROSSFILE-004; lookback candidate packing: EXP-CROSSFILE-006,research/experiments/EXP-INT-001/record.md; research/experiments/EXP-CROSSFILE-004/record.md; research/experiments/EXP-CROSSFILE-006/record.md,research/normalized/EXP-INT-001/decision/DEC-INT-002-look2-mde.json,"only after a documented change, on new validation items from new independence groups committed and fingerprinted before use (section 5.2); otherwise labelled tuning",override:integrity C13
DEC-INT-003,1,PLANNED,integrity,LG-integrity,1,EXP-INT-005,EXP-PLAT-016; EXP-PLAT-017,,,,research/experiments/EXP-INT-005/record.md; research/experiments/EXP-PLAT-016/record.md; research/experiments/EXP-PLAT-017/record.md,research/normalized/EXP-INT-005/decision/DEC-INT-003-look1-mde.json,after W and S of every decision in the look group are recorded on tuning (PA-03 rule 2); MDE gate section 4.12 passes,rule:home-domain>section-overlap>cluster-focus>fewest-decisions
DEC-INT-003,2,RESERVED,integrity,LG-integrity,1,EXP-INT-005,EXP-PLAT-016; EXP-PLAT-017,,,,research/experiments/EXP-INT-005/record.md; research/experiments/EXP-PLAT-016/record.md; research/experiments/EXP-PLAT-017/record.md,research/normalized/EXP-INT-005/decision/DEC-INT-003-look2-mde.json,"only after a documented change, on new validation items from new independence groups committed and fingerprinted before use (section 5.2); otherwise labelled tuning",rule:home-domain>section-overlap>cluster-focus>fewest-decisions
DEC-INT-004,1,PLANNED,integrity,LG-integrity,2,EXP-PLAT-014,EXP-ECO-016,,EXP-ECO-018,,research/experiments/EXP-PLAT-014/record.md; research/experiments/EXP-ECO-016/record.md,research/normalized/EXP-PLAT-014/decision/DEC-INT-004-look1-mde.json,after W and S of every decision in the look group are recorded on tuning (PA-03 rule 2); MDE gate section 4.12 passes,rule:home-domain>section-overlap>cluster-focus>fewest-decisions
DEC-INT-004,2,RESERVED,integrity,LG-integrity,2,EXP-PLAT-014,EXP-ECO-016,,EXP-ECO-018,,research/experiments/EXP-PLAT-014/record.md; research/experiments/EXP-ECO-016/record.md,research/normalized/EXP-PLAT-014/decision/DEC-INT-004-look2-mde.json,"only after a documented change, on new validation items from new independence groups committed and fingerprinted before use (section 5.2); otherwise labelled tuning",rule:home-domain>section-overlap>cluster-focus>fewest-decisions
DEC-INT-005,1,PLANNED,integrity,LG-integrity,1,EXP-INT-008,,,EXP-INT-007,,research/experiments/EXP-INT-008/record.md,research/normalized/EXP-INT-008/decision/DEC-INT-005-look1-mde.json,after W and S of every decision in the look group are recorded on tuning (PA-03 rule 2); MDE gate section 4.12 passes,rule:home-domain>section-overlap>cluster-focus>fewest-decisions
DEC-INT-005,2,RESERVED,integrity,LG-integrity,1,EXP-INT-008,,,EXP-INT-007,,research/experiments/EXP-INT-008/record.md,research/normalized/EXP-INT-008/decision/DEC-INT-005-look2-mde.json,"only after a documented change, on new validation items from new independence groups committed and fingerprinted before use (section 5.2); otherwise labelled tuning",rule:home-domain>section-overlap>cluster-focus>fewest-decisions
DEC-INT-006,1,PLANNED,integrity,LG-integrity,1,EXP-INT-001,EXP-INT-002,,EXP-CONF-004,damage classes and blast radius: EXP-INT-001,research/experiments/EXP-INT-001/record.md; research/experiments/EXP-INT-002/record.md,research/normalized/EXP-INT-001/decision/DEC-INT-006-look1-mde.json,after W and S of every decision in the look group are recorded on tuning (PA-03 rule 2); MDE gate section 4.12 passes,override:integrity C13
DEC-INT-006,2,RESERVED,integrity,LG-integrity,1,EXP-INT-001,EXP-INT-002,,EXP-CONF-004,damage classes and blast radius: EXP-INT-001,research/experiments/EXP-INT-001/record.md; research/experiments/EXP-INT-002/record.md,research/normalized/EXP-INT-001/decision/DEC-INT-006-look2-mde.json,"only after a documented change, on new validation items from new independence groups committed and fingerprinted before use (section 5.2); otherwise labelled tuning",override:integrity C13
DEC-INT-007,1,PLANNED,integrity,LG-integrity,1,EXP-INT-001,EXP-INT-004,,,,research/experiments/EXP-INT-001/record.md; research/experiments/EXP-INT-004/record.md,research/normalized/EXP-INT-001/decision/DEC-INT-007-look1-mde.json,after W and S of every decision in the look group are recorded on tuning (PA-03 rule 2); MDE gate section 4.12 passes,rule:home-domain>section-overlap>cluster-focus>fewest-decisions
DEC-INT-007,2,RESERVED,integrity,LG-integrity,1,EXP-INT-001,EXP-INT-004,,,,research/experiments/EXP-INT-001/record.md; research/experiments/EXP-INT-004/record.md,research/normalized/EXP-INT-001/decision/DEC-INT-007-look2-mde.json,"only after a documented change, on new validation items from new independence groups committed and fingerprinted before use (section 5.2); otherwise labelled tuning",rule:home-domain>section-overlap>cluster-focus>fewest-decisions
DEC-INT-008,1,PLANNED,integrity,LG-integrity,1,EXP-INT-013,EXP-CODEC-005; EXP-CODEC-007,,EXP-CONF-004; EXP-CONF-009; EXP-INT-013,crafted canonicality: EXP-INT-013; decoder resource profiles: EXP-CODEC-005; decoder resource profiles: EXP-CODEC-007,research/experiments/EXP-INT-013/record.md; research/experiments/EXP-CODEC-005/record.md; research/experiments/EXP-CODEC-007/record.md,research/normalized/EXP-INT-013/decision/DEC-INT-008-look1-mde.json,after W and S of every decision in the look group are recorded on tuning (PA-03 rule 2); MDE gate section 4.12 passes,override:integrity C13
DEC-INT-008,2,RESERVED,integrity,LG-integrity,1,EXP-INT-013,EXP-CODEC-005; EXP-CODEC-007,,EXP-CONF-004; EXP-CONF-009; EXP-INT-013,crafted canonicality: EXP-INT-013; decoder resource profiles: EXP-CODEC-005; decoder resource profiles: EXP-CODEC-007,research/experiments/EXP-INT-013/record.md; research/experiments/EXP-CODEC-005/record.md; research/experiments/EXP-CODEC-007/record.md,research/normalized/EXP-INT-013/decision/DEC-INT-008-look2-mde.json,"only after a documented change, on new validation items from new independence groups committed and fingerprinted before use (section 5.2); otherwise labelled tuning",override:integrity C13
DEC-INT-010,1,PLANNED,integrity,LG-integrity,1,EXP-INT-016,EXP-CRYPTO-008; EXP-CRYPTO-010; EXP-REMOTE-010,,,tamper corpora against partial-read states: EXP-INT-016,research/experiments/EXP-INT-016/record.md; research/experiments/EXP-CRYPTO-008/record.md; research/experiments/EXP-CRYPTO-010/record.md; research/experiments/EXP-REMOTE-010/record.md,research/normalized/EXP-INT-016/decision/DEC-INT-010-look1-mde.json,after W and S of every decision in the look group are recorded on tuning (PA-03 rule 2); MDE gate section 4.12 passes,override:integrity C13
DEC-INT-010,2,RESERVED,integrity,LG-integrity,1,EXP-INT-016,EXP-CRYPTO-008; EXP-CRYPTO-010; EXP-REMOTE-010,,,tamper corpora against partial-read states: EXP-INT-016,research/experiments/EXP-INT-016/record.md; research/experiments/EXP-CRYPTO-008/record.md; research/experiments/EXP-CRYPTO-010/record.md; research/experiments/EXP-REMOTE-010/record.md,research/normalized/EXP-INT-016/decision/DEC-INT-010-look2-mde.json,"only after a documented change, on new validation items from new independence groups committed and fingerprinted before use (section 5.2); otherwise labelled tuning",override:integrity C13
DEC-INT-011,1,PLANNED,integrity,LG-integrity,1,EXP-INT-009,EXP-ECO-007,,,,research/experiments/EXP-INT-009/record.md; research/experiments/EXP-ECO-007/record.md,research/normalized/EXP-INT-009/decision/DEC-INT-011-look1-mde.json,after W and S of every decision in the look group are recorded on tuning (PA-03 rule 2); MDE gate section 4.12 passes,rule:home-domain>section-overlap>cluster-focus>fewest-decisions
DEC-INT-011,2,RESERVED,integrity,LG-integrity,1,EXP-INT-009,EXP-ECO-007,,,,research/experiments/EXP-INT-009/record.md; research/experiments/EXP-ECO-007/record.md,research/normalized/EXP-INT-009/decision/DEC-INT-011-look2-mde.json,"only after a documented change, on new validation items from new independence groups committed and fingerprinted before use (section 5.2); otherwise labelled tuning",rule:home-domain>section-overlap>cluster-focus>fewest-decisions
DEC-INT-012,1,PLANNED,integrity,LG-integrity,1,EXP-INT-010,,,EXP-ECO-001,,research/experiments/EXP-INT-010/record.md,research/normalized/EXP-INT-010/decision/DEC-INT-012-look1-mde.json,after W and S of every decision in the look group are recorded on tuning (PA-03 rule 2); MDE gate section 4.12 passes,rule:home-domain>section-overlap>cluster-focus>fewest-decisions
DEC-INT-012,2,RESERVED,integrity,LG-integrity,1,EXP-INT-010,,,EXP-ECO-001,,research/experiments/EXP-INT-010/record.md,research/normalized/EXP-INT-010/decision/DEC-INT-012-look2-mde.json,"only after a documented change, on new validation items from new independence groups committed and fingerprinted before use (section 5.2); otherwise labelled tuning",rule:home-domain>section-overlap>cluster-focus>fewest-decisions
DEC-INT-013,1,PLANNED,integrity,LG-integrity,1,EXP-INT-008,,,,,research/experiments/EXP-INT-008/record.md,research/normalized/EXP-INT-008/decision/DEC-INT-013-look1-mde.json,after W and S of every decision in the look group are recorded on tuning (PA-03 rule 2); MDE gate section 4.12 passes,rule:home-domain>section-overlap>cluster-focus>fewest-decisions
DEC-INT-013,2,RESERVED,integrity,LG-integrity,1,EXP-INT-008,,,,,research/experiments/EXP-INT-008/record.md,research/normalized/EXP-INT-008/decision/DEC-INT-013-look2-mde.json,"only after a documented change, on new validation items from new independence groups committed and fingerprinted before use (section 5.2); otherwise labelled tuning",rule:home-domain>section-overlap>cluster-focus>fewest-decisions
DEC-INT-014,1,PLANNED,integrity,LG-integrity,1,EXP-INT-008,,,,,research/experiments/EXP-INT-008/record.md,research/normalized/EXP-INT-008/decision/DEC-INT-014-look1-mde.json,after W and S of every decision in the look group are recorded on tuning (PA-03 rule 2); MDE gate section 4.12 passes,rule:home-domain>section-overlap>cluster-focus>fewest-decisions
DEC-INT-014,2,RESERVED,integrity,LG-integrity,1,EXP-INT-008,,,,,research/experiments/EXP-INT-008/record.md,research/normalized/EXP-INT-008/decision/DEC-INT-014-look2-mde.json,"only after a documented change, on new validation items from new independence groups committed and fingerprinted before use (section 5.2); otherwise labelled tuning",rule:home-domain>section-overlap>cluster-focus>fewest-decisions
DEC-INT-015,1,PLANNED,integrity,LG-integrity,1,EXP-INT-010,EXP-INT-012,,,,research/experiments/EXP-INT-010/record.md; research/experiments/EXP-INT-012/record.md,research/normalized/EXP-INT-010/decision/DEC-INT-015-look1-mde.json,after W and S of every decision in the look group are recorded on tuning (PA-03 rule 2); MDE gate section 4.12 passes,rule:home-domain>section-overlap>cluster-focus>fewest-decisions
DEC-INT-015,2,RESERVED,integrity,LG-integrity,1,EXP-INT-010,EXP-INT-012,,,,research/experiments/EXP-INT-010/record.md; research/experiments/EXP-INT-012/record.md,research/normalized/EXP-INT-010/decision/DEC-INT-015-look2-mde.json,"only after a documented change, on new validation items from new independence groups committed and fingerprinted before use (section 5.2); otherwise labelled tuning",rule:home-domain>section-overlap>cluster-focus>fewest-decisions
DEC-INT-016,1,PLANNED,integrity,LG-integrity,1,EXP-INT-009,,,EXP-INT-007,,research/experiments/EXP-INT-009/record.md,research/normalized/EXP-INT-009/decision/DEC-INT-016-look1-mde.json,after W and S of every decision in the look group are recorded on tuning (PA-03 rule 2); MDE gate section 4.12 passes,rule:home-domain>section-overlap>cluster-focus>fewest-decisions
DEC-INT-016,2,RESERVED,integrity,LG-integrity,1,EXP-INT-009,,,EXP-INT-007,,research/experiments/EXP-INT-009/record.md,research/normalized/EXP-INT-009/decision/DEC-INT-016-look2-mde.json,"only after a documented change, on new validation items from new independence groups committed and fingerprinted before use (section 5.2); otherwise labelled tuning",rule:home-domain>section-overlap>cluster-focus>fewest-decisions
DEC-INT-018,1,PLANNED,integrity,LG-integrity,1,EXP-INT-001,,,,,research/experiments/EXP-INT-001/record.md,research/normalized/EXP-INT-001/decision/DEC-INT-018-look1-mde.json,after W and S of every decision in the look group are recorded on tuning (PA-03 rule 2); MDE gate section 4.12 passes,rule:home-domain>section-overlap>cluster-focus>fewest-decisions
DEC-INT-018,2,RESERVED,integrity,LG-integrity,1,EXP-INT-001,,,,,research/experiments/EXP-INT-001/record.md,research/normalized/EXP-INT-001/decision/DEC-INT-018-look2-mde.json,"only after a documented change, on new validation items from new independence groups committed and fingerprinted before use (section 5.2); otherwise labelled tuning",rule:home-domain>section-overlap>cluster-focus>fewest-decisions
DEC-INT-019,1,PLANNED,integrity,LG-integrity,1,EXP-INT-001,,,EXP-CONF-010,header and footer binding damage detection: EXP-INT-001,research/experiments/EXP-INT-001/record.md,research/normalized/EXP-INT-001/decision/DEC-INT-019-look1-mde.json,after W and S of every decision in the look group are recorded on tuning (PA-03 rule 2); MDE gate section 4.12 passes,override:integrity C13
DEC-INT-019,2,RESERVED,integrity,LG-integrity,1,EXP-INT-001,,,EXP-CONF-010,header and footer binding damage detection: EXP-INT-001,research/experiments/EXP-INT-001/record.md,research/normalized/EXP-INT-001/decision/DEC-INT-019-look2-mde.json,"only after a documented change, on new validation items from new independence groups committed and fingerprinted before use (section 5.2); otherwise labelled tuning",override:integrity C13
DEC-INT-020,1,PLANNED,integrity,LG-integrity,1,EXP-INT-003,EXP-CONF-002; EXP-INT-001,,EXP-CONF-003; EXP-CONF-004,MVT-15(a) oracle matrix: EXP-INT-003,research/experiments/EXP-INT-003/record.md; research/experiments/EXP-CONF-002/record.md; research/experiments/EXP-INT-001/record.md,research/normalized/EXP-INT-003/decision/DEC-INT-020-look1-mde.json,after W and S of every decision in the look group are recorded on tuning (PA-03 rule 2); MDE gate section 4.12 passes,override:integrity C13
DEC-INT-020,2,RESERVED,integrity,LG-integrity,1,EXP-INT-003,EXP-CONF-002; EXP-INT-001,,EXP-CONF-003; EXP-CONF-004,MVT-15(a) oracle matrix: EXP-INT-003,research/experiments/EXP-INT-003/record.md; research/experiments/EXP-CONF-002/record.md; research/experiments/EXP-INT-001/record.md,research/normalized/EXP-INT-003/decision/DEC-INT-020-look2-mde.json,"only after a documented change, on new validation items from new independence groups committed and fingerprinted before use (section 5.2); otherwise labelled tuning",override:integrity C13
DEC-INT-021,1,PLANNED,integrity,LG-integrity,1,EXP-INT-003,EXP-CRYPTO-010; EXP-ECO-015; EXP-ECO-016,,EXP-CRYPTO-022; EXP-ECO-013,MVT-15(a) oracle matrix: EXP-INT-003,research/experiments/EXP-INT-003/record.md; research/experiments/EXP-CRYPTO-010/record.md; research/experiments/EXP-ECO-015/record.md; research/experiments/EXP-ECO-016/record.md,research/normalized/EXP-INT-003/decision/DEC-INT-021-look1-mde.json,after W and S of every decision in the look group are recorded on tuning (PA-03 rule 2); MDE gate section 4.12 passes,override:integrity C13
DEC-INT-021,2,RESERVED,integrity,LG-integrity,1,EXP-INT-003,EXP-CRYPTO-010; EXP-ECO-015; EXP-ECO-016,,EXP-CRYPTO-022; EXP-ECO-013,MVT-15(a) oracle matrix: EXP-INT-003,research/experiments/EXP-INT-003/record.md; research/experiments/EXP-CRYPTO-010/record.md; research/experiments/EXP-ECO-015/record.md; research/experiments/EXP-ECO-016/record.md,research/normalized/EXP-INT-003/decision/DEC-INT-021-look2-mde.json,"only after a documented change, on new validation items from new independence groups committed and fingerprinted before use (section 5.2); otherwise labelled tuning",override:integrity C13
DEC-INT-022,1,PLANNED,integrity,LG-integrity,2,EXP-LEGACY-010,,,EXP-INT-013; EXP-LEGACY-001; EXP-LEGACY-004,,research/experiments/EXP-LEGACY-010/record.md,research/normalized/EXP-LEGACY-010/decision/DEC-INT-022-look1-mde.json,after W and S of every decision in the look group are recorded on tuning (PA-03 rule 2); MDE gate section 4.12 passes,rule:home-domain>section-overlap>cluster-focus>fewest-decisions
DEC-INT-022,2,RESERVED,integrity,LG-integrity,2,EXP-LEGACY-010,,,EXP-INT-013; EXP-LEGACY-001; EXP-LEGACY-004,,research/experiments/EXP-LEGACY-010/record.md,research/normalized/EXP-LEGACY-010/decision/DEC-INT-022-look2-mde.json,"only after a documented change, on new validation items from new independence groups committed and fingerprinted before use (section 5.2); otherwise labelled tuning",rule:home-domain>section-overlap>cluster-focus>fewest-decisions
DEC-INT-023,1,PLANNED,integrity,LG-integrity,1,EXP-INT-017,,,EXP-LEGACY-034,,research/experiments/EXP-INT-017/record.md,research/normalized/EXP-INT-017/decision/DEC-INT-023-look1-mde.json,after W and S of every decision in the look group are recorded on tuning (PA-03 rule 2); MDE gate section 4.12 passes,rule:home-domain>section-overlap>cluster-focus>fewest-decisions
DEC-INT-023,2,RESERVED,integrity,LG-integrity,1,EXP-INT-017,,,EXP-LEGACY-034,,research/experiments/EXP-INT-017/record.md,research/normalized/EXP-INT-017/decision/DEC-INT-023-look2-mde.json,"only after a documented change, on new validation items from new independence groups committed and fingerprinted before use (section 5.2); otherwise labelled tuning",rule:home-domain>section-overlap>cluster-focus>fewest-decisions
DEC-INT-024,1,PLANNED,integrity,LG-integrity,1,EXP-INT-015,EXP-CON-003,,EXP-CONF-012; EXP-INT-015,counterexample search and exact proof-cost model: EXP-INT-015,research/experiments/EXP-INT-015/record.md; research/experiments/EXP-CON-003/record.md,research/normalized/EXP-INT-015/decision/DEC-INT-024-look1-mde.json,after W and S of every decision in the look group are recorded on tuning (PA-03 rule 2); MDE gate section 4.12 passes,override:integrity C13
DEC-INT-024,2,RESERVED,integrity,LG-integrity,1,EXP-INT-015,EXP-CON-003,,EXP-CONF-012; EXP-INT-015,counterexample search and exact proof-cost model: EXP-INT-015,research/experiments/EXP-INT-015/record.md; research/experiments/EXP-CON-003/record.md,research/normalized/EXP-INT-015/decision/DEC-INT-024-look2-mde.json,"only after a documented change, on new validation items from new independence groups committed and fingerprinted before use (section 5.2); otherwise labelled tuning",override:integrity C13
DEC-INT-025,1,PLANNED,integrity,LG-integrity,2,EXP-CON-003,,,,,research/experiments/EXP-CON-003/record.md,research/normalized/EXP-CON-003/decision/DEC-INT-025-look1-mde.json,after W and S of every decision in the look group are recorded on tuning (PA-03 rule 2); MDE gate section 4.12 passes,rule:home-domain>section-overlap>cluster-focus>fewest-decisions
DEC-INT-025,2,RESERVED,integrity,LG-integrity,2,EXP-CON-003,,,,,research/experiments/EXP-CON-003/record.md,research/normalized/EXP-CON-003/decision/DEC-INT-025-look2-mde.json,"only after a documented change, on new validation items from new independence groups committed and fingerprinted before use (section 5.2); otherwise labelled tuning",rule:home-domain>section-overlap>cluster-focus>fewest-decisions
DEC-INT-026,1,PLANNED,integrity,LG-integrity,1,EXP-INT-008,,,,,research/experiments/EXP-INT-008/record.md,research/normalized/EXP-INT-008/decision/DEC-INT-026-look1-mde.json,after W and S of every decision in the look group are recorded on tuning (PA-03 rule 2); MDE gate section 4.12 passes,rule:home-domain>section-overlap>cluster-focus>fewest-decisions
DEC-INT-026,2,RESERVED,integrity,LG-integrity,1,EXP-INT-008,,,,,research/experiments/EXP-INT-008/record.md,research/normalized/EXP-INT-008/decision/DEC-INT-026-look2-mde.json,"only after a documented change, on new validation items from new independence groups committed and fingerprinted before use (section 5.2); otherwise labelled tuning",rule:home-domain>section-overlap>cluster-focus>fewest-decisions
DEC-INT-027,1,PLANNED,integrity,LG-integrity,1,EXP-INT-010,,,,,research/experiments/EXP-INT-010/record.md,research/normalized/EXP-INT-010/decision/DEC-INT-027-look1-mde.json,after W and S of every decision in the look group are recorded on tuning (PA-03 rule 2); MDE gate section 4.12 passes,rule:home-domain>section-overlap>cluster-focus>fewest-decisions
DEC-INT-027,2,RESERVED,integrity,LG-integrity,1,EXP-INT-010,,,,,research/experiments/EXP-INT-010/record.md,research/normalized/EXP-INT-010/decision/DEC-INT-027-look2-mde.json,"only after a documented change, on new validation items from new independence groups committed and fingerprinted before use (section 5.2); otherwise labelled tuning",rule:home-domain>section-overlap>cluster-focus>fewest-decisions
DEC-INT-028,1,PLANNED,integrity,LG-integrity,1,EXP-INT-004,EXP-ECO-007; EXP-ECO-008; EXP-INT-009,,,,research/experiments/EXP-INT-004/record.md; research/experiments/EXP-ECO-007/record.md; research/experiments/EXP-ECO-008/record.md; research/experiments/EXP-INT-009/record.md,research/normalized/EXP-INT-004/decision/DEC-INT-028-look1-mde.json,after W and S of every decision in the look group are recorded on tuning (PA-03 rule 2); MDE gate section 4.12 passes,rule:home-domain>section-overlap>cluster-focus>fewest-decisions
DEC-INT-028,2,RESERVED,integrity,LG-integrity,1,EXP-INT-004,EXP-ECO-007; EXP-ECO-008; EXP-INT-009,,,,research/experiments/EXP-INT-004/record.md; research/experiments/EXP-ECO-007/record.md; research/experiments/EXP-ECO-008/record.md; research/experiments/EXP-INT-009/record.md,research/normalized/EXP-INT-004/decision/DEC-INT-028-look2-mde.json,"only after a documented change, on new validation items from new independence groups committed and fingerprinted before use (section 5.2); otherwise labelled tuning",rule:home-domain>section-overlap>cluster-focus>fewest-decisions
DEC-INT-029,1,PLANNED,integrity,LG-integrity,1,EXP-INT-015,EXP-CON-003; EXP-REMOTE-007,,EXP-INT-015,counterexample search and exact proof-cost model: EXP-INT-015; emulated-network cost: EXP-REMOTE-007,research/experiments/EXP-INT-015/record.md; research/experiments/EXP-CON-003/record.md; research/experiments/EXP-REMOTE-007/record.md,research/normalized/EXP-INT-015/decision/DEC-INT-029-look1-mde.json,after W and S of every decision in the look group are recorded on tuning (PA-03 rule 2); MDE gate section 4.12 passes,override:integrity C13
DEC-INT-029,2,RESERVED,integrity,LG-integrity,1,EXP-INT-015,EXP-CON-003; EXP-REMOTE-007,,EXP-INT-015,counterexample search and exact proof-cost model: EXP-INT-015; emulated-network cost: EXP-REMOTE-007,research/experiments/EXP-INT-015/record.md; research/experiments/EXP-CON-003/record.md; research/experiments/EXP-REMOTE-007/record.md,research/normalized/EXP-INT-015/decision/DEC-INT-029-look2-mde.json,"only after a documented change, on new validation items from new independence groups committed and fingerprinted before use (section 5.2); otherwise labelled tuning",override:integrity C13
DEC-INT-030,1,PLANNED,integrity,LG-integrity,1,EXP-INT-014,EXP-RECON-008; EXP-RECON-010; EXP-RECON-011,,EXP-CONF-001; EXP-INT-014,fault-injection detection and independent-decoder differentials: EXP-INT-014,research/experiments/EXP-INT-014/record.md; research/experiments/EXP-RECON-008/record.md; research/experiments/EXP-RECON-010/record.md; research/experiments/EXP-RECON-011/record.md,research/normalized/EXP-INT-014/decision/DEC-INT-030-look1-mde.json,after W and S of every decision in the look group are recorded on tuning (PA-03 rule 2); MDE gate section 4.12 passes,override:integrity C13
DEC-INT-030,2,RESERVED,integrity,LG-integrity,1,EXP-INT-014,EXP-RECON-008; EXP-RECON-010; EXP-RECON-011,,EXP-CONF-001; EXP-INT-014,fault-injection detection and independent-decoder differentials: EXP-INT-014,research/experiments/EXP-INT-014/record.md; research/experiments/EXP-RECON-008/record.md; research/experiments/EXP-RECON-010/record.md; research/experiments/EXP-RECON-011/record.md,research/normalized/EXP-INT-014/decision/DEC-INT-030-look2-mde.json,"only after a documented change, on new validation items from new independence groups committed and fingerprinted before use (section 5.2); otherwise labelled tuning",override:integrity C13
DEC-INT-031,1,PLANNED,integrity,LG-integrity,1,EXP-INT-012,EXP-INT-005; EXP-INT-010,,,,research/experiments/EXP-INT-012/record.md; research/experiments/EXP-INT-005/record.md; research/experiments/EXP-INT-010/record.md,research/normalized/EXP-INT-012/decision/DEC-INT-031-look1-mde.json,after W and S of every decision in the look group are recorded on tuning (PA-03 rule 2); MDE gate section 4.12 passes,rule:home-domain>section-overlap>cluster-focus>fewest-decisions
DEC-INT-031,2,RESERVED,integrity,LG-integrity,1,EXP-INT-012,EXP-INT-005; EXP-INT-010,,,,research/experiments/EXP-INT-012/record.md; research/experiments/EXP-INT-005/record.md; research/experiments/EXP-INT-010/record.md,research/normalized/EXP-INT-012/decision/DEC-INT-031-look2-mde.json,"only after a documented change, on new validation items from new independence groups committed and fingerprinted before use (section 5.2); otherwise labelled tuning",rule:home-domain>section-overlap>cluster-focus>fewest-decisions
DEC-INT-032,1,PLANNED,integrity,LG-integrity,1,EXP-CRYPTO-014,,,EXP-INT-007,,research/experiments/EXP-CRYPTO-014/record.md,research/normalized/EXP-CRYPTO-014/decision/DEC-INT-032-look1-mde.json,after W and S of every decision in the look group are recorded on tuning (PA-03 rule 2); MDE gate section 4.12 passes,rule:home-domain>section-overlap>cluster-focus>fewest-decisions
DEC-INT-032,2,RESERVED,integrity,LG-integrity,1,EXP-CRYPTO-014,,,EXP-INT-007,,research/experiments/EXP-CRYPTO-014/record.md,research/normalized/EXP-CRYPTO-014/decision/DEC-INT-032-look2-mde.json,"only after a documented change, on new validation items from new independence groups committed and fingerprinted before use (section 5.2); otherwise labelled tuning",rule:home-domain>section-overlap>cluster-focus>fewest-decisions
DEC-INT-033,1,PLANNED,integrity,LG-integrity,1,EXP-INT-016,EXP-CRYPTO-010,,,encrypted salvage: EXP-INT-016,research/experiments/EXP-INT-016/record.md; research/experiments/EXP-CRYPTO-010/record.md,research/normalized/EXP-INT-016/decision/DEC-INT-033-look1-mde.json,after W and S of every decision in the look group are recorded on tuning (PA-03 rule 2); MDE gate section 4.12 passes,override:integrity C13
DEC-INT-033,2,RESERVED,integrity,LG-integrity,1,EXP-INT-016,EXP-CRYPTO-010,,,encrypted salvage: EXP-INT-016,research/experiments/EXP-INT-016/record.md; research/experiments/EXP-CRYPTO-010/record.md,research/normalized/EXP-INT-016/decision/DEC-INT-033-look2-mde.json,"only after a documented change, on new validation items from new independence groups committed and fingerprinted before use (section 5.2); otherwise labelled tuning",override:integrity C13
DEC-INT-034,1,PLANNED,integrity,LG-integrity,1,EXP-INT-012,EXP-PLAT-012,,,,research/experiments/EXP-INT-012/record.md; research/experiments/EXP-PLAT-012/record.md,research/normalized/EXP-INT-012/decision/DEC-INT-034-look1-mde.json,after W and S of every decision in the look group are recorded on tuning (PA-03 rule 2); MDE gate section 4.12 passes,rule:home-domain>section-overlap>cluster-focus>fewest-decisions
DEC-INT-034,2,RESERVED,integrity,LG-integrity,1,EXP-INT-012,EXP-PLAT-012,,,,research/experiments/EXP-INT-012/record.md; research/experiments/EXP-PLAT-012/record.md,research/normalized/EXP-INT-012/decision/DEC-INT-034-look2-mde.json,"only after a documented change, on new validation items from new independence groups committed and fingerprinted before use (section 5.2); otherwise labelled tuning",rule:home-domain>section-overlap>cluster-focus>fewest-decisions
DEC-INT-035,1,PLANNED,integrity,LG-integrity,1,EXP-INT-012,,,,recovery measurements: EXP-INT-012,research/experiments/EXP-INT-012/record.md,research/normalized/EXP-INT-012/decision/DEC-INT-035-look1-mde.json,after W and S of every decision in the look group are recorded on tuning (PA-03 rule 2); MDE gate section 4.12 passes,override:integrity C13
DEC-INT-035,2,RESERVED,integrity,LG-integrity,1,EXP-INT-012,,,,recovery measurements: EXP-INT-012,research/experiments/EXP-INT-012/record.md,research/normalized/EXP-INT-012/decision/DEC-INT-035-look2-mde.json,"only after a documented change, on new validation items from new independence groups committed and fingerprinted before use (section 5.2); otherwise labelled tuning",override:integrity C13
DEC-INT-036,1,PLANNED,integrity,LG-integrity,1,EXP-INT-008,EXP-ECO-006,,,,research/experiments/EXP-INT-008/record.md; research/experiments/EXP-ECO-006/record.md,research/normalized/EXP-INT-008/decision/DEC-INT-036-look1-mde.json,after W and S of every decision in the look group are recorded on tuning (PA-03 rule 2); MDE gate section 4.12 passes,rule:home-domain>section-overlap>cluster-focus>fewest-decisions
DEC-INT-036,2,RESERVED,integrity,LG-integrity,1,EXP-INT-008,EXP-ECO-006,,,,research/experiments/EXP-INT-008/record.md; research/experiments/EXP-ECO-006/record.md,research/normalized/EXP-INT-008/decision/DEC-INT-036-look2-mde.json,"only after a documented change, on new validation items from new independence groups committed and fingerprinted before use (section 5.2); otherwise labelled tuning",rule:home-domain>section-overlap>cluster-focus>fewest-decisions
DEC-INT-037,1,PLANNED,integrity,LG-integrity,1,EXP-INT-008,EXP-ECO-006,,EXP-CONF-003; EXP-INT-007,,research/experiments/EXP-INT-008/record.md; research/experiments/EXP-ECO-006/record.md,research/normalized/EXP-INT-008/decision/DEC-INT-037-look1-mde.json,after W and S of every decision in the look group are recorded on tuning (PA-03 rule 2); MDE gate section 4.12 passes,rule:home-domain>section-overlap>cluster-focus>fewest-decisions
DEC-INT-037,2,RESERVED,integrity,LG-integrity,1,EXP-INT-008,EXP-ECO-006,,EXP-CONF-003; EXP-INT-007,,research/experiments/EXP-INT-008/record.md; research/experiments/EXP-ECO-006/record.md,research/normalized/EXP-INT-008/decision/DEC-INT-037-look2-mde.json,"only after a documented change, on new validation items from new independence groups committed and fingerprinted before use (section 5.2); otherwise labelled tuning",rule:home-domain>section-overlap>cluster-focus>fewest-decisions
DEC-INT-038,1,PLANNED,integrity,LG-integrity,1,EXP-INT-003,EXP-CRYPTO-014,,,MVT-15(a) oracle matrix: EXP-INT-003,research/experiments/EXP-INT-003/record.md; research/experiments/EXP-CRYPTO-014/record.md,research/normalized/EXP-INT-003/decision/DEC-INT-038-look1-mde.json,after W and S of every decision in the look group are recorded on tuning (PA-03 rule 2); MDE gate section 4.12 passes,override:integrity C13
DEC-INT-038,2,RESERVED,integrity,LG-integrity,1,EXP-INT-003,EXP-CRYPTO-014,,,MVT-15(a) oracle matrix: EXP-INT-003,research/experiments/EXP-INT-003/record.md; research/experiments/EXP-CRYPTO-014/record.md,research/normalized/EXP-INT-003/decision/DEC-INT-038-look2-mde.json,"only after a documented change, on new validation items from new independence groups committed and fingerprinted before use (section 5.2); otherwise labelled tuning",override:integrity C13
DEC-INT-039,1,PLANNED,integrity,LG-integrity,1,EXP-INT-006,EXP-INT-005; EXP-PLAT-017; EXP-SCALE-004; EXP-SCALE-008,,,failure cleanup and staging behaviour: EXP-INT-006; memory and staging growth beyond RAM: EXP-SCALE-004; memory and staging growth beyond RAM: EXP-SCALE-008,research/experiments/EXP-INT-006/record.md; research/experiments/EXP-INT-005/record.md; research/experiments/EXP-PLAT-017/record.md; research/experiments/EXP-SCALE-004/record.md; research/experiments/EXP-SCALE-008/record.md,research/normalized/EXP-INT-006/decision/DEC-INT-039-look1-mde.json,after W and S of every decision in the look group are recorded on tuning (PA-03 rule 2); MDE gate section 4.12 passes,override:integrity C13
DEC-INT-039,2,RESERVED,integrity,LG-integrity,1,EXP-INT-006,EXP-INT-005; EXP-PLAT-017; EXP-SCALE-004; EXP-SCALE-008,,,failure cleanup and staging behaviour: EXP-INT-006; memory and staging growth beyond RAM: EXP-SCALE-004; memory and staging growth beyond RAM: EXP-SCALE-008,research/experiments/EXP-INT-006/record.md; research/experiments/EXP-INT-005/record.md; research/experiments/EXP-PLAT-017/record.md; research/experiments/EXP-SCALE-004/record.md; research/experiments/EXP-SCALE-008/record.md,research/normalized/EXP-INT-006/decision/DEC-INT-039-look2-mde.json,"only after a documented change, on new validation items from new independence groups committed and fingerprinted before use (section 5.2); otherwise labelled tuning",override:integrity C13
DEC-INT-040,1,PLANNED,integrity,LG-integrity,1,EXP-INT-002,EXP-CONF-002,,EXP-CONF-004; EXP-CONF-010,cut campaigns and intact-prefix mechanisms: EXP-INT-002,research/experiments/EXP-INT-002/record.md; research/experiments/EXP-CONF-002/record.md,research/normalized/EXP-INT-002/decision/DEC-INT-040-look1-mde.json,after W and S of every decision in the look group are recorded on tuning (PA-03 rule 2); MDE gate section 4.12 passes,override:integrity C13
DEC-INT-040,2,RESERVED,integrity,LG-integrity,1,EXP-INT-002,EXP-CONF-002,,EXP-CONF-004; EXP-CONF-010,cut campaigns and intact-prefix mechanisms: EXP-INT-002,research/experiments/EXP-INT-002/record.md; research/experiments/EXP-CONF-002/record.md,research/normalized/EXP-INT-002/decision/DEC-INT-040-look2-mde.json,"only after a documented change, on new validation items from new independence groups committed and fingerprinted before use (section 5.2); otherwise labelled tuning",override:integrity C13
DEC-INT-041,1,PLANNED,integrity,LG-integrity,1,EXP-INT-002,EXP-INT-012,,,,research/experiments/EXP-INT-002/record.md; research/experiments/EXP-INT-012/record.md,research/normalized/EXP-INT-002/decision/DEC-INT-041-look1-mde.json,after W and S of every decision in the look group are recorded on tuning (PA-03 rule 2); MDE gate section 4.12 passes,rule:home-domain>section-overlap>cluster-focus>fewest-decisions
DEC-INT-041,2,RESERVED,integrity,LG-integrity,1,EXP-INT-002,EXP-INT-012,,,,research/experiments/EXP-INT-002/record.md; research/experiments/EXP-INT-012/record.md,research/normalized/EXP-INT-002/decision/DEC-INT-041-look2-mde.json,"only after a documented change, on new validation items from new independence groups committed and fingerprinted before use (section 5.2); otherwise labelled tuning",rule:home-domain>section-overlap>cluster-focus>fewest-decisions
DEC-INT-042,1,PLANNED,integrity,LG-integrity,1,EXP-INT-003,EXP-CONF-002,,EXP-CONF-001; EXP-CONF-004; EXP-ECO-020,MVT-15(a) oracle matrix: EXP-INT-003,research/experiments/EXP-INT-003/record.md; research/experiments/EXP-CONF-002/record.md,research/normalized/EXP-INT-003/decision/DEC-INT-042-look1-mde.json,after W and S of every decision in the look group are recorded on tuning (PA-03 rule 2); MDE gate section 4.12 passes,override:integrity C13
DEC-INT-042,2,RESERVED,integrity,LG-integrity,1,EXP-INT-003,EXP-CONF-002,,EXP-CONF-001; EXP-CONF-004; EXP-ECO-020,MVT-15(a) oracle matrix: EXP-INT-003,research/experiments/EXP-INT-003/record.md; research/experiments/EXP-CONF-002/record.md,research/normalized/EXP-INT-003/decision/DEC-INT-042-look2-mde.json,"only after a documented change, on new validation items from new independence groups committed and fingerprinted before use (section 5.2); otherwise labelled tuning",override:integrity C13
DEC-INT-043,1,PLANNED,integrity,LG-integrity,1,EXP-INT-004,EXP-SCALE-001; EXP-SCALE-008,,EXP-ECO-018,detection coverage per verification level: EXP-INT-004; memory and staging growth beyond RAM: EXP-SCALE-001; memory and staging growth beyond RAM: EXP-SCALE-008,research/experiments/EXP-INT-004/record.md; research/experiments/EXP-SCALE-001/record.md; research/experiments/EXP-SCALE-008/record.md,research/normalized/EXP-INT-004/decision/DEC-INT-043-look1-mde.json,after W and S of every decision in the look group are recorded on tuning (PA-03 rule 2); MDE gate section 4.12 passes,override:integrity C13
DEC-INT-043,2,RESERVED,integrity,LG-integrity,1,EXP-INT-004,EXP-SCALE-001; EXP-SCALE-008,,EXP-ECO-018,detection coverage per verification level: EXP-INT-004; memory and staging growth beyond RAM: EXP-SCALE-001; memory and staging growth beyond RAM: EXP-SCALE-008,research/experiments/EXP-INT-004/record.md; research/experiments/EXP-SCALE-001/record.md; research/experiments/EXP-SCALE-008/record.md,research/normalized/EXP-INT-004/decision/DEC-INT-043-look2-mde.json,"only after a documented change, on new validation items from new independence groups committed and fingerprinted before use (section 5.2); otherwise labelled tuning",override:integrity C13
DEC-INT-044,1,PLANNED,integrity,LG-integrity,1,EXP-INT-003,EXP-REMOTE-010,,,MVT-15(a) oracle matrix: EXP-INT-003; remote byte and request cost at scale: EXP-REMOTE-010,research/experiments/EXP-INT-003/record.md; research/experiments/EXP-REMOTE-010/record.md,research/normalized/EXP-INT-003/decision/DEC-INT-044-look1-mde.json,after W and S of every decision in the look group are recorded on tuning (PA-03 rule 2); MDE gate section 4.12 passes,override:integrity C13
DEC-INT-044,2,RESERVED,integrity,LG-integrity,1,EXP-INT-003,EXP-REMOTE-010,,,MVT-15(a) oracle matrix: EXP-INT-003; remote byte and request cost at scale: EXP-REMOTE-010,research/experiments/EXP-INT-003/record.md; research/experiments/EXP-REMOTE-010/record.md,research/normalized/EXP-INT-003/decision/DEC-INT-044-look2-mde.json,"only after a documented change, on new validation items from new independence groups committed and fingerprinted before use (section 5.2); otherwise labelled tuning",override:integrity C13
DEC-INT-045,1,PLANNED,integrity,LG-integrity,1,EXP-INT-017,EXP-ECO-007; EXP-ECO-008; EXP-INT-008,,,,research/experiments/EXP-INT-017/record.md; research/experiments/EXP-ECO-007/record.md; research/experiments/EXP-ECO-008/record.md; research/experiments/EXP-INT-008/record.md,research/normalized/EXP-INT-017/decision/DEC-INT-045-look1-mde.json,after W and S of every decision in the look group are recorded on tuning (PA-03 rule 2); MDE gate section 4.12 passes,rule:home-domain>section-overlap>cluster-focus>fewest-decisions
DEC-INT-045,2,RESERVED,integrity,LG-integrity,1,EXP-INT-017,EXP-ECO-007; EXP-ECO-008; EXP-INT-008,,,,research/experiments/EXP-INT-017/record.md; research/experiments/EXP-ECO-007/record.md; research/experiments/EXP-ECO-008/record.md; research/experiments/EXP-INT-008/record.md,research/normalized/EXP-INT-017/decision/DEC-INT-045-look2-mde.json,"only after a documented change, on new validation items from new independence groups committed and fingerprinted before use (section 5.2); otherwise labelled tuning",rule:home-domain>section-overlap>cluster-focus>fewest-decisions
DEC-INT-046,1,PLANNED,integrity,LG-integrity,1,EXP-INT-009,,,EXP-SCALE-005,identity and binding staleness: EXP-INT-009,research/experiments/EXP-INT-009/record.md,research/normalized/EXP-INT-009/decision/DEC-INT-046-look1-mde.json,after W and S of every decision in the look group are recorded on tuning (PA-03 rule 2); MDE gate section 4.12 passes,override:integrity C13
DEC-INT-046,2,RESERVED,integrity,LG-integrity,1,EXP-INT-009,,,EXP-SCALE-005,identity and binding staleness: EXP-INT-009,research/experiments/EXP-INT-009/record.md,research/normalized/EXP-INT-009/decision/DEC-INT-046-look2-mde.json,"only after a documented change, on new validation items from new independence groups committed and fingerprinted before use (section 5.2); otherwise labelled tuning",override:integrity C13
DEC-INT-047,1,PLANNED,integrity,LG-integrity,1,EXP-INT-005,,,,,research/experiments/EXP-INT-005/record.md,research/normalized/EXP-INT-005/decision/DEC-INT-047-look1-mde.json,after W and S of every decision in the look group are recorded on tuning (PA-03 rule 2); MDE gate section 4.12 passes,rule:home-domain>section-overlap>cluster-focus>fewest-decisions
DEC-INT-047,2,RESERVED,integrity,LG-integrity,1,EXP-INT-005,,,,,research/experiments/EXP-INT-005/record.md,research/normalized/EXP-INT-005/decision/DEC-INT-047-look2-mde.json,"only after a documented change, on new validation items from new independence groups committed and fingerprinted before use (section 5.2); otherwise labelled tuning",rule:home-domain>section-overlap>cluster-focus>fewest-decisions
DEC-LEG-001,1,PLANNED,legacy,LG-legacy,1,EXP-CONF-011,,,EXP-LEGACY-001; EXP-LEGACY-002; EXP-LEGACY-005,,research/experiments/EXP-CONF-011/record.md,research/normalized/EXP-CONF-011/decision/DEC-LEG-001-look1-mde.json,after W and S of every decision in the look group are recorded on tuning (PA-03 rule 2); MDE gate section 4.12 passes,rule:home-domain>section-overlap>cluster-focus>fewest-decisions
DEC-LEG-001,2,RESERVED,legacy,LG-legacy,1,EXP-CONF-011,,,EXP-LEGACY-001; EXP-LEGACY-002; EXP-LEGACY-005,,research/experiments/EXP-CONF-011/record.md,research/normalized/EXP-CONF-011/decision/DEC-LEG-001-look2-mde.json,"only after a documented change, on new validation items from new independence groups committed and fingerprinted before use (section 5.2); otherwise labelled tuning",rule:home-domain>section-overlap>cluster-focus>fewest-decisions
DEC-LEG-002,1,PLANNED,legacy,LG-legacy,2,EXP-LEGACY-040,EXP-SCALE-009,,EXP-SCALE-002,,research/experiments/EXP-LEGACY-040/record.md; research/experiments/EXP-SCALE-009/record.md,research/normalized/EXP-LEGACY-040/decision/DEC-LEG-002-look1-mde.json,after W and S of every decision in the look group are recorded on tuning (PA-03 rule 2); MDE gate section 4.12 passes,rule:home-domain>section-overlap>cluster-focus>fewest-decisions
DEC-LEG-002,2,RESERVED,legacy,LG-legacy,2,EXP-LEGACY-040,EXP-SCALE-009,,EXP-SCALE-002,,research/experiments/EXP-LEGACY-040/record.md; research/experiments/EXP-SCALE-009/record.md,research/normalized/EXP-LEGACY-040/decision/DEC-LEG-002-look2-mde.json,"only after a documented change, on new validation items from new independence groups committed and fingerprinted before use (section 5.2); otherwise labelled tuning",rule:home-domain>section-overlap>cluster-focus>fewest-decisions
DEC-LEG-003,1,PLANNED,legacy,LG-legacy,2,EXP-LEGACY-040,EXP-ECO-006,,EXP-CONF-001; EXP-LEGACY-051,,research/experiments/EXP-LEGACY-040/record.md; research/experiments/EXP-ECO-006/record.md,research/normalized/EXP-LEGACY-040/decision/DEC-LEG-003-look1-mde.json,after W and S of every decision in the look group are recorded on tuning (PA-03 rule 2); MDE gate section 4.12 passes,rule:home-domain>section-overlap>cluster-focus>fewest-decisions
DEC-LEG-003,2,RESERVED,legacy,LG-legacy,2,EXP-LEGACY-040,EXP-ECO-006,,EXP-CONF-001; EXP-LEGACY-051,,research/experiments/EXP-LEGACY-040/record.md; research/experiments/EXP-ECO-006/record.md,research/normalized/EXP-LEGACY-040/decision/DEC-LEG-003-look2-mde.json,"only after a documented change, on new validation items from new independence groups committed and fingerprinted before use (section 5.2); otherwise labelled tuning",rule:home-domain>section-overlap>cluster-focus>fewest-decisions
DEC-LEG-004,1,PLANNED,legacy,LG-legacy,1,EXP-CONF-002,,,EXP-CONF-001; EXP-CONF-003; EXP-LEGACY-051,,research/experiments/EXP-CONF-002/record.md,research/normalized/EXP-CONF-002/decision/DEC-LEG-004-look1-mde.json,after W and S of every decision in the look group are recorded on tuning (PA-03 rule 2); MDE gate section 4.12 passes,rule:home-domain>section-overlap>cluster-focus>fewest-decisions
DEC-LEG-004,2,RESERVED,legacy,LG-legacy,1,EXP-CONF-002,,,EXP-CONF-001; EXP-CONF-003; EXP-LEGACY-051,,research/experiments/EXP-CONF-002/record.md,research/normalized/EXP-CONF-002/decision/DEC-LEG-004-look2-mde.json,"only after a documented change, on new validation items from new independence groups committed and fingerprinted before use (section 5.2); otherwise labelled tuning",rule:home-domain>section-overlap>cluster-focus>fewest-decisions
DEC-LEG-005,1,PLANNED,legacy,LG-legacy,2,EXP-LEGACY-010,,,EXP-LEGACY-020; EXP-LEGACY-021,,research/experiments/EXP-LEGACY-010/record.md,research/normalized/EXP-LEGACY-010/decision/DEC-LEG-005-look1-mde.json,after W and S of every decision in the look group are recorded on tuning (PA-03 rule 2); MDE gate section 4.12 passes,rule:home-domain>section-overlap>cluster-focus>fewest-decisions
DEC-LEG-005,2,RESERVED,legacy,LG-legacy,2,EXP-LEGACY-010,,,EXP-LEGACY-020; EXP-LEGACY-021,,research/experiments/EXP-LEGACY-010/record.md,research/normalized/EXP-LEGACY-010/decision/DEC-LEG-005-look2-mde.json,"only after a documented change, on new validation items from new independence groups committed and fingerprinted before use (section 5.2); otherwise labelled tuning",rule:home-domain>section-overlap>cluster-focus>fewest-decisions
DEC-LEG-006,1,PLANNED,legacy,LG-legacy,2,EXP-LEGACY-010,EXP-ECO-011,,EXP-LEGACY-070,,research/experiments/EXP-LEGACY-010/record.md; research/experiments/EXP-ECO-011/record.md,research/normalized/EXP-LEGACY-010/decision/DEC-LEG-006-look1-mde.json,after W and S of every decision in the look group are recorded on tuning (PA-03 rule 2); MDE gate section 4.12 passes,rule:home-domain>section-overlap>cluster-focus>fewest-decisions
DEC-LEG-006,2,RESERVED,legacy,LG-legacy,2,EXP-LEGACY-010,EXP-ECO-011,,EXP-LEGACY-070,,research/experiments/EXP-LEGACY-010/record.md; research/experiments/EXP-ECO-011/record.md,research/normalized/EXP-LEGACY-010/decision/DEC-LEG-006-look2-mde.json,"only after a documented change, on new validation items from new independence groups committed and fingerprinted before use (section 5.2); otherwise labelled tuning",rule:home-domain>section-overlap>cluster-focus>fewest-decisions
DEC-LEG-007,1,PLANNED,legacy,LG-legacy,2,EXP-LEGACY-041,EXP-CONF-011,,EXP-LEGACY-004,,research/experiments/EXP-LEGACY-041/record.md; research/experiments/EXP-CONF-011/record.md,research/normalized/EXP-LEGACY-041/decision/DEC-LEG-007-look1-mde.json,after W and S of every decision in the look group are recorded on tuning (PA-03 rule 2); MDE gate section 4.12 passes,rule:home-domain>section-overlap>cluster-focus>fewest-decisions
DEC-LEG-007,2,RESERVED,legacy,LG-legacy,2,EXP-LEGACY-041,EXP-CONF-011,,EXP-LEGACY-004,,research/experiments/EXP-LEGACY-041/record.md; research/experiments/EXP-CONF-011/record.md,research/normalized/EXP-LEGACY-041/decision/DEC-LEG-007-look2-mde.json,"only after a documented change, on new validation items from new independence groups committed and fingerprinted before use (section 5.2); otherwise labelled tuning",rule:home-domain>section-overlap>cluster-focus>fewest-decisions
DEC-LEG-008,1,PLANNED,legacy,LG-legacy,4,EXP-ECO-004,EXP-ECO-002,,EXP-LEGACY-031,,research/experiments/EXP-ECO-004/record.md; research/experiments/EXP-ECO-002/record.md,research/normalized/EXP-ECO-004/decision/DEC-LEG-008-look1-mde.json,after W and S of every decision in the look group are recorded on tuning (PA-03 rule 2); MDE gate section 4.12 passes,rule:home-domain>section-overlap>cluster-focus>fewest-decisions
DEC-LEG-008,2,RESERVED,legacy,LG-legacy,4,EXP-ECO-004,EXP-ECO-002,,EXP-LEGACY-031,,research/experiments/EXP-ECO-004/record.md; research/experiments/EXP-ECO-002/record.md,research/normalized/EXP-ECO-004/decision/DEC-LEG-008-look2-mde.json,"only after a documented change, on new validation items from new independence groups committed and fingerprinted before use (section 5.2); otherwise labelled tuning",rule:home-domain>section-overlap>cluster-focus>fewest-decisions
DEC-LEG-009,1,PLANNED,legacy,LG-legacy,1,EXP-INT-017,EXP-CRYPTO-019; EXP-ECO-007; EXP-ECO-008,,,reproducibility and gate mutation tests: EXP-INT-017; receipt signing and forgery analysis: EXP-CRYPTO-019,research/experiments/EXP-INT-017/record.md; research/experiments/EXP-CRYPTO-019/record.md; research/experiments/EXP-ECO-007/record.md; research/experiments/EXP-ECO-008/record.md,research/normalized/EXP-INT-017/decision/DEC-LEG-009-look1-mde.json,after W and S of every decision in the look group are recorded on tuning (PA-03 rule 2); MDE gate section 4.12 passes,override:integrity C13
DEC-LEG-009,2,RESERVED,legacy,LG-legacy,1,EXP-INT-017,EXP-CRYPTO-019; EXP-ECO-007; EXP-ECO-008,,,reproducibility and gate mutation tests: EXP-INT-017; receipt signing and forgery analysis: EXP-CRYPTO-019,research/experiments/EXP-INT-017/record.md; research/experiments/EXP-CRYPTO-019/record.md; research/experiments/EXP-ECO-007/record.md; research/experiments/EXP-ECO-008/record.md,research/normalized/EXP-INT-017/decision/DEC-LEG-009-look2-mde.json,"only after a documented change, on new validation items from new independence groups committed and fingerprinted before use (section 5.2); otherwise labelled tuning",override:integrity C13
DEC-LEG-010,1,PLANNED,legacy,LG-legacy,2,EXP-LEGACY-032,EXP-ECO-006,,EXP-LEGACY-070,,research/experiments/EXP-LEGACY-032/record.md; research/experiments/EXP-ECO-006/record.md,research/normalized/EXP-LEGACY-032/decision/DEC-LEG-010-look1-mde.json,after W and S of every decision in the look group are recorded on tuning (PA-03 rule 2); MDE gate section 4.12 passes,rule:home-domain>section-overlap>cluster-focus>fewest-decisions
DEC-LEG-010,2,RESERVED,legacy,LG-legacy,2,EXP-LEGACY-032,EXP-ECO-006,,EXP-LEGACY-070,,research/experiments/EXP-LEGACY-032/record.md; research/experiments/EXP-ECO-006/record.md,research/normalized/EXP-LEGACY-032/decision/DEC-LEG-010-look2-mde.json,"only after a documented change, on new validation items from new independence groups committed and fingerprinted before use (section 5.2); otherwise labelled tuning",rule:home-domain>section-overlap>cluster-focus>fewest-decisions
DEC-LEG-011,1,PLANNED,legacy,LG-legacy,1,EXP-CRYPTO-019,,,,,research/experiments/EXP-CRYPTO-019/record.md,research/normalized/EXP-CRYPTO-019/decision/DEC-LEG-011-look1-mde.json,after W and S of every decision in the look group are recorded on tuning (PA-03 rule 2); MDE gate section 4.12 passes,rule:home-domain>section-overlap>cluster-focus>fewest-decisions
DEC-LEG-011,2,RESERVED,legacy,LG-legacy,1,EXP-CRYPTO-019,,,,,research/experiments/EXP-CRYPTO-019/record.md,research/normalized/EXP-CRYPTO-019/decision/DEC-LEG-011-look2-mde.json,"only after a documented change, on new validation items from new independence groups committed and fingerprinted before use (section 5.2); otherwise labelled tuning",rule:home-domain>section-overlap>cluster-focus>fewest-decisions
DEC-LEG-012,1,PLANNED,legacy,LG-legacy,2,EXP-LEGACY-010,EXP-CRYPTO-019,,EXP-LEGACY-001; EXP-LEGACY-003,,research/experiments/EXP-LEGACY-010/record.md; research/experiments/EXP-CRYPTO-019/record.md,research/normalized/EXP-LEGACY-010/decision/DEC-LEG-012-look1-mde.json,after W and S of every decision in the look group are recorded on tuning (PA-03 rule 2); MDE gate section 4.12 passes,rule:home-domain>section-overlap>cluster-focus>fewest-decisions
DEC-LEG-012,2,RESERVED,legacy,LG-legacy,2,EXP-LEGACY-010,EXP-CRYPTO-019,,EXP-LEGACY-001; EXP-LEGACY-003,,research/experiments/EXP-LEGACY-010/record.md; research/experiments/EXP-CRYPTO-019/record.md,research/normalized/EXP-LEGACY-010/decision/DEC-LEG-012-look2-mde.json,"only after a documented change, on new validation items from new independence groups committed and fingerprinted before use (section 5.2); otherwise labelled tuning",rule:home-domain>section-overlap>cluster-focus>fewest-decisions
DEC-LEG-014,1,PLANNED,legacy,LG-legacy,4,EXP-ECO-014,,,EXP-LEGACY-031,,research/experiments/EXP-ECO-014/record.md,research/normalized/EXP-ECO-014/decision/DEC-LEG-014-look1-mde.json,after W and S of every decision in the look group are recorded on tuning (PA-03 rule 2); MDE gate section 4.12 passes,rule:home-domain>section-overlap>cluster-focus>fewest-decisions
DEC-LEG-014,2,RESERVED,legacy,LG-legacy,4,EXP-ECO-014,,,EXP-LEGACY-031,,research/experiments/EXP-ECO-014/record.md,research/normalized/EXP-ECO-014/decision/DEC-LEG-014-look2-mde.json,"only after a documented change, on new validation items from new independence groups committed and fingerprinted before use (section 5.2); otherwise labelled tuning",rule:home-domain>section-overlap>cluster-focus>fewest-decisions
DEC-LEG-015,1,PLANNED,legacy,LG-legacy,2,EXP-LEGACY-030,EXP-PLAT-002,,EXP-LEGACY-006,,research/experiments/EXP-LEGACY-030/record.md; research/experiments/EXP-PLAT-002/record.md,research/normalized/EXP-LEGACY-030/decision/DEC-LEG-015-look1-mde.json,after W and S of every decision in the look group are recorded on tuning (PA-03 rule 2); MDE gate section 4.12 passes,rule:home-domain>section-overlap>cluster-focus>fewest-decisions
DEC-LEG-015,2,RESERVED,legacy,LG-legacy,2,EXP-LEGACY-030,EXP-PLAT-002,,EXP-LEGACY-006,,research/experiments/EXP-LEGACY-030/record.md; research/experiments/EXP-PLAT-002/record.md,research/normalized/EXP-LEGACY-030/decision/DEC-LEG-015-look2-mde.json,"only after a documented change, on new validation items from new independence groups committed and fingerprinted before use (section 5.2); otherwise labelled tuning",rule:home-domain>section-overlap>cluster-focus>fewest-decisions
DEC-LEG-016,1,PLANNED,legacy,LG-legacy,2,EXP-CROSSFILE-013,,,EXP-LEGACY-031,,research/experiments/EXP-CROSSFILE-013/record.md,research/normalized/EXP-CROSSFILE-013/decision/DEC-LEG-016-look1-mde.json,after W and S of every decision in the look group are recorded on tuning (PA-03 rule 2); MDE gate section 4.12 passes,rule:home-domain>section-overlap>cluster-focus>fewest-decisions
DEC-LEG-016,2,RESERVED,legacy,LG-legacy,2,EXP-CROSSFILE-013,,,EXP-LEGACY-031,,research/experiments/EXP-CROSSFILE-013/record.md,research/normalized/EXP-CROSSFILE-013/decision/DEC-LEG-016-look2-mde.json,"only after a documented change, on new validation items from new independence groups committed and fingerprinted before use (section 5.2); otherwise labelled tuning",rule:home-domain>section-overlap>cluster-focus>fewest-decisions
DEC-LEG-017,1,PLANNED,legacy,LG-legacy,2,EXP-LEGACY-032,EXP-ECO-006,,EXP-LEGACY-070,,research/experiments/EXP-LEGACY-032/record.md; research/experiments/EXP-ECO-006/record.md,research/normalized/EXP-LEGACY-032/decision/DEC-LEG-017-look1-mde.json,after W and S of every decision in the look group are recorded on tuning (PA-03 rule 2); MDE gate section 4.12 passes,rule:home-domain>section-overlap>cluster-focus>fewest-decisions
DEC-LEG-017,2,RESERVED,legacy,LG-legacy,2,EXP-LEGACY-032,EXP-ECO-006,,EXP-LEGACY-070,,research/experiments/EXP-LEGACY-032/record.md; research/experiments/EXP-ECO-006/record.md,research/normalized/EXP-LEGACY-032/decision/DEC-LEG-017-look2-mde.json,"only after a documented change, on new validation items from new independence groups committed and fingerprinted before use (section 5.2); otherwise labelled tuning",rule:home-domain>section-overlap>cluster-focus>fewest-decisions
DEC-LEG-018,1,PLANNED,legacy,LG-legacy,2,EXP-LEGACY-032,EXP-ECO-006; EXP-ECO-007,,EXP-CONF-012; EXP-LEGACY-031; EXP-LEGACY-034,,research/experiments/EXP-LEGACY-032/record.md; research/experiments/EXP-ECO-006/record.md; research/experiments/EXP-ECO-007/record.md,research/normalized/EXP-LEGACY-032/decision/DEC-LEG-018-look1-mde.json,after W and S of every decision in the look group are recorded on tuning (PA-03 rule 2); MDE gate section 4.12 passes,rule:home-domain>section-overlap>cluster-focus>fewest-decisions
DEC-LEG-018,2,RESERVED,legacy,LG-legacy,2,EXP-LEGACY-032,EXP-ECO-006; EXP-ECO-007,,EXP-CONF-012; EXP-LEGACY-031; EXP-LEGACY-034,,research/experiments/EXP-LEGACY-032/record.md; research/experiments/EXP-ECO-006/record.md; research/experiments/EXP-ECO-007/record.md,research/normalized/EXP-LEGACY-032/decision/DEC-LEG-018-look2-mde.json,"only after a documented change, on new validation items from new independence groups committed and fingerprinted before use (section 5.2); otherwise labelled tuning",rule:home-domain>section-overlap>cluster-focus>fewest-decisions
DEC-LEG-019,1,PLANNED,legacy,LG-legacy,2,EXP-LEGACY-032,EXP-SCALE-009,,EXP-SCALE-002,,research/experiments/EXP-LEGACY-032/record.md; research/experiments/EXP-SCALE-009/record.md,research/normalized/EXP-LEGACY-032/decision/DEC-LEG-019-look1-mde.json,after W and S of every decision in the look group are recorded on tuning (PA-03 rule 2); MDE gate section 4.12 passes,rule:home-domain>section-overlap>cluster-focus>fewest-decisions
DEC-LEG-019,2,RESERVED,legacy,LG-legacy,2,EXP-LEGACY-032,EXP-SCALE-009,,EXP-SCALE-002,,research/experiments/EXP-LEGACY-032/record.md; research/experiments/EXP-SCALE-009/record.md,research/normalized/EXP-LEGACY-032/decision/DEC-LEG-019-look2-mde.json,"only after a documented change, on new validation items from new independence groups committed and fingerprinted before use (section 5.2); otherwise labelled tuning",rule:home-domain>section-overlap>cluster-focus>fewest-decisions
DEC-LEG-020,1,PLANNED,legacy,LG-legacy,2,EXP-PLAT-010,EXP-CONF-011,,EXP-LEGACY-002,,research/experiments/EXP-PLAT-010/record.md; research/experiments/EXP-CONF-011/record.md,research/normalized/EXP-PLAT-010/decision/DEC-LEG-020-look1-mde.json,after W and S of every decision in the look group are recorded on tuning (PA-03 rule 2); MDE gate section 4.12 passes,rule:home-domain>section-overlap>cluster-focus>fewest-decisions
DEC-LEG-020,2,RESERVED,legacy,LG-legacy,2,EXP-PLAT-010,EXP-CONF-011,,EXP-LEGACY-002,,research/experiments/EXP-PLAT-010/record.md; research/experiments/EXP-CONF-011/record.md,research/normalized/EXP-PLAT-010/decision/DEC-LEG-020-look2-mde.json,"only after a documented change, on new validation items from new independence groups committed and fingerprinted before use (section 5.2); otherwise labelled tuning",rule:home-domain>section-overlap>cluster-focus>fewest-decisions
DEC-LEG-021,1,PLANNED,legacy,LG-legacy,1,EXP-INT-013,EXP-CONF-011,,EXP-INT-013; EXP-SCALE-002,legacy check strictness: EXP-INT-013,research/experiments/EXP-INT-013/record.md; research/experiments/EXP-CONF-011/record.md,research/normalized/EXP-INT-013/decision/DEC-LEG-021-look1-mde.json,after W and S of every decision in the look group are recorded on tuning (PA-03 rule 2); MDE gate section 4.12 passes,override:integrity C13
DEC-LEG-021,2,RESERVED,legacy,LG-legacy,1,EXP-INT-013,EXP-CONF-011,,EXP-INT-013; EXP-SCALE-002,legacy check strictness: EXP-INT-013,research/experiments/EXP-INT-013/record.md; research/experiments/EXP-CONF-011/record.md,research/normalized/EXP-INT-013/decision/DEC-LEG-021-look2-mde.json,"only after a documented change, on new validation items from new independence groups committed and fingerprinted before use (section 5.2); otherwise labelled tuning",override:integrity C13
DEC-LEG-022,1,PLANNED,legacy,LG-legacy,2,EXP-LEGACY-010,EXP-CONF-011; EXP-LEGACY-040; EXP-LEGACY-041; EXP-SCALE-003; EXP-SCALE-009,,EXP-SCALE-002,,research/experiments/EXP-LEGACY-010/record.md; research/experiments/EXP-CONF-011/record.md; research/experiments/EXP-LEGACY-040/record.md; research/experiments/EXP-LEGACY-041/record.md; research/experiments/EXP-SCALE-003/record.md; research/experiments/EXP-SCALE-009/record.md,research/normalized/EXP-LEGACY-010/decision/DEC-LEG-022-look1-mde.json,after W and S of every decision in the look group are recorded on tuning (PA-03 rule 2); MDE gate section 4.12 passes,rule:home-domain>section-overlap>cluster-focus>fewest-decisions
DEC-LEG-022,2,RESERVED,legacy,LG-legacy,2,EXP-LEGACY-010,EXP-CONF-011; EXP-LEGACY-040; EXP-LEGACY-041; EXP-SCALE-003; EXP-SCALE-009,,EXP-SCALE-002,,research/experiments/EXP-LEGACY-010/record.md; research/experiments/EXP-CONF-011/record.md; research/experiments/EXP-LEGACY-040/record.md; research/experiments/EXP-LEGACY-041/record.md; research/experiments/EXP-SCALE-003/record.md; research/experiments/EXP-SCALE-009/record.md,research/normalized/EXP-LEGACY-010/decision/DEC-LEG-022-look2-mde.json,"only after a documented change, on new validation items from new independence groups committed and fingerprinted before use (section 5.2); otherwise labelled tuning",rule:home-domain>section-overlap>cluster-focus>fewest-decisions
DEC-LEG-024,1,PLANNED,legacy,LG-legacy,2,EXP-LEGACY-010,EXP-ECO-011,,EXP-ECO-001; EXP-LEGACY-020; EXP-LEGACY-021,,research/experiments/EXP-LEGACY-010/record.md; research/experiments/EXP-ECO-011/record.md,research/normalized/EXP-LEGACY-010/decision/DEC-LEG-024-look1-mde.json,after W and S of every decision in the look group are recorded on tuning (PA-03 rule 2); MDE gate section 4.12 passes,rule:home-domain>section-overlap>cluster-focus>fewest-decisions
DEC-LEG-024,2,RESERVED,legacy,LG-legacy,2,EXP-LEGACY-010,EXP-ECO-011,,EXP-ECO-001; EXP-LEGACY-020; EXP-LEGACY-021,,research/experiments/EXP-LEGACY-010/record.md; research/experiments/EXP-ECO-011/record.md,research/normalized/EXP-LEGACY-010/decision/DEC-LEG-024-look2-mde.json,"only after a documented change, on new validation items from new independence groups committed and fingerprinted before use (section 5.2); otherwise labelled tuning",rule:home-domain>section-overlap>cluster-focus>fewest-decisions
DEC-LEG-025,1,PLANNED,legacy,LG-legacy,1,EXP-INT-008,,,EXP-LEGACY-050,,research/experiments/EXP-INT-008/record.md,research/normalized/EXP-INT-008/decision/DEC-LEG-025-look1-mde.json,after W and S of every decision in the look group are recorded on tuning (PA-03 rule 2); MDE gate section 4.12 passes,rule:home-domain>section-overlap>cluster-focus>fewest-decisions
DEC-LEG-025,2,RESERVED,legacy,LG-legacy,1,EXP-INT-008,,,EXP-LEGACY-050,,research/experiments/EXP-INT-008/record.md,research/normalized/EXP-INT-008/decision/DEC-LEG-025-look2-mde.json,"only after a documented change, on new validation items from new independence groups committed and fingerprinted before use (section 5.2); otherwise labelled tuning",rule:home-domain>section-overlap>cluster-focus>fewest-decisions
DEC-LEG-026,1,PLANNED,legacy,LG-legacy,1,EXP-CONF-011,EXP-ECO-015,,EXP-CONF-003; EXP-LEGACY-070,,research/experiments/EXP-CONF-011/record.md; research/experiments/EXP-ECO-015/record.md,research/normalized/EXP-CONF-011/decision/DEC-LEG-026-look1-mde.json,after W and S of every decision in the look group are recorded on tuning (PA-03 rule 2); MDE gate section 4.12 passes,rule:home-domain>section-overlap>cluster-focus>fewest-decisions
DEC-LEG-026,2,RESERVED,legacy,LG-legacy,1,EXP-CONF-011,EXP-ECO-015,,EXP-CONF-003; EXP-LEGACY-070,,research/experiments/EXP-CONF-011/record.md; research/experiments/EXP-ECO-015/record.md,research/normalized/EXP-CONF-011/decision/DEC-LEG-026-look2-mde.json,"only after a documented change, on new validation items from new independence groups committed and fingerprinted before use (section 5.2); otherwise labelled tuning",rule:home-domain>section-overlap>cluster-focus>fewest-decisions
DEC-LEG-027,1,PLANNED,legacy,LG-legacy,2,EXP-LEGACY-033,EXP-CODEC-008,,,,research/experiments/EXP-LEGACY-033/record.md; research/experiments/EXP-CODEC-008/record.md,research/normalized/EXP-LEGACY-033/decision/DEC-LEG-027-look1-mde.json,after W and S of every decision in the look group are recorded on tuning (PA-03 rule 2); MDE gate section 4.12 passes,rule:home-domain>section-overlap>cluster-focus>fewest-decisions
DEC-LEG-027,2,RESERVED,legacy,LG-legacy,2,EXP-LEGACY-033,EXP-CODEC-008,,,,research/experiments/EXP-LEGACY-033/record.md; research/experiments/EXP-CODEC-008/record.md,research/normalized/EXP-LEGACY-033/decision/DEC-LEG-027-look2-mde.json,"only after a documented change, on new validation items from new independence groups committed and fingerprinted before use (section 5.2); otherwise labelled tuning",rule:home-domain>section-overlap>cluster-focus>fewest-decisions
DEC-LEG-028,1,PLANNED,legacy,LG-legacy,2,EXP-LEGACY-030,,,,,research/experiments/EXP-LEGACY-030/record.md,research/normalized/EXP-LEGACY-030/decision/DEC-LEG-028-look1-mde.json,after W and S of every decision in the look group are recorded on tuning (PA-03 rule 2); MDE gate section 4.12 passes,rule:home-domain>section-overlap>cluster-focus>fewest-decisions
DEC-LEG-028,2,RESERVED,legacy,LG-legacy,2,EXP-LEGACY-030,,,,,research/experiments/EXP-LEGACY-030/record.md,research/normalized/EXP-LEGACY-030/decision/DEC-LEG-028-look2-mde.json,"only after a documented change, on new validation items from new independence groups committed and fingerprinted before use (section 5.2); otherwise labelled tuning",rule:home-domain>section-overlap>cluster-focus>fewest-decisions
DEC-LEG-029,1,PLANNED,legacy,LG-legacy,2,EXP-LEGACY-030,EXP-ECO-006,,EXP-LEGACY-006; EXP-LEGACY-020; EXP-LEGACY-021,,research/experiments/EXP-LEGACY-030/record.md; research/experiments/EXP-ECO-006/record.md,research/normalized/EXP-LEGACY-030/decision/DEC-LEG-029-look1-mde.json,after W and S of every decision in the look group are recorded on tuning (PA-03 rule 2); MDE gate section 4.12 passes,rule:home-domain>section-overlap>cluster-focus>fewest-decisions
DEC-LEG-029,2,RESERVED,legacy,LG-legacy,2,EXP-LEGACY-030,EXP-ECO-006,,EXP-LEGACY-006; EXP-LEGACY-020; EXP-LEGACY-021,,research/experiments/EXP-LEGACY-030/record.md; research/experiments/EXP-ECO-006/record.md,research/normalized/EXP-LEGACY-030/decision/DEC-LEG-029-look2-mde.json,"only after a documented change, on new validation items from new independence groups committed and fingerprinted before use (section 5.2); otherwise labelled tuning",rule:home-domain>section-overlap>cluster-focus>fewest-decisions
DEC-LEG-030,1,PLANNED,legacy,LG-legacy,2,EXP-SCALE-009,EXP-ECO-006,,EXP-ECO-013; EXP-SCALE-002,,research/experiments/EXP-SCALE-009/record.md; research/experiments/EXP-ECO-006/record.md,research/normalized/EXP-SCALE-009/decision/DEC-LEG-030-look1-mde.json,after W and S of every decision in the look group are recorded on tuning (PA-03 rule 2); MDE gate section 4.12 passes,rule:home-domain>section-overlap>cluster-focus>fewest-decisions
DEC-LEG-030,2,RESERVED,legacy,LG-legacy,2,EXP-SCALE-009,EXP-ECO-006,,EXP-ECO-013; EXP-SCALE-002,,research/experiments/EXP-SCALE-009/record.md; research/experiments/EXP-ECO-006/record.md,research/normalized/EXP-SCALE-009/decision/DEC-LEG-030-look2-mde.json,"only after a documented change, on new validation items from new independence groups committed and fingerprinted before use (section 5.2); otherwise labelled tuning",rule:home-domain>section-overlap>cluster-focus>fewest-decisions
DEC-LEG-031,1,PLANNED,legacy,LG-legacy,2,EXP-LEGACY-010,EXP-CONF-011,,EXP-LEGACY-001; EXP-LEGACY-003,,research/experiments/EXP-LEGACY-010/record.md; research/experiments/EXP-CONF-011/record.md,research/normalized/EXP-LEGACY-010/decision/DEC-LEG-031-look1-mde.json,after W and S of every decision in the look group are recorded on tuning (PA-03 rule 2); MDE gate section 4.12 passes,rule:home-domain>section-overlap>cluster-focus>fewest-decisions
DEC-LEG-031,2,RESERVED,legacy,LG-legacy,2,EXP-LEGACY-010,EXP-CONF-011,,EXP-LEGACY-001; EXP-LEGACY-003,,research/experiments/EXP-LEGACY-010/record.md; research/experiments/EXP-CONF-011/record.md,research/normalized/EXP-LEGACY-010/decision/DEC-LEG-031-look2-mde.json,"only after a documented change, on new validation items from new independence groups committed and fingerprinted before use (section 5.2); otherwise labelled tuning",rule:home-domain>section-overlap>cluster-focus>fewest-decisions
DEC-LEG-032,1,PLANNED,legacy,LG-legacy,2,EXP-LEGACY-010,EXP-PLAT-003,,EXP-LEGACY-001; EXP-LEGACY-003; EXP-LEGACY-006,,research/experiments/EXP-LEGACY-010/record.md; research/experiments/EXP-PLAT-003/record.md,research/normalized/EXP-LEGACY-010/decision/DEC-LEG-032-look1-mde.json,after W and S of every decision in the look group are recorded on tuning (PA-03 rule 2); MDE gate section 4.12 passes,rule:home-domain>section-overlap>cluster-focus>fewest-decisions
DEC-LEG-032,2,RESERVED,legacy,LG-legacy,2,EXP-LEGACY-010,EXP-PLAT-003,,EXP-LEGACY-001; EXP-LEGACY-003; EXP-LEGACY-006,,research/experiments/EXP-LEGACY-010/record.md; research/experiments/EXP-PLAT-003/record.md,research/normalized/EXP-LEGACY-010/decision/DEC-LEG-032-look2-mde.json,"only after a documented change, on new validation items from new independence groups committed and fingerprinted before use (section 5.2); otherwise labelled tuning",rule:home-domain>section-overlap>cluster-focus>fewest-decisions
DEC-LEG-033,1,PLANNED,legacy,LG-legacy,2,EXP-LEGACY-010,EXP-LEGACY-030; EXP-PLAT-003,,EXP-LEGACY-051,,research/experiments/EXP-LEGACY-010/record.md; research/experiments/EXP-LEGACY-030/record.md; research/experiments/EXP-PLAT-003/record.md,research/normalized/EXP-LEGACY-010/decision/DEC-LEG-033-look1-mde.json,after W and S of every decision in the look group are recorded on tuning (PA-03 rule 2); MDE gate section 4.12 passes,rule:home-domain>section-overlap>cluster-focus>fewest-decisions
DEC-LEG-033,2,RESERVED,legacy,LG-legacy,2,EXP-LEGACY-010,EXP-LEGACY-030; EXP-PLAT-003,,EXP-LEGACY-051,,research/experiments/EXP-LEGACY-010/record.md; research/experiments/EXP-LEGACY-030/record.md; research/experiments/EXP-PLAT-003/record.md,research/normalized/EXP-LEGACY-010/decision/DEC-LEG-033-look2-mde.json,"only after a documented change, on new validation items from new independence groups committed and fingerprinted before use (section 5.2); otherwise labelled tuning",rule:home-domain>section-overlap>cluster-focus>fewest-decisions
DEC-LEG-035,1,PLANNED,legacy,LG-legacy,2,EXP-LEGACY-010,,,EXP-ECO-001; EXP-LEGACY-020; EXP-LEGACY-021,,research/experiments/EXP-LEGACY-010/record.md,research/normalized/EXP-LEGACY-010/decision/DEC-LEG-035-look1-mde.json,after W and S of every decision in the look group are recorded on tuning (PA-03 rule 2); MDE gate section 4.12 passes,rule:home-domain>section-overlap>cluster-focus>fewest-decisions
DEC-LEG-035,2,RESERVED,legacy,LG-legacy,2,EXP-LEGACY-010,,,EXP-ECO-001; EXP-LEGACY-020; EXP-LEGACY-021,,research/experiments/EXP-LEGACY-010/record.md,research/normalized/EXP-LEGACY-010/decision/DEC-LEG-035-look2-mde.json,"only after a documented change, on new validation items from new independence groups committed and fingerprinted before use (section 5.2); otherwise labelled tuning",rule:home-domain>section-overlap>cluster-focus>fewest-decisions
DEC-LEG-036,1,PLANNED,legacy,LG-legacy,2,EXP-LEGACY-030,EXP-ECO-006,,EXP-LEGACY-006,,research/experiments/EXP-LEGACY-030/record.md; research/experiments/EXP-ECO-006/record.md,research/normalized/EXP-LEGACY-030/decision/DEC-LEG-036-look1-mde.json,after W and S of every decision in the look group are recorded on tuning (PA-03 rule 2); MDE gate section 4.12 passes,rule:home-domain>section-overlap>cluster-focus>fewest-decisions
DEC-LEG-036,2,RESERVED,legacy,LG-legacy,2,EXP-LEGACY-030,EXP-ECO-006,,EXP-LEGACY-006,,research/experiments/EXP-LEGACY-030/record.md; research/experiments/EXP-ECO-006/record.md,research/normalized/EXP-LEGACY-030/decision/DEC-LEG-036-look2-mde.json,"only after a documented change, on new validation items from new independence groups committed and fingerprinted before use (section 5.2); otherwise labelled tuning",rule:home-domain>section-overlap>cluster-focus>fewest-decisions
DEC-LEG-037,1,PLANNED,legacy,LG-legacy,2,EXP-LEGACY-010,EXP-ECO-011,,EXP-ECO-001; EXP-LEGACY-004; EXP-LEGACY-020; EXP-LEGACY-021,,research/experiments/EXP-LEGACY-010/record.md; research/experiments/EXP-ECO-011/record.md,research/normalized/EXP-LEGACY-010/decision/DEC-LEG-037-look1-mde.json,after W and S of every decision in the look group are recorded on tuning (PA-03 rule 2); MDE gate section 4.12 passes,rule:home-domain>section-overlap>cluster-focus>fewest-decisions
DEC-LEG-037,2,RESERVED,legacy,LG-legacy,2,EXP-LEGACY-010,EXP-ECO-011,,EXP-ECO-001; EXP-LEGACY-004; EXP-LEGACY-020; EXP-LEGACY-021,,research/experiments/EXP-LEGACY-010/record.md; research/experiments/EXP-ECO-011/record.md,research/normalized/EXP-LEGACY-010/decision/DEC-LEG-037-look2-mde.json,"only after a documented change, on new validation items from new independence groups committed and fingerprinted before use (section 5.2); otherwise labelled tuning",rule:home-domain>section-overlap>cluster-focus>fewest-decisions
DEC-LEG-038,1,PLANNED,legacy,LG-legacy,1,EXP-INT-005,EXP-ECO-006,,,,research/experiments/EXP-INT-005/record.md; research/experiments/EXP-ECO-006/record.md,research/normalized/EXP-INT-005/decision/DEC-LEG-038-look1-mde.json,after W and S of every decision in the look group are recorded on tuning (PA-03 rule 2); MDE gate section 4.12 passes,rule:home-domain>section-overlap>cluster-focus>fewest-decisions
DEC-LEG-038,2,RESERVED,legacy,LG-legacy,1,EXP-INT-005,EXP-ECO-006,,,,research/experiments/EXP-INT-005/record.md; research/experiments/EXP-ECO-006/record.md,research/normalized/EXP-INT-005/decision/DEC-LEG-038-look2-mde.json,"only after a documented change, on new validation items from new independence groups committed and fingerprinted before use (section 5.2); otherwise labelled tuning",rule:home-domain>section-overlap>cluster-focus>fewest-decisions
DEC-LEG-039,1,PLANNED,legacy,LG-legacy,2,EXP-LEGACY-010,,,EXP-LEGACY-020; EXP-LEGACY-021,,research/experiments/EXP-LEGACY-010/record.md,research/normalized/EXP-LEGACY-010/decision/DEC-LEG-039-look1-mde.json,after W and S of every decision in the look group are recorded on tuning (PA-03 rule 2); MDE gate section 4.12 passes,rule:home-domain>section-overlap>cluster-focus>fewest-decisions
DEC-LEG-039,2,RESERVED,legacy,LG-legacy,2,EXP-LEGACY-010,,,EXP-LEGACY-020; EXP-LEGACY-021,,research/experiments/EXP-LEGACY-010/record.md,research/normalized/EXP-LEGACY-010/decision/DEC-LEG-039-look2-mde.json,"only after a documented change, on new validation items from new independence groups committed and fingerprinted before use (section 5.2); otherwise labelled tuning",rule:home-domain>section-overlap>cluster-focus>fewest-decisions
DEC-LEG-040,1,PLANNED,legacy,LG-legacy,1,EXP-INT-009,EXP-CRYPTO-015,,,identity and binding staleness: EXP-INT-009,research/experiments/EXP-INT-009/record.md; research/experiments/EXP-CRYPTO-015/record.md,research/normalized/EXP-INT-009/decision/DEC-LEG-040-look1-mde.json,after W and S of every decision in the look group are recorded on tuning (PA-03 rule 2); MDE gate section 4.12 passes,override:integrity C13
DEC-LEG-040,2,RESERVED,legacy,LG-legacy,1,EXP-INT-009,EXP-CRYPTO-015,,,identity and binding staleness: EXP-INT-009,research/experiments/EXP-INT-009/record.md; research/experiments/EXP-CRYPTO-015/record.md,research/normalized/EXP-INT-009/decision/DEC-LEG-040-look2-mde.json,"only after a documented change, on new validation items from new independence groups committed and fingerprinted before use (section 5.2); otherwise labelled tuning",override:integrity C13
DEC-LEG-041,1,PLANNED,legacy,LG-legacy,2,EXP-LEGACY-030,,,,,research/experiments/EXP-LEGACY-030/record.md,research/normalized/EXP-LEGACY-030/decision/DEC-LEG-041-look1-mde.json,after W and S of every decision in the look group are recorded on tuning (PA-03 rule 2); MDE gate section 4.12 passes,rule:home-domain>section-overlap>cluster-focus>fewest-decisions
DEC-LEG-041,2,RESERVED,legacy,LG-legacy,2,EXP-LEGACY-030,,,,,research/experiments/EXP-LEGACY-030/record.md,research/normalized/EXP-LEGACY-030/decision/DEC-LEG-041-look2-mde.json,"only after a documented change, on new validation items from new independence groups committed and fingerprinted before use (section 5.2); otherwise labelled tuning",rule:home-domain>section-overlap>cluster-focus>fewest-decisions
DEC-LEG-042,1,PLANNED,legacy,LG-legacy,2,EXP-LEGACY-010,EXP-ECO-011,,EXP-LEGACY-020; EXP-LEGACY-021,,research/experiments/EXP-LEGACY-010/record.md; research/experiments/EXP-ECO-011/record.md,research/normalized/EXP-LEGACY-010/decision/DEC-LEG-042-look1-mde.json,after W and S of every decision in the look group are recorded on tuning (PA-03 rule 2); MDE gate section 4.12 passes,rule:home-domain>section-overlap>cluster-focus>fewest-decisions
DEC-LEG-042,2,RESERVED,legacy,LG-legacy,2,EXP-LEGACY-010,EXP-ECO-011,,EXP-LEGACY-020; EXP-LEGACY-021,,research/experiments/EXP-LEGACY-010/record.md; research/experiments/EXP-ECO-011/record.md,research/normalized/EXP-LEGACY-010/decision/DEC-LEG-042-look2-mde.json,"only after a documented change, on new validation items from new independence groups committed and fingerprinted before use (section 5.2); otherwise labelled tuning",rule:home-domain>section-overlap>cluster-focus>fewest-decisions
DEC-LEG-043,1,PLANNED,legacy,LG-legacy,2,EXP-LEGACY-010,EXP-ECO-011,,,,research/experiments/EXP-LEGACY-010/record.md; research/experiments/EXP-ECO-011/record.md,research/normalized/EXP-LEGACY-010/decision/DEC-LEG-043-look1-mde.json,after W and S of every decision in the look group are recorded on tuning (PA-03 rule 2); MDE gate section 4.12 passes,rule:home-domain>section-overlap>cluster-focus>fewest-decisions
DEC-LEG-043,2,RESERVED,legacy,LG-legacy,2,EXP-LEGACY-010,EXP-ECO-011,,,,research/experiments/EXP-LEGACY-010/record.md; research/experiments/EXP-ECO-011/record.md,research/normalized/EXP-LEGACY-010/decision/DEC-LEG-043-look2-mde.json,"only after a documented change, on new validation items from new independence groups committed and fingerprinted before use (section 5.2); otherwise labelled tuning",rule:home-domain>section-overlap>cluster-focus>fewest-decisions
DEC-LEG-045,1,PLANNED,legacy,LG-legacy,4,EXP-ECO-007,,,EXP-LEGACY-034,,research/experiments/EXP-ECO-007/record.md,research/normalized/EXP-ECO-007/decision/DEC-LEG-045-look1-mde.json,after W and S of every decision in the look group are recorded on tuning (PA-03 rule 2); MDE gate section 4.12 passes,rule:home-domain>section-overlap>cluster-focus>fewest-decisions
DEC-LEG-045,2,RESERVED,legacy,LG-legacy,4,EXP-ECO-007,,,EXP-LEGACY-034,,research/experiments/EXP-ECO-007/record.md,research/normalized/EXP-ECO-007/decision/DEC-LEG-045-look2-mde.json,"only after a documented change, on new validation items from new independence groups committed and fingerprinted before use (section 5.2); otherwise labelled tuning",rule:home-domain>section-overlap>cluster-focus>fewest-decisions
DEC-LEG-046,1,PLANNED,legacy,LG-legacy,1,EXP-INT-009,,,,,research/experiments/EXP-INT-009/record.md,research/normalized/EXP-INT-009/decision/DEC-LEG-046-look1-mde.json,after W and S of every decision in the look group are recorded on tuning (PA-03 rule 2); MDE gate section 4.12 passes,rule:home-domain>section-overlap>cluster-focus>fewest-decisions
DEC-LEG-046,2,RESERVED,legacy,LG-legacy,1,EXP-INT-009,,,,,research/experiments/EXP-INT-009/record.md,research/normalized/EXP-INT-009/decision/DEC-LEG-046-look2-mde.json,"only after a documented change, on new validation items from new independence groups committed and fingerprinted before use (section 5.2); otherwise labelled tuning",rule:home-domain>section-overlap>cluster-focus>fewest-decisions
DEC-LEG-047,1,PLANNED,legacy,LG-legacy,2,EXP-LEGACY-010,,,EXP-ECO-001; EXP-LEGACY-020; EXP-LEGACY-021,,research/experiments/EXP-LEGACY-010/record.md,research/normalized/EXP-LEGACY-010/decision/DEC-LEG-047-look1-mde.json,after W and S of every decision in the look group are recorded on tuning (PA-03 rule 2); MDE gate section 4.12 passes,rule:home-domain>section-overlap>cluster-focus>fewest-decisions
DEC-LEG-047,2,RESERVED,legacy,LG-legacy,2,EXP-LEGACY-010,,,EXP-ECO-001; EXP-LEGACY-020; EXP-LEGACY-021,,research/experiments/EXP-LEGACY-010/record.md,research/normalized/EXP-LEGACY-010/decision/DEC-LEG-047-look2-mde.json,"only after a documented change, on new validation items from new independence groups committed and fingerprinted before use (section 5.2); otherwise labelled tuning",rule:home-domain>section-overlap>cluster-focus>fewest-decisions
DEC-LEG-049,1,PLANNED,legacy,LG-legacy,2,EXP-LEGACY-010,,,EXP-LEGACY-003; EXP-LEGACY-051,,research/experiments/EXP-LEGACY-010/record.md,research/normalized/EXP-LEGACY-010/decision/DEC-LEG-049-look1-mde.json,after W and S of every decision in the look group are recorded on tuning (PA-03 rule 2); MDE gate section 4.12 passes,rule:home-domain>section-overlap>cluster-focus>fewest-decisions
DEC-LEG-049,2,RESERVED,legacy,LG-legacy,2,EXP-LEGACY-010,,,EXP-LEGACY-003; EXP-LEGACY-051,,research/experiments/EXP-LEGACY-010/record.md,research/normalized/EXP-LEGACY-010/decision/DEC-LEG-049-look2-mde.json,"only after a documented change, on new validation items from new independence groups committed and fingerprinted before use (section 5.2); otherwise labelled tuning",rule:home-domain>section-overlap>cluster-focus>fewest-decisions
DEC-LEG-050,1,PLANNED,legacy,LG-legacy,2,EXP-LEGACY-010,EXP-CONF-011,,EXP-LEGACY-003,,research/experiments/EXP-LEGACY-010/record.md; research/experiments/EXP-CONF-011/record.md,research/normalized/EXP-LEGACY-010/decision/DEC-LEG-050-look1-mde.json,after W and S of every decision in the look group are recorded on tuning (PA-03 rule 2); MDE gate section 4.12 passes,rule:home-domain>section-overlap>cluster-focus>fewest-decisions
DEC-LEG-050,2,RESERVED,legacy,LG-legacy,2,EXP-LEGACY-010,EXP-CONF-011,,EXP-LEGACY-003,,research/experiments/EXP-LEGACY-010/record.md; research/experiments/EXP-CONF-011/record.md,research/normalized/EXP-LEGACY-010/decision/DEC-LEG-050-look2-mde.json,"only after a documented change, on new validation items from new independence groups committed and fingerprinted before use (section 5.2); otherwise labelled tuning",rule:home-domain>section-overlap>cluster-focus>fewest-decisions
DEC-LEG-052,1,PLANNED,legacy,LG-legacy,2,EXP-LEGACY-010,,,EXP-ECO-001; EXP-LEGACY-003; EXP-LEGACY-021,,research/experiments/EXP-LEGACY-010/record.md,research/normalized/EXP-LEGACY-010/decision/DEC-LEG-052-look1-mde.json,after W and S of every decision in the look group are recorded on tuning (PA-03 rule 2); MDE gate section 4.12 passes,rule:home-domain>section-overlap>cluster-focus>fewest-decisions
DEC-LEG-052,2,RESERVED,legacy,LG-legacy,2,EXP-LEGACY-010,,,EXP-ECO-001; EXP-LEGACY-003; EXP-LEGACY-021,,research/experiments/EXP-LEGACY-010/record.md,research/normalized/EXP-LEGACY-010/decision/DEC-LEG-052-look2-mde.json,"only after a documented change, on new validation items from new independence groups committed and fingerprinted before use (section 5.2); otherwise labelled tuning",rule:home-domain>section-overlap>cluster-focus>fewest-decisions
DEC-LEG-054,1,PLANNED,legacy,LG-legacy,2,EXP-LEGACY-010,EXP-PLAT-002,,EXP-LEGACY-003,,research/experiments/EXP-LEGACY-010/record.md; research/experiments/EXP-PLAT-002/record.md,research/normalized/EXP-LEGACY-010/decision/DEC-LEG-054-look1-mde.json,after W and S of every decision in the look group are recorded on tuning (PA-03 rule 2); MDE gate section 4.12 passes,rule:home-domain>section-overlap>cluster-focus>fewest-decisions
DEC-LEG-054,2,RESERVED,legacy,LG-legacy,2,EXP-LEGACY-010,EXP-PLAT-002,,EXP-LEGACY-003,,research/experiments/EXP-LEGACY-010/record.md; research/experiments/EXP-PLAT-002/record.md,research/normalized/EXP-LEGACY-010/decision/DEC-LEG-054-look2-mde.json,"only after a documented change, on new validation items from new independence groups committed and fingerprinted before use (section 5.2); otherwise labelled tuning",rule:home-domain>section-overlap>cluster-focus>fewest-decisions
DEC-LEG-055,1,PLANNED,legacy,LG-legacy,2,EXP-LEGACY-010,EXP-PLAT-013,,EXP-LEGACY-003,,research/experiments/EXP-LEGACY-010/record.md; research/experiments/EXP-PLAT-013/record.md,research/normalized/EXP-LEGACY-010/decision/DEC-LEG-055-look1-mde.json,after W and S of every decision in the look group are recorded on tuning (PA-03 rule 2); MDE gate section 4.12 passes,rule:home-domain>section-overlap>cluster-focus>fewest-decisions
DEC-LEG-055,2,RESERVED,legacy,LG-legacy,2,EXP-LEGACY-010,EXP-PLAT-013,,EXP-LEGACY-003,,research/experiments/EXP-LEGACY-010/record.md; research/experiments/EXP-PLAT-013/record.md,research/normalized/EXP-LEGACY-010/decision/DEC-LEG-055-look2-mde.json,"only after a documented change, on new validation items from new independence groups committed and fingerprinted before use (section 5.2); otherwise labelled tuning",rule:home-domain>section-overlap>cluster-focus>fewest-decisions
DEC-LEG-056,1,PLANNED,legacy,LG-legacy,1,EXP-INT-008,EXP-ECO-006; EXP-PLAT-018,,,,research/experiments/EXP-INT-008/record.md; research/experiments/EXP-ECO-006/record.md; research/experiments/EXP-PLAT-018/record.md,research/normalized/EXP-INT-008/decision/DEC-LEG-056-look1-mde.json,after W and S of every decision in the look group are recorded on tuning (PA-03 rule 2); MDE gate section 4.12 passes,rule:home-domain>section-overlap>cluster-focus>fewest-decisions
DEC-LEG-056,2,RESERVED,legacy,LG-legacy,1,EXP-INT-008,EXP-ECO-006; EXP-PLAT-018,,,,research/experiments/EXP-INT-008/record.md; research/experiments/EXP-ECO-006/record.md; research/experiments/EXP-PLAT-018/record.md,research/normalized/EXP-INT-008/decision/DEC-LEG-056-look2-mde.json,"only after a documented change, on new validation items from new independence groups committed and fingerprinted before use (section 5.2); otherwise labelled tuning",rule:home-domain>section-overlap>cluster-focus>fewest-decisions
DEC-LEG-057,1,PLANNED,legacy,LG-legacy,2,EXP-LEGACY-010,,,EXP-LEGACY-020; EXP-LEGACY-021,,research/experiments/EXP-LEGACY-010/record.md,research/normalized/EXP-LEGACY-010/decision/DEC-LEG-057-look1-mde.json,after W and S of every decision in the look group are recorded on tuning (PA-03 rule 2); MDE gate section 4.12 passes,rule:home-domain>section-overlap>cluster-focus>fewest-decisions
DEC-LEG-057,2,RESERVED,legacy,LG-legacy,2,EXP-LEGACY-010,,,EXP-LEGACY-020; EXP-LEGACY-021,,research/experiments/EXP-LEGACY-010/record.md,research/normalized/EXP-LEGACY-010/decision/DEC-LEG-057-look2-mde.json,"only after a documented change, on new validation items from new independence groups committed and fingerprinted before use (section 5.2); otherwise labelled tuning",rule:home-domain>section-overlap>cluster-focus>fewest-decisions
DEC-LEG-058,1,PLANNED,legacy,LG-legacy,2,EXP-LEGACY-010,,,,,research/experiments/EXP-LEGACY-010/record.md,research/normalized/EXP-LEGACY-010/decision/DEC-LEG-058-look1-mde.json,after W and S of every decision in the look group are recorded on tuning (PA-03 rule 2); MDE gate section 4.12 passes,rule:home-domain>section-overlap>cluster-focus>fewest-decisions
DEC-LEG-058,2,RESERVED,legacy,LG-legacy,2,EXP-LEGACY-010,,,,,research/experiments/EXP-LEGACY-010/record.md,research/normalized/EXP-LEGACY-010/decision/DEC-LEG-058-look2-mde.json,"only after a documented change, on new validation items from new independence groups committed and fingerprinted before use (section 5.2); otherwise labelled tuning",rule:home-domain>section-overlap>cluster-focus>fewest-decisions
DEC-LEG-059,1,PLANNED,legacy,LG-legacy,2,EXP-LEGACY-040,EXP-CONF-011; EXP-LEGACY-041; EXP-SCALE-003; EXP-SCALE-009,,EXP-CONF-009; EXP-SCALE-002,,research/experiments/EXP-LEGACY-040/record.md; research/experiments/EXP-CONF-011/record.md; research/experiments/EXP-LEGACY-041/record.md; research/experiments/EXP-SCALE-003/record.md; research/experiments/EXP-SCALE-009/record.md,research/normalized/EXP-LEGACY-040/decision/DEC-LEG-059-look1-mde.json,after W and S of every decision in the look group are recorded on tuning (PA-03 rule 2); MDE gate section 4.12 passes,rule:home-domain>section-overlap>cluster-focus>fewest-decisions
DEC-LEG-059,2,RESERVED,legacy,LG-legacy,2,EXP-LEGACY-040,EXP-CONF-011; EXP-LEGACY-041; EXP-SCALE-003; EXP-SCALE-009,,EXP-CONF-009; EXP-SCALE-002,,research/experiments/EXP-LEGACY-040/record.md; research/experiments/EXP-CONF-011/record.md; research/experiments/EXP-LEGACY-041/record.md; research/experiments/EXP-SCALE-003/record.md; research/experiments/EXP-SCALE-009/record.md,research/normalized/EXP-LEGACY-040/decision/DEC-LEG-059-look2-mde.json,"only after a documented change, on new validation items from new independence groups committed and fingerprinted before use (section 5.2); otherwise labelled tuning",rule:home-domain>section-overlap>cluster-focus>fewest-decisions
DEC-LEG-060,1,PLANNED,legacy,LG-legacy,4,EXP-ECO-006,,,EXP-LEGACY-050,,research/experiments/EXP-ECO-006/record.md,research/normalized/EXP-ECO-006/decision/DEC-LEG-060-look1-mde.json,after W and S of every decision in the look group are recorded on tuning (PA-03 rule 2); MDE gate section 4.12 passes,rule:home-domain>section-overlap>cluster-focus>fewest-decisions
DEC-LEG-060,2,RESERVED,legacy,LG-legacy,4,EXP-ECO-006,,,EXP-LEGACY-050,,research/experiments/EXP-ECO-006/record.md,research/normalized/EXP-ECO-006/decision/DEC-LEG-060-look2-mde.json,"only after a documented change, on new validation items from new independence groups committed and fingerprinted before use (section 5.2); otherwise labelled tuning",rule:home-domain>section-overlap>cluster-focus>fewest-decisions
DEC-LEG-061,1,PLANNED,legacy,LG-legacy,2,EXP-LEGACY-010,EXP-CONF-011,,EXP-LEGACY-002,,research/experiments/EXP-LEGACY-010/record.md; research/experiments/EXP-CONF-011/record.md,research/normalized/EXP-LEGACY-010/decision/DEC-LEG-061-look1-mde.json,after W and S of every decision in the look group are recorded on tuning (PA-03 rule 2); MDE gate section 4.12 passes,rule:home-domain>section-overlap>cluster-focus>fewest-decisions
DEC-LEG-061,2,RESERVED,legacy,LG-legacy,2,EXP-LEGACY-010,EXP-CONF-011,,EXP-LEGACY-002,,research/experiments/EXP-LEGACY-010/record.md; research/experiments/EXP-CONF-011/record.md,research/normalized/EXP-LEGACY-010/decision/DEC-LEG-061-look2-mde.json,"only after a documented change, on new validation items from new independence groups committed and fingerprinted before use (section 5.2); otherwise labelled tuning",rule:home-domain>section-overlap>cluster-focus>fewest-decisions
DEC-LEG-062,1,PLANNED,legacy,LG-legacy,2,EXP-LEGACY-010,EXP-CONF-011,,EXP-LEGACY-002,,research/experiments/EXP-LEGACY-010/record.md; research/experiments/EXP-CONF-011/record.md,research/normalized/EXP-LEGACY-010/decision/DEC-LEG-062-look1-mde.json,after W and S of every decision in the look group are recorded on tuning (PA-03 rule 2); MDE gate section 4.12 passes,rule:home-domain>section-overlap>cluster-focus>fewest-decisions
DEC-LEG-062,2,RESERVED,legacy,LG-legacy,2,EXP-LEGACY-010,EXP-CONF-011,,EXP-LEGACY-002,,research/experiments/EXP-LEGACY-010/record.md; research/experiments/EXP-CONF-011/record.md,research/normalized/EXP-LEGACY-010/decision/DEC-LEG-062-look2-mde.json,"only after a documented change, on new validation items from new independence groups committed and fingerprinted before use (section 5.2); otherwise labelled tuning",rule:home-domain>section-overlap>cluster-focus>fewest-decisions
DEC-LEG-063,1,PLANNED,legacy,LG-legacy,1,EXP-CONF-011,,,EXP-LEGACY-002; EXP-LEGACY-005,,research/experiments/EXP-CONF-011/record.md,research/normalized/EXP-CONF-011/decision/DEC-LEG-063-look1-mde.json,after W and S of every decision in the look group are recorded on tuning (PA-03 rule 2); MDE gate section 4.12 passes,rule:home-domain>section-overlap>cluster-focus>fewest-decisions
DEC-LEG-063,2,RESERVED,legacy,LG-legacy,1,EXP-CONF-011,,,EXP-LEGACY-002; EXP-LEGACY-005,,research/experiments/EXP-CONF-011/record.md,research/normalized/EXP-CONF-011/decision/DEC-LEG-063-look2-mde.json,"only after a documented change, on new validation items from new independence groups committed and fingerprinted before use (section 5.2); otherwise labelled tuning",rule:home-domain>section-overlap>cluster-focus>fewest-decisions
DEC-LEG-064,1,PLANNED,legacy,LG-legacy,2,EXP-LEGACY-010,EXP-CONF-011,,EXP-CONF-009; EXP-LEGACY-002,,research/experiments/EXP-LEGACY-010/record.md; research/experiments/EXP-CONF-011/record.md,research/normalized/EXP-LEGACY-010/decision/DEC-LEG-064-look1-mde.json,after W and S of every decision in the look group are recorded on tuning (PA-03 rule 2); MDE gate section 4.12 passes,rule:home-domain>section-overlap>cluster-focus>fewest-decisions
DEC-LEG-064,2,RESERVED,legacy,LG-legacy,2,EXP-LEGACY-010,EXP-CONF-011,,EXP-CONF-009; EXP-LEGACY-002,,research/experiments/EXP-LEGACY-010/record.md; research/experiments/EXP-CONF-011/record.md,research/normalized/EXP-LEGACY-010/decision/DEC-LEG-064-look2-mde.json,"only after a documented change, on new validation items from new independence groups committed and fingerprinted before use (section 5.2); otherwise labelled tuning",rule:home-domain>section-overlap>cluster-focus>fewest-decisions
DEC-LEG-065,1,PLANNED,legacy,LG-legacy,2,EXP-LEGACY-010,EXP-ECO-011; EXP-PLAT-003,,EXP-LEGACY-002,,research/experiments/EXP-LEGACY-010/record.md; research/experiments/EXP-ECO-011/record.md; research/experiments/EXP-PLAT-003/record.md,research/normalized/EXP-LEGACY-010/decision/DEC-LEG-065-look1-mde.json,after W and S of every decision in the look group are recorded on tuning (PA-03 rule 2); MDE gate section 4.12 passes,rule:home-domain>section-overlap>cluster-focus>fewest-decisions
DEC-LEG-065,2,RESERVED,legacy,LG-legacy,2,EXP-LEGACY-010,EXP-ECO-011; EXP-PLAT-003,,EXP-LEGACY-002,,research/experiments/EXP-LEGACY-010/record.md; research/experiments/EXP-ECO-011/record.md; research/experiments/EXP-PLAT-003/record.md,research/normalized/EXP-LEGACY-010/decision/DEC-LEG-065-look2-mde.json,"only after a documented change, on new validation items from new independence groups committed and fingerprinted before use (section 5.2); otherwise labelled tuning",rule:home-domain>section-overlap>cluster-focus>fewest-decisions
DEC-LEG-066,1,PLANNED,legacy,LG-legacy,2,EXP-LEGACY-010,EXP-CONF-011,,EXP-LEGACY-002,,research/experiments/EXP-LEGACY-010/record.md; research/experiments/EXP-CONF-011/record.md,research/normalized/EXP-LEGACY-010/decision/DEC-LEG-066-look1-mde.json,after W and S of every decision in the look group are recorded on tuning (PA-03 rule 2); MDE gate section 4.12 passes,rule:home-domain>section-overlap>cluster-focus>fewest-decisions
DEC-LEG-066,2,RESERVED,legacy,LG-legacy,2,EXP-LEGACY-010,EXP-CONF-011,,EXP-LEGACY-002,,research/experiments/EXP-LEGACY-010/record.md; research/experiments/EXP-CONF-011/record.md,research/normalized/EXP-LEGACY-010/decision/DEC-LEG-066-look2-mde.json,"only after a documented change, on new validation items from new independence groups committed and fingerprinted before use (section 5.2); otherwise labelled tuning",rule:home-domain>section-overlap>cluster-focus>fewest-decisions
DEC-LEG-067,1,PLANNED,legacy,LG-legacy,2,EXP-LEGACY-010,EXP-PLAT-003,,EXP-LEGACY-002; EXP-LEGACY-006,,research/experiments/EXP-LEGACY-010/record.md; research/experiments/EXP-PLAT-003/record.md,research/normalized/EXP-LEGACY-010/decision/DEC-LEG-067-look1-mde.json,after W and S of every decision in the look group are recorded on tuning (PA-03 rule 2); MDE gate section 4.12 passes,rule:home-domain>section-overlap>cluster-focus>fewest-decisions
DEC-LEG-067,2,RESERVED,legacy,LG-legacy,2,EXP-LEGACY-010,EXP-PLAT-003,,EXP-LEGACY-002; EXP-LEGACY-006,,research/experiments/EXP-LEGACY-010/record.md; research/experiments/EXP-PLAT-003/record.md,research/normalized/EXP-LEGACY-010/decision/DEC-LEG-067-look2-mde.json,"only after a documented change, on new validation items from new independence groups committed and fingerprinted before use (section 5.2); otherwise labelled tuning",rule:home-domain>section-overlap>cluster-focus>fewest-decisions
DEC-LEG-068,1,PLANNED,legacy,LG-legacy,2,EXP-LEGACY-030,EXP-PLAT-004,,EXP-LEGACY-006,,research/experiments/EXP-LEGACY-030/record.md; research/experiments/EXP-PLAT-004/record.md,research/normalized/EXP-LEGACY-030/decision/DEC-LEG-068-look1-mde.json,after W and S of every decision in the look group are recorded on tuning (PA-03 rule 2); MDE gate section 4.12 passes,rule:home-domain>section-overlap>cluster-focus>fewest-decisions
DEC-LEG-068,2,RESERVED,legacy,LG-legacy,2,EXP-LEGACY-030,EXP-PLAT-004,,EXP-LEGACY-006,,research/experiments/EXP-LEGACY-030/record.md; research/experiments/EXP-PLAT-004/record.md,research/normalized/EXP-LEGACY-030/decision/DEC-LEG-068-look2-mde.json,"only after a documented change, on new validation items from new independence groups committed and fingerprinted before use (section 5.2); otherwise labelled tuning",rule:home-domain>section-overlap>cluster-focus>fewest-decisions
DEC-LEG-069,1,PLANNED,legacy,LG-legacy,2,EXP-LEGACY-010,,,EXP-LEGACY-002; EXP-LEGACY-004,,research/experiments/EXP-LEGACY-010/record.md,research/normalized/EXP-LEGACY-010/decision/DEC-LEG-069-look1-mde.json,after W and S of every decision in the look group are recorded on tuning (PA-03 rule 2); MDE gate section 4.12 passes,rule:home-domain>section-overlap>cluster-focus>fewest-decisions
DEC-LEG-069,2,RESERVED,legacy,LG-legacy,2,EXP-LEGACY-010,,,EXP-LEGACY-002; EXP-LEGACY-004,,research/experiments/EXP-LEGACY-010/record.md,research/normalized/EXP-LEGACY-010/decision/DEC-LEG-069-look2-mde.json,"only after a documented change, on new validation items from new independence groups committed and fingerprinted before use (section 5.2); otherwise labelled tuning",rule:home-domain>section-overlap>cluster-focus>fewest-decisions
DEC-LEG-070,1,PLANNED,legacy,LG-legacy,2,EXP-LEGACY-010,EXP-PLAT-003,,EXP-LEGACY-001,,research/experiments/EXP-LEGACY-010/record.md; research/experiments/EXP-PLAT-003/record.md,research/normalized/EXP-LEGACY-010/decision/DEC-LEG-070-look1-mde.json,after W and S of every decision in the look group are recorded on tuning (PA-03 rule 2); MDE gate section 4.12 passes,rule:home-domain>section-overlap>cluster-focus>fewest-decisions
DEC-LEG-070,2,RESERVED,legacy,LG-legacy,2,EXP-LEGACY-010,EXP-PLAT-003,,EXP-LEGACY-001,,research/experiments/EXP-LEGACY-010/record.md; research/experiments/EXP-PLAT-003/record.md,research/normalized/EXP-LEGACY-010/decision/DEC-LEG-070-look2-mde.json,"only after a documented change, on new validation items from new independence groups committed and fingerprinted before use (section 5.2); otherwise labelled tuning",rule:home-domain>section-overlap>cluster-focus>fewest-decisions
DEC-LEG-072,1,PLANNED,legacy,LG-legacy,2,EXP-LEGACY-010,EXP-CONF-011,,EXP-LEGACY-004,,research/experiments/EXP-LEGACY-010/record.md; research/experiments/EXP-CONF-011/record.md,research/normalized/EXP-LEGACY-010/decision/DEC-LEG-072-look1-mde.json,after W and S of every decision in the look group are recorded on tuning (PA-03 rule 2); MDE gate section 4.12 passes,rule:home-domain>section-overlap>cluster-focus>fewest-decisions
DEC-LEG-072,2,RESERVED,legacy,LG-legacy,2,EXP-LEGACY-010,EXP-CONF-011,,EXP-LEGACY-004,,research/experiments/EXP-LEGACY-010/record.md; research/experiments/EXP-CONF-011/record.md,research/normalized/EXP-LEGACY-010/decision/DEC-LEG-072-look2-mde.json,"only after a documented change, on new validation items from new independence groups committed and fingerprinted before use (section 5.2); otherwise labelled tuning",rule:home-domain>section-overlap>cluster-focus>fewest-decisions
DEC-LEG-073,1,PLANNED,legacy,LG-legacy,2,EXP-LEGACY-010,,,EXP-LEGACY-020; EXP-LEGACY-021,,research/experiments/EXP-LEGACY-010/record.md,research/normalized/EXP-LEGACY-010/decision/DEC-LEG-073-look1-mde.json,after W and S of every decision in the look group are recorded on tuning (PA-03 rule 2); MDE gate section 4.12 passes,rule:home-domain>section-overlap>cluster-focus>fewest-decisions
DEC-LEG-073,2,RESERVED,legacy,LG-legacy,2,EXP-LEGACY-010,,,EXP-LEGACY-020; EXP-LEGACY-021,,research/experiments/EXP-LEGACY-010/record.md,research/normalized/EXP-LEGACY-010/decision/DEC-LEG-073-look2-mde.json,"only after a documented change, on new validation items from new independence groups committed and fingerprinted before use (section 5.2); otherwise labelled tuning",rule:home-domain>section-overlap>cluster-focus>fewest-decisions
DEC-LEG-074,1,PLANNED,legacy,LG-legacy,2,EXP-LEGACY-010,,,EXP-LEGACY-004,,research/experiments/EXP-LEGACY-010/record.md,research/normalized/EXP-LEGACY-010/decision/DEC-LEG-074-look1-mde.json,after W and S of every decision in the look group are recorded on tuning (PA-03 rule 2); MDE gate section 4.12 passes,rule:home-domain>section-overlap>cluster-focus>fewest-decisions
DEC-LEG-074,2,RESERVED,legacy,LG-legacy,2,EXP-LEGACY-010,,,EXP-LEGACY-004,,research/experiments/EXP-LEGACY-010/record.md,research/normalized/EXP-LEGACY-010/decision/DEC-LEG-074-look2-mde.json,"only after a documented change, on new validation items from new independence groups committed and fingerprinted before use (section 5.2); otherwise labelled tuning",rule:home-domain>section-overlap>cluster-focus>fewest-decisions
DEC-LEG-075,1,PLANNED,legacy,LG-legacy,2,EXP-LEGACY-010,EXP-ECO-011,,EXP-ECO-001; EXP-LEGACY-004; EXP-LEGACY-021,,research/experiments/EXP-LEGACY-010/record.md; research/experiments/EXP-ECO-011/record.md,research/normalized/EXP-LEGACY-010/decision/DEC-LEG-075-look1-mde.json,after W and S of every decision in the look group are recorded on tuning (PA-03 rule 2); MDE gate section 4.12 passes,rule:home-domain>section-overlap>cluster-focus>fewest-decisions
DEC-LEG-075,2,RESERVED,legacy,LG-legacy,2,EXP-LEGACY-010,EXP-ECO-011,,EXP-ECO-001; EXP-LEGACY-004; EXP-LEGACY-021,,research/experiments/EXP-LEGACY-010/record.md; research/experiments/EXP-ECO-011/record.md,research/normalized/EXP-LEGACY-010/decision/DEC-LEG-075-look2-mde.json,"only after a documented change, on new validation items from new independence groups committed and fingerprinted before use (section 5.2); otherwise labelled tuning",rule:home-domain>section-overlap>cluster-focus>fewest-decisions
DEC-LEG-076,1,PLANNED,legacy,LG-legacy,2,EXP-LEGACY-010,EXP-PLAT-003,,,,research/experiments/EXP-LEGACY-010/record.md; research/experiments/EXP-PLAT-003/record.md,research/normalized/EXP-LEGACY-010/decision/DEC-LEG-076-look1-mde.json,after W and S of every decision in the look group are recorded on tuning (PA-03 rule 2); MDE gate section 4.12 passes,rule:home-domain>section-overlap>cluster-focus>fewest-decisions
DEC-LEG-076,2,RESERVED,legacy,LG-legacy,2,EXP-LEGACY-010,EXP-PLAT-003,,,,research/experiments/EXP-LEGACY-010/record.md; research/experiments/EXP-PLAT-003/record.md,research/normalized/EXP-LEGACY-010/decision/DEC-LEG-076-look2-mde.json,"only after a documented change, on new validation items from new independence groups committed and fingerprinted before use (section 5.2); otherwise labelled tuning",rule:home-domain>section-overlap>cluster-focus>fewest-decisions
DEC-LEG-077,1,PLANNED,legacy,LG-legacy,2,EXP-LEGACY-010,EXP-PLAT-002,,EXP-LEGACY-001,,research/experiments/EXP-LEGACY-010/record.md; research/experiments/EXP-PLAT-002/record.md,research/normalized/EXP-LEGACY-010/decision/DEC-LEG-077-look1-mde.json,after W and S of every decision in the look group are recorded on tuning (PA-03 rule 2); MDE gate section 4.12 passes,rule:home-domain>section-overlap>cluster-focus>fewest-decisions
DEC-LEG-077,2,RESERVED,legacy,LG-legacy,2,EXP-LEGACY-010,EXP-PLAT-002,,EXP-LEGACY-001,,research/experiments/EXP-LEGACY-010/record.md; research/experiments/EXP-PLAT-002/record.md,research/normalized/EXP-LEGACY-010/decision/DEC-LEG-077-look2-mde.json,"only after a documented change, on new validation items from new independence groups committed and fingerprinted before use (section 5.2); otherwise labelled tuning",rule:home-domain>section-overlap>cluster-focus>fewest-decisions
DEC-LEG-079,1,PLANNED,legacy,LG-legacy,2,EXP-PLAT-002,,,EXP-LEGACY-001,,research/experiments/EXP-PLAT-002/record.md,research/normalized/EXP-PLAT-002/decision/DEC-LEG-079-look1-mde.json,after W and S of every decision in the look group are recorded on tuning (PA-03 rule 2); MDE gate section 4.12 passes,rule:home-domain>section-overlap>cluster-focus>fewest-decisions
DEC-LEG-079,2,RESERVED,legacy,LG-legacy,2,EXP-PLAT-002,,,EXP-LEGACY-001,,research/experiments/EXP-PLAT-002/record.md,research/normalized/EXP-PLAT-002/decision/DEC-LEG-079-look2-mde.json,"only after a documented change, on new validation items from new independence groups committed and fingerprinted before use (section 5.2); otherwise labelled tuning",rule:home-domain>section-overlap>cluster-focus>fewest-decisions
DEC-LEG-081,1,PLANNED,legacy,LG-legacy,1,EXP-CONF-011,,,EXP-LEGACY-001; EXP-LEGACY-005,,research/experiments/EXP-CONF-011/record.md,research/normalized/EXP-CONF-011/decision/DEC-LEG-081-look1-mde.json,after W and S of every decision in the look group are recorded on tuning (PA-03 rule 2); MDE gate section 4.12 passes,rule:home-domain>section-overlap>cluster-focus>fewest-decisions
DEC-LEG-081,2,RESERVED,legacy,LG-legacy,1,EXP-CONF-011,,,EXP-LEGACY-001; EXP-LEGACY-005,,research/experiments/EXP-CONF-011/record.md,research/normalized/EXP-CONF-011/decision/DEC-LEG-081-look2-mde.json,"only after a documented change, on new validation items from new independence groups committed and fingerprinted before use (section 5.2); otherwise labelled tuning",rule:home-domain>section-overlap>cluster-focus>fewest-decisions
DEC-LEG-082,1,PLANNED,legacy,LG-legacy,1,EXP-CONF-011,,,EXP-LEGACY-001; EXP-LEGACY-005; EXP-LEGACY-021,,research/experiments/EXP-CONF-011/record.md,research/normalized/EXP-CONF-011/decision/DEC-LEG-082-look1-mde.json,after W and S of every decision in the look group are recorded on tuning (PA-03 rule 2); MDE gate section 4.12 passes,rule:home-domain>section-overlap>cluster-focus>fewest-decisions
DEC-LEG-082,2,RESERVED,legacy,LG-legacy,1,EXP-CONF-011,,,EXP-LEGACY-001; EXP-LEGACY-005; EXP-LEGACY-021,,research/experiments/EXP-CONF-011/record.md,research/normalized/EXP-CONF-011/decision/DEC-LEG-082-look2-mde.json,"only after a documented change, on new validation items from new independence groups committed and fingerprinted before use (section 5.2); otherwise labelled tuning",rule:home-domain>section-overlap>cluster-focus>fewest-decisions
DEC-LEG-083,1,PLANNED,legacy,LG-legacy,2,EXP-LEGACY-041,EXP-CONF-011,,EXP-LEGACY-001,,research/experiments/EXP-LEGACY-041/record.md; research/experiments/EXP-CONF-011/record.md,research/normalized/EXP-LEGACY-041/decision/DEC-LEG-083-look1-mde.json,after W and S of every decision in the look group are recorded on tuning (PA-03 rule 2); MDE gate section 4.12 passes,rule:home-domain>section-overlap>cluster-focus>fewest-decisions
DEC-LEG-083,2,RESERVED,legacy,LG-legacy,2,EXP-LEGACY-041,EXP-CONF-011,,EXP-LEGACY-001,,research/experiments/EXP-LEGACY-041/record.md; research/experiments/EXP-CONF-011/record.md,research/normalized/EXP-LEGACY-041/decision/DEC-LEG-083-look2-mde.json,"only after a documented change, on new validation items from new independence groups committed and fingerprinted before use (section 5.2); otherwise labelled tuning",rule:home-domain>section-overlap>cluster-focus>fewest-decisions
DEC-LEG-084,1,PLANNED,legacy,LG-legacy,1,EXP-CONF-011,,,EXP-LEGACY-001,,research/experiments/EXP-CONF-011/record.md,research/normalized/EXP-CONF-011/decision/DEC-LEG-084-look1-mde.json,after W and S of every decision in the look group are recorded on tuning (PA-03 rule 2); MDE gate section 4.12 passes,rule:home-domain>section-overlap>cluster-focus>fewest-decisions
DEC-LEG-084,2,RESERVED,legacy,LG-legacy,1,EXP-CONF-011,,,EXP-LEGACY-001,,research/experiments/EXP-CONF-011/record.md,research/normalized/EXP-CONF-011/decision/DEC-LEG-084-look2-mde.json,"only after a documented change, on new validation items from new independence groups committed and fingerprinted before use (section 5.2); otherwise labelled tuning",rule:home-domain>section-overlap>cluster-focus>fewest-decisions
DEC-LEG-085,1,PLANNED,legacy,LG-legacy,2,EXP-LEGACY-010,EXP-ECO-011; EXP-LEGACY-041,,EXP-ECO-001; EXP-LEGACY-001; EXP-LEGACY-021,,research/experiments/EXP-LEGACY-010/record.md; research/experiments/EXP-ECO-011/record.md; research/experiments/EXP-LEGACY-041/record.md,research/normalized/EXP-LEGACY-010/decision/DEC-LEG-085-look1-mde.json,after W and S of every decision in the look group are recorded on tuning (PA-03 rule 2); MDE gate section 4.12 passes,rule:home-domain>section-overlap>cluster-focus>fewest-decisions
DEC-LEG-085,2,RESERVED,legacy,LG-legacy,2,EXP-LEGACY-010,EXP-ECO-011; EXP-LEGACY-041,,EXP-ECO-001; EXP-LEGACY-001; EXP-LEGACY-021,,research/experiments/EXP-LEGACY-010/record.md; research/experiments/EXP-ECO-011/record.md; research/experiments/EXP-LEGACY-041/record.md,research/normalized/EXP-LEGACY-010/decision/DEC-LEG-085-look2-mde.json,"only after a documented change, on new validation items from new independence groups committed and fingerprinted before use (section 5.2); otherwise labelled tuning",rule:home-domain>section-overlap>cluster-focus>fewest-decisions
DEC-LEG-087,1,PLANNED,legacy,LG-legacy,1,EXP-CONF-011,,,EXP-LEGACY-001; EXP-LEGACY-005,,research/experiments/EXP-CONF-011/record.md,research/normalized/EXP-CONF-011/decision/DEC-LEG-087-look1-mde.json,after W and S of every decision in the look group are recorded on tuning (PA-03 rule 2); MDE gate section 4.12 passes,rule:home-domain>section-overlap>cluster-focus>fewest-decisions
DEC-LEG-087,2,RESERVED,legacy,LG-legacy,1,EXP-CONF-011,,,EXP-LEGACY-001; EXP-LEGACY-005,,research/experiments/EXP-CONF-011/record.md,research/normalized/EXP-CONF-011/decision/DEC-LEG-087-look2-mde.json,"only after a documented change, on new validation items from new independence groups committed and fingerprinted before use (section 5.2); otherwise labelled tuning",rule:home-domain>section-overlap>cluster-focus>fewest-decisions
DEC-LEG-088,1,PLANNED,legacy,LG-legacy,2,EXP-LEGACY-010,EXP-PLAT-003; EXP-PLAT-006,,EXP-LEGACY-051,,research/experiments/EXP-LEGACY-010/record.md; research/experiments/EXP-PLAT-003/record.md; research/experiments/EXP-PLAT-006/record.md,research/normalized/EXP-LEGACY-010/decision/DEC-LEG-088-look1-mde.json,after W and S of every decision in the look group are recorded on tuning (PA-03 rule 2); MDE gate section 4.12 passes,rule:home-domain>section-overlap>cluster-focus>fewest-decisions
DEC-LEG-088,2,RESERVED,legacy,LG-legacy,2,EXP-LEGACY-010,EXP-PLAT-003; EXP-PLAT-006,,EXP-LEGACY-051,,research/experiments/EXP-LEGACY-010/record.md; research/experiments/EXP-PLAT-003/record.md; research/experiments/EXP-PLAT-006/record.md,research/normalized/EXP-LEGACY-010/decision/DEC-LEG-088-look2-mde.json,"only after a documented change, on new validation items from new independence groups committed and fingerprinted before use (section 5.2); otherwise labelled tuning",rule:home-domain>section-overlap>cluster-focus>fewest-decisions
DEC-LEG-089,1,PLANNED,legacy,LG-legacy,2,EXP-LEGACY-010,EXP-CRYPTO-019,,EXP-LEGACY-001,,research/experiments/EXP-LEGACY-010/record.md; research/experiments/EXP-CRYPTO-019/record.md,research/normalized/EXP-LEGACY-010/decision/DEC-LEG-089-look1-mde.json,after W and S of every decision in the look group are recorded on tuning (PA-03 rule 2); MDE gate section 4.12 passes,rule:home-domain>section-overlap>cluster-focus>fewest-decisions
DEC-LEG-089,2,RESERVED,legacy,LG-legacy,2,EXP-LEGACY-010,EXP-CRYPTO-019,,EXP-LEGACY-001,,research/experiments/EXP-LEGACY-010/record.md; research/experiments/EXP-CRYPTO-019/record.md,research/normalized/EXP-LEGACY-010/decision/DEC-LEG-089-look2-mde.json,"only after a documented change, on new validation items from new independence groups committed and fingerprinted before use (section 5.2); otherwise labelled tuning",rule:home-domain>section-overlap>cluster-focus>fewest-decisions
DEC-LEG-090,1,PLANNED,legacy,LG-legacy,2,EXP-LEGACY-010,EXP-CONF-011,,EXP-LEGACY-001,,research/experiments/EXP-LEGACY-010/record.md; research/experiments/EXP-CONF-011/record.md,research/normalized/EXP-LEGACY-010/decision/DEC-LEG-090-look1-mde.json,after W and S of every decision in the look group are recorded on tuning (PA-03 rule 2); MDE gate section 4.12 passes,rule:home-domain>section-overlap>cluster-focus>fewest-decisions
DEC-LEG-090,2,RESERVED,legacy,LG-legacy,2,EXP-LEGACY-010,EXP-CONF-011,,EXP-LEGACY-001,,research/experiments/EXP-LEGACY-010/record.md; research/experiments/EXP-CONF-011/record.md,research/normalized/EXP-LEGACY-010/decision/DEC-LEG-090-look2-mde.json,"only after a documented change, on new validation items from new independence groups committed and fingerprinted before use (section 5.2); otherwise labelled tuning",rule:home-domain>section-overlap>cluster-focus>fewest-decisions
DEC-LEG-091,1,PLANNED,legacy,LG-legacy,2,EXP-LEGACY-030,EXP-PLAT-013,,,,research/experiments/EXP-LEGACY-030/record.md; research/experiments/EXP-PLAT-013/record.md,research/normalized/EXP-LEGACY-030/decision/DEC-LEG-091-look1-mde.json,after W and S of every decision in the look group are recorded on tuning (PA-03 rule 2); MDE gate section 4.12 passes,rule:home-domain>section-overlap>cluster-focus>fewest-decisions
DEC-LEG-091,2,RESERVED,legacy,LG-legacy,2,EXP-LEGACY-030,EXP-PLAT-013,,,,research/experiments/EXP-LEGACY-030/record.md; research/experiments/EXP-PLAT-013/record.md,research/normalized/EXP-LEGACY-030/decision/DEC-LEG-091-look2-mde.json,"only after a documented change, on new validation items from new independence groups committed and fingerprinted before use (section 5.2); otherwise labelled tuning",rule:home-domain>section-overlap>cluster-focus>fewest-decisions
DEC-LEG-092,1,PLANNED,legacy,LG-legacy,2,EXP-LEGACY-010,EXP-PLAT-003,,EXP-LEGACY-001; EXP-LEGACY-051,,research/experiments/EXP-LEGACY-010/record.md; research/experiments/EXP-PLAT-003/record.md,research/normalized/EXP-LEGACY-010/decision/DEC-LEG-092-look1-mde.json,after W and S of every decision in the look group are recorded on tuning (PA-03 rule 2); MDE gate section 4.12 passes,rule:home-domain>section-overlap>cluster-focus>fewest-decisions
DEC-LEG-092,2,RESERVED,legacy,LG-legacy,2,EXP-LEGACY-010,EXP-PLAT-003,,EXP-LEGACY-001; EXP-LEGACY-051,,research/experiments/EXP-LEGACY-010/record.md; research/experiments/EXP-PLAT-003/record.md,research/normalized/EXP-LEGACY-010/decision/DEC-LEG-092-look2-mde.json,"only after a documented change, on new validation items from new independence groups committed and fingerprinted before use (section 5.2); otherwise labelled tuning",rule:home-domain>section-overlap>cluster-focus>fewest-decisions
DEC-LEG-093,1,PLANNED,legacy,LG-legacy,2,EXP-LEGACY-010,EXP-LEGACY-040; EXP-LEGACY-041,,,,research/experiments/EXP-LEGACY-010/record.md; research/experiments/EXP-LEGACY-040/record.md; research/experiments/EXP-LEGACY-041/record.md,research/normalized/EXP-LEGACY-010/decision/DEC-LEG-093-look1-mde.json,after W and S of every decision in the look group are recorded on tuning (PA-03 rule 2); MDE gate section 4.12 passes,rule:home-domain>section-overlap>cluster-focus>fewest-decisions
DEC-LEG-093,2,RESERVED,legacy,LG-legacy,2,EXP-LEGACY-010,EXP-LEGACY-040; EXP-LEGACY-041,,,,research/experiments/EXP-LEGACY-010/record.md; research/experiments/EXP-LEGACY-040/record.md; research/experiments/EXP-LEGACY-041/record.md,research/normalized/EXP-LEGACY-010/decision/DEC-LEG-093-look2-mde.json,"only after a documented change, on new validation items from new independence groups committed and fingerprinted before use (section 5.2); otherwise labelled tuning",rule:home-domain>section-overlap>cluster-focus>fewest-decisions
DEC-LEG-094,1,PLANNED,legacy,LG-legacy,2,EXP-LEGACY-010,EXP-PLAT-003,,EXP-LEGACY-001; EXP-LEGACY-006,,research/experiments/EXP-LEGACY-010/record.md; research/experiments/EXP-PLAT-003/record.md,research/normalized/EXP-LEGACY-010/decision/DEC-LEG-094-look1-mde.json,after W and S of every decision in the look group are recorded on tuning (PA-03 rule 2); MDE gate section 4.12 passes,rule:home-domain>section-overlap>cluster-focus>fewest-decisions
DEC-LEG-094,2,RESERVED,legacy,LG-legacy,2,EXP-LEGACY-010,EXP-PLAT-003,,EXP-LEGACY-001; EXP-LEGACY-006,,research/experiments/EXP-LEGACY-010/record.md; research/experiments/EXP-PLAT-003/record.md,research/normalized/EXP-LEGACY-010/decision/DEC-LEG-094-look2-mde.json,"only after a documented change, on new validation items from new independence groups committed and fingerprinted before use (section 5.2); otherwise labelled tuning",rule:home-domain>section-overlap>cluster-focus>fewest-decisions
DEC-LEG-095,1,PLANNED,legacy,LG-legacy,2,EXP-LEGACY-010,EXP-CONF-011; EXP-LEGACY-041,,EXP-CONF-009; EXP-LEGACY-001,,research/experiments/EXP-LEGACY-010/record.md; research/experiments/EXP-CONF-011/record.md; research/experiments/EXP-LEGACY-041/record.md,research/normalized/EXP-LEGACY-010/decision/DEC-LEG-095-look1-mde.json,after W and S of every decision in the look group are recorded on tuning (PA-03 rule 2); MDE gate section 4.12 passes,rule:home-domain>section-overlap>cluster-focus>fewest-decisions
DEC-LEG-095,2,RESERVED,legacy,LG-legacy,2,EXP-LEGACY-010,EXP-CONF-011; EXP-LEGACY-041,,EXP-CONF-009; EXP-LEGACY-001,,research/experiments/EXP-LEGACY-010/record.md; research/experiments/EXP-CONF-011/record.md; research/experiments/EXP-LEGACY-041/record.md,research/normalized/EXP-LEGACY-010/decision/DEC-LEG-095-look2-mde.json,"only after a documented change, on new validation items from new independence groups committed and fingerprinted before use (section 5.2); otherwise labelled tuning",rule:home-domain>section-overlap>cluster-focus>fewest-decisions
DEC-LEG-096,1,PLANNED,legacy,LG-legacy,2,EXP-LEGACY-040,,,EXP-LEGACY-050,,research/experiments/EXP-LEGACY-040/record.md,research/normalized/EXP-LEGACY-040/decision/DEC-LEG-096-look1-mde.json,after W and S of every decision in the look group are recorded on tuning (PA-03 rule 2); MDE gate section 4.12 passes,rule:home-domain>section-overlap>cluster-focus>fewest-decisions
DEC-LEG-096,2,RESERVED,legacy,LG-legacy,2,EXP-LEGACY-040,,,EXP-LEGACY-050,,research/experiments/EXP-LEGACY-040/record.md,research/normalized/EXP-LEGACY-040/decision/DEC-LEG-096-look2-mde.json,"only after a documented change, on new validation items from new independence groups committed and fingerprinted before use (section 5.2); otherwise labelled tuning",rule:home-domain>section-overlap>cluster-focus>fewest-decisions
DEC-LEG-099,1,PLANNED,legacy,LG-legacy,2,EXP-LEGACY-010,,,EXP-LEGACY-070,,research/experiments/EXP-LEGACY-010/record.md,research/normalized/EXP-LEGACY-010/decision/DEC-LEG-099-look1-mde.json,after W and S of every decision in the look group are recorded on tuning (PA-03 rule 2); MDE gate section 4.12 passes,rule:home-domain>section-overlap>cluster-focus>fewest-decisions
DEC-LEG-099,2,RESERVED,legacy,LG-legacy,2,EXP-LEGACY-010,,,EXP-LEGACY-070,,research/experiments/EXP-LEGACY-010/record.md,research/normalized/EXP-LEGACY-010/decision/DEC-LEG-099-look2-mde.json,"only after a documented change, on new validation items from new independence groups committed and fingerprinted before use (section 5.2); otherwise labelled tuning",rule:home-domain>section-overlap>cluster-focus>fewest-decisions
DEC-LEG-101,1,PLANNED,legacy,LG-legacy,2,EXP-LEGACY-040,,,,,research/experiments/EXP-LEGACY-040/record.md,research/normalized/EXP-LEGACY-040/decision/DEC-LEG-101-look1-mde.json,after W and S of every decision in the look group are recorded on tuning (PA-03 rule 2); MDE gate section 4.12 passes,rule:home-domain>section-overlap>cluster-focus>fewest-decisions
DEC-LEG-101,2,RESERVED,legacy,LG-legacy,2,EXP-LEGACY-040,,,,,research/experiments/EXP-LEGACY-040/record.md,research/normalized/EXP-LEGACY-040/decision/DEC-LEG-101-look2-mde.json,"only after a documented change, on new validation items from new independence groups committed and fingerprinted before use (section 5.2); otherwise labelled tuning",rule:home-domain>section-overlap>cluster-focus>fewest-decisions
DEC-LEG-102,1,PLANNED,legacy,LG-legacy,2,EXP-LEGACY-010,EXP-CONF-011,,EXP-LEGACY-001,,research/experiments/EXP-LEGACY-010/record.md; research/experiments/EXP-CONF-011/record.md,research/normalized/EXP-LEGACY-010/decision/DEC-LEG-102-look1-mde.json,after W and S of every decision in the look group are recorded on tuning (PA-03 rule 2); MDE gate section 4.12 passes,rule:home-domain>section-overlap>cluster-focus>fewest-decisions
DEC-LEG-102,2,RESERVED,legacy,LG-legacy,2,EXP-LEGACY-010,EXP-CONF-011,,EXP-LEGACY-001,,research/experiments/EXP-LEGACY-010/record.md; research/experiments/EXP-CONF-011/record.md,research/normalized/EXP-LEGACY-010/decision/DEC-LEG-102-look2-mde.json,"only after a documented change, on new validation items from new independence groups committed and fingerprinted before use (section 5.2); otherwise labelled tuning",rule:home-domain>section-overlap>cluster-focus>fewest-decisions
DEC-LEG-103,1,PLANNED,legacy,LG-legacy,2,EXP-LEGACY-010,EXP-CONF-011,,EXP-LEGACY-001; EXP-LEGACY-050,,research/experiments/EXP-LEGACY-010/record.md; research/experiments/EXP-CONF-011/record.md,research/normalized/EXP-LEGACY-010/decision/DEC-LEG-103-look1-mde.json,after W and S of every decision in the look group are recorded on tuning (PA-03 rule 2); MDE gate section 4.12 passes,rule:home-domain>section-overlap>cluster-focus>fewest-decisions
DEC-LEG-103,2,RESERVED,legacy,LG-legacy,2,EXP-LEGACY-010,EXP-CONF-011,,EXP-LEGACY-001; EXP-LEGACY-050,,research/experiments/EXP-LEGACY-010/record.md; research/experiments/EXP-CONF-011/record.md,research/normalized/EXP-LEGACY-010/decision/DEC-LEG-103-look2-mde.json,"only after a documented change, on new validation items from new independence groups committed and fingerprinted before use (section 5.2); otherwise labelled tuning",rule:home-domain>section-overlap>cluster-focus>fewest-decisions
DEC-LEG-104,1,PLANNED,legacy,LG-legacy,2,EXP-LEGACY-010,,,EXP-LEGACY-001,,research/experiments/EXP-LEGACY-010/record.md,research/normalized/EXP-LEGACY-010/decision/DEC-LEG-104-look1-mde.json,after W and S of every decision in the look group are recorded on tuning (PA-03 rule 2); MDE gate section 4.12 passes,rule:home-domain>section-overlap>cluster-focus>fewest-decisions
DEC-LEG-104,2,RESERVED,legacy,LG-legacy,2,EXP-LEGACY-010,,,EXP-LEGACY-001,,research/experiments/EXP-LEGACY-010/record.md,research/normalized/EXP-LEGACY-010/decision/DEC-LEG-104-look2-mde.json,"only after a documented change, on new validation items from new independence groups committed and fingerprinted before use (section 5.2); otherwise labelled tuning",rule:home-domain>section-overlap>cluster-focus>fewest-decisions
DEC-LEG-105,1,PLANNED,legacy,LG-legacy,2,EXP-LEGACY-010,EXP-CONF-011,,EXP-LEGACY-001,,research/experiments/EXP-LEGACY-010/record.md; research/experiments/EXP-CONF-011/record.md,research/normalized/EXP-LEGACY-010/decision/DEC-LEG-105-look1-mde.json,after W and S of every decision in the look group are recorded on tuning (PA-03 rule 2); MDE gate section 4.12 passes,rule:home-domain>section-overlap>cluster-focus>fewest-decisions
DEC-LEG-105,2,RESERVED,legacy,LG-legacy,2,EXP-LEGACY-010,EXP-CONF-011,,EXP-LEGACY-001,,research/experiments/EXP-LEGACY-010/record.md; research/experiments/EXP-CONF-011/record.md,research/normalized/EXP-LEGACY-010/decision/DEC-LEG-105-look2-mde.json,"only after a documented change, on new validation items from new independence groups committed and fingerprinted before use (section 5.2); otherwise labelled tuning",rule:home-domain>section-overlap>cluster-focus>fewest-decisions
DEC-LEG-106,1,PLANNED,legacy,LG-legacy,2,EXP-LEGACY-010,EXP-CROSSFILE-014,,EXP-LEGACY-004,,research/experiments/EXP-LEGACY-010/record.md; research/experiments/EXP-CROSSFILE-014/record.md,research/normalized/EXP-LEGACY-010/decision/DEC-LEG-106-look1-mde.json,after W and S of every decision in the look group are recorded on tuning (PA-03 rule 2); MDE gate section 4.12 passes,rule:home-domain>section-overlap>cluster-focus>fewest-decisions
DEC-LEG-106,2,RESERVED,legacy,LG-legacy,2,EXP-LEGACY-010,EXP-CROSSFILE-014,,EXP-LEGACY-004,,research/experiments/EXP-LEGACY-010/record.md; research/experiments/EXP-CROSSFILE-014/record.md,research/normalized/EXP-LEGACY-010/decision/DEC-LEG-106-look2-mde.json,"only after a documented change, on new validation items from new independence groups committed and fingerprinted before use (section 5.2); otherwise labelled tuning",rule:home-domain>section-overlap>cluster-focus>fewest-decisions
DEC-LEG-107,1,PLANNED,legacy,LG-legacy,2,EXP-LEGACY-010,EXP-CONF-011,,EXP-LEGACY-004,,research/experiments/EXP-LEGACY-010/record.md; research/experiments/EXP-CONF-011/record.md,research/normalized/EXP-LEGACY-010/decision/DEC-LEG-107-look1-mde.json,after W and S of every decision in the look group are recorded on tuning (PA-03 rule 2); MDE gate section 4.12 passes,rule:home-domain>section-overlap>cluster-focus>fewest-decisions
DEC-LEG-107,2,RESERVED,legacy,LG-legacy,2,EXP-LEGACY-010,EXP-CONF-011,,EXP-LEGACY-004,,research/experiments/EXP-LEGACY-010/record.md; research/experiments/EXP-CONF-011/record.md,research/normalized/EXP-LEGACY-010/decision/DEC-LEG-107-look2-mde.json,"only after a documented change, on new validation items from new independence groups committed and fingerprinted before use (section 5.2); otherwise labelled tuning",rule:home-domain>section-overlap>cluster-focus>fewest-decisions
DEC-LEG-108,1,PLANNED,legacy,LG-legacy,2,EXP-LEGACY-032,EXP-LEGACY-030; EXP-SCALE-009,,EXP-SCALE-002,,research/experiments/EXP-LEGACY-032/record.md; research/experiments/EXP-LEGACY-030/record.md; research/experiments/EXP-SCALE-009/record.md,research/normalized/EXP-LEGACY-032/decision/DEC-LEG-108-look1-mde.json,after W and S of every decision in the look group are recorded on tuning (PA-03 rule 2); MDE gate section 4.12 passes,rule:home-domain>section-overlap>cluster-focus>fewest-decisions
DEC-LEG-108,2,RESERVED,legacy,LG-legacy,2,EXP-LEGACY-032,EXP-LEGACY-030; EXP-SCALE-009,,EXP-SCALE-002,,research/experiments/EXP-LEGACY-032/record.md; research/experiments/EXP-LEGACY-030/record.md; research/experiments/EXP-SCALE-009/record.md,research/normalized/EXP-LEGACY-032/decision/DEC-LEG-108-look2-mde.json,"only after a documented change, on new validation items from new independence groups committed and fingerprinted before use (section 5.2); otherwise labelled tuning",rule:home-domain>section-overlap>cluster-focus>fewest-decisions
DEC-MOD-001,1,PLANNED,model,LG-model,1,EXP-INT-008,,,EXP-INT-007,,research/experiments/EXP-INT-008/record.md,research/normalized/EXP-INT-008/decision/DEC-MOD-001-look1-mde.json,after W and S of every decision in the look group are recorded on tuning (PA-03 rule 2); MDE gate section 4.12 passes,rule:home-domain>section-overlap>cluster-focus>fewest-decisions
DEC-MOD-001,2,RESERVED,model,LG-model,1,EXP-INT-008,,,EXP-INT-007,,research/experiments/EXP-INT-008/record.md,research/normalized/EXP-INT-008/decision/DEC-MOD-001-look2-mde.json,"only after a documented change, on new validation items from new independence groups committed and fingerprinted before use (section 5.2); otherwise labelled tuning",rule:home-domain>section-overlap>cluster-focus>fewest-decisions
DEC-MOD-002,1,PLANNED,model,LG-model,2,EXP-PLAT-005,EXP-PLAT-010; EXP-PLAT-019; EXP-PLAT-024,,,,research/experiments/EXP-PLAT-005/record.md; research/experiments/EXP-PLAT-010/record.md; research/experiments/EXP-PLAT-019/record.md; research/experiments/EXP-PLAT-024/record.md,research/normalized/EXP-PLAT-005/decision/DEC-MOD-002-look1-mde.json,after W and S of every decision in the look group are recorded on tuning (PA-03 rule 2); MDE gate section 4.12 passes,rule:home-domain>section-overlap>cluster-focus>fewest-decisions
DEC-MOD-002,2,RESERVED,model,LG-model,2,EXP-PLAT-005,EXP-PLAT-010; EXP-PLAT-019; EXP-PLAT-024,,,,research/experiments/EXP-PLAT-005/record.md; research/experiments/EXP-PLAT-010/record.md; research/experiments/EXP-PLAT-019/record.md; research/experiments/EXP-PLAT-024/record.md,research/normalized/EXP-PLAT-005/decision/DEC-MOD-002-look2-mde.json,"only after a documented change, on new validation items from new independence groups committed and fingerprinted before use (section 5.2); otherwise labelled tuning",rule:home-domain>section-overlap>cluster-focus>fewest-decisions
DEC-MOD-004,1,PLANNED,model,LG-model,2,EXP-CON-001,EXP-CONF-002; EXP-SCALE-001; EXP-SCALE-007,,EXP-CONF-001,,research/experiments/EXP-CON-001/record.md; research/experiments/EXP-CONF-002/record.md; research/experiments/EXP-SCALE-001/record.md; research/experiments/EXP-SCALE-007/record.md,research/normalized/EXP-CON-001/decision/DEC-MOD-004-look1-mde.json,after W and S of every decision in the look group are recorded on tuning (PA-03 rule 2); MDE gate section 4.12 passes,rule:home-domain>section-overlap>cluster-focus>fewest-decisions
DEC-MOD-004,2,RESERVED,model,LG-model,2,EXP-CON-001,EXP-CONF-002; EXP-SCALE-001; EXP-SCALE-007,,EXP-CONF-001,,research/experiments/EXP-CON-001/record.md; research/experiments/EXP-CONF-002/record.md; research/experiments/EXP-SCALE-001/record.md; research/experiments/EXP-SCALE-007/record.md,research/normalized/EXP-CON-001/decision/DEC-MOD-004-look2-mde.json,"only after a documented change, on new validation items from new independence groups committed and fingerprinted before use (section 5.2); otherwise labelled tuning",rule:home-domain>section-overlap>cluster-focus>fewest-decisions
DEC-MOD-005,1,PLANNED,model,LG-model,4,EXP-ECO-014,,,,,research/experiments/EXP-ECO-014/record.md,research/normalized/EXP-ECO-014/decision/DEC-MOD-005-look1-mde.json,after W and S of every decision in the look group are recorded on tuning (PA-03 rule 2); MDE gate section 4.12 passes,rule:home-domain>section-overlap>cluster-focus>fewest-decisions
DEC-MOD-005,2,RESERVED,model,LG-model,4,EXP-ECO-014,,,,,research/experiments/EXP-ECO-014/record.md,research/normalized/EXP-ECO-014/decision/DEC-MOD-005-look2-mde.json,"only after a documented change, on new validation items from new independence groups committed and fingerprinted before use (section 5.2); otherwise labelled tuning",rule:home-domain>section-overlap>cluster-focus>fewest-decisions
DEC-MOD-006,1,PLANNED,model,LG-model,2,EXP-CON-001,EXP-CONF-002,,EXP-CONF-001; EXP-CONF-009; EXP-CONF-010,,research/experiments/EXP-CON-001/record.md; research/experiments/EXP-CONF-002/record.md,research/normalized/EXP-CON-001/decision/DEC-MOD-006-look1-mde.json,after W and S of every decision in the look group are recorded on tuning (PA-03 rule 2); MDE gate section 4.12 passes,rule:home-domain>section-overlap>cluster-focus>fewest-decisions
DEC-MOD-006,2,RESERVED,model,LG-model,2,EXP-CON-001,EXP-CONF-002,,EXP-CONF-001; EXP-CONF-009; EXP-CONF-010,,research/experiments/EXP-CON-001/record.md; research/experiments/EXP-CONF-002/record.md,research/normalized/EXP-CON-001/decision/DEC-MOD-006-look2-mde.json,"only after a documented change, on new validation items from new independence groups committed and fingerprinted before use (section 5.2); otherwise labelled tuning",rule:home-domain>section-overlap>cluster-focus>fewest-decisions
DEC-MOD-007,1,PLANNED,model,LG-model,1,EXP-INT-015,EXP-CON-003; EXP-REMOTE-007,,EXP-INT-015,counterexample search and exact proof-cost model: EXP-INT-015; emulated-network cost: EXP-REMOTE-007,research/experiments/EXP-INT-015/record.md; research/experiments/EXP-CON-003/record.md; research/experiments/EXP-REMOTE-007/record.md,research/normalized/EXP-INT-015/decision/DEC-MOD-007-look1-mde.json,after W and S of every decision in the look group are recorded on tuning (PA-03 rule 2); MDE gate section 4.12 passes,override:integrity C13
DEC-MOD-007,2,RESERVED,model,LG-model,1,EXP-INT-015,EXP-CON-003; EXP-REMOTE-007,,EXP-INT-015,counterexample search and exact proof-cost model: EXP-INT-015; emulated-network cost: EXP-REMOTE-007,research/experiments/EXP-INT-015/record.md; research/experiments/EXP-CON-003/record.md; research/experiments/EXP-REMOTE-007/record.md,research/normalized/EXP-INT-015/decision/DEC-MOD-007-look2-mde.json,"only after a documented change, on new validation items from new independence groups committed and fingerprinted before use (section 5.2); otherwise labelled tuning",override:integrity C13
DEC-MOD-008,1,PLANNED,model,LG-model,1,EXP-CHUNK-011,EXP-CONF-006,,EXP-CONF-004,,research/experiments/EXP-CHUNK-011/record.md; research/experiments/EXP-CONF-006/record.md,research/normalized/EXP-CHUNK-011/decision/DEC-MOD-008-look1-mde.json,after W and S of every decision in the look group are recorded on tuning (PA-03 rule 2); MDE gate section 4.12 passes,rule:home-domain>section-overlap>cluster-focus>fewest-decisions
DEC-MOD-008,2,RESERVED,model,LG-model,1,EXP-CHUNK-011,EXP-CONF-006,,EXP-CONF-004,,research/experiments/EXP-CHUNK-011/record.md; research/experiments/EXP-CONF-006/record.md,research/normalized/EXP-CHUNK-011/decision/DEC-MOD-008-look2-mde.json,"only after a documented change, on new validation items from new independence groups committed and fingerprinted before use (section 5.2); otherwise labelled tuning",rule:home-domain>section-overlap>cluster-focus>fewest-decisions
DEC-MOD-009,1,PLANNED,model,LG-model,2,EXP-PLAT-019,EXP-PLAT-004,,,,research/experiments/EXP-PLAT-019/record.md; research/experiments/EXP-PLAT-004/record.md,research/normalized/EXP-PLAT-019/decision/DEC-MOD-009-look1-mde.json,after W and S of every decision in the look group are recorded on tuning (PA-03 rule 2); MDE gate section 4.12 passes,rule:home-domain>section-overlap>cluster-focus>fewest-decisions
DEC-MOD-009,2,RESERVED,model,LG-model,2,EXP-PLAT-019,EXP-PLAT-004,,,,research/experiments/EXP-PLAT-019/record.md; research/experiments/EXP-PLAT-004/record.md,research/normalized/EXP-PLAT-019/decision/DEC-MOD-009-look2-mde.json,"only after a documented change, on new validation items from new independence groups committed and fingerprinted before use (section 5.2); otherwise labelled tuning",rule:home-domain>section-overlap>cluster-focus>fewest-decisions
DEC-MOD-010,1,PLANNED,model,LG-model,2,EXP-PLAT-002,EXP-PLAT-003; EXP-PLAT-015,,,,research/experiments/EXP-PLAT-002/record.md; research/experiments/EXP-PLAT-003/record.md; research/experiments/EXP-PLAT-015/record.md,research/normalized/EXP-PLAT-002/decision/DEC-MOD-010-look1-mde.json,after W and S of every decision in the look group are recorded on tuning (PA-03 rule 2); MDE gate section 4.12 passes,rule:home-domain>section-overlap>cluster-focus>fewest-decisions
DEC-MOD-010,2,RESERVED,model,LG-model,2,EXP-PLAT-002,EXP-PLAT-003; EXP-PLAT-015,,,,research/experiments/EXP-PLAT-002/record.md; research/experiments/EXP-PLAT-003/record.md; research/experiments/EXP-PLAT-015/record.md,research/normalized/EXP-PLAT-002/decision/DEC-MOD-010-look2-mde.json,"only after a documented change, on new validation items from new independence groups committed and fingerprinted before use (section 5.2); otherwise labelled tuning",rule:home-domain>section-overlap>cluster-focus>fewest-decisions
DEC-MOD-011,1,PLANNED,model,LG-model,4,EXP-ECO-004,EXP-ECO-002,,EXP-SCALE-005; EXP-SCALE-014,,research/experiments/EXP-ECO-004/record.md; research/experiments/EXP-ECO-002/record.md,research/normalized/EXP-ECO-004/decision/DEC-MOD-011-look1-mde.json,after W and S of every decision in the look group are recorded on tuning (PA-03 rule 2); MDE gate section 4.12 passes,rule:home-domain>section-overlap>cluster-focus>fewest-decisions
DEC-MOD-011,2,RESERVED,model,LG-model,4,EXP-ECO-004,EXP-ECO-002,,EXP-SCALE-005; EXP-SCALE-014,,research/experiments/EXP-ECO-004/record.md; research/experiments/EXP-ECO-002/record.md,research/normalized/EXP-ECO-004/decision/DEC-MOD-011-look2-mde.json,"only after a documented change, on new validation items from new independence groups committed and fingerprinted before use (section 5.2); otherwise labelled tuning",rule:home-domain>section-overlap>cluster-focus>fewest-decisions
DEC-MOD-012,1,PLANNED,model,LG-model,1,EXP-CRYPTO-002,EXP-CRYPTO-007,,EXP-SCALE-005,,research/experiments/EXP-CRYPTO-002/record.md; research/experiments/EXP-CRYPTO-007/record.md,research/normalized/EXP-CRYPTO-002/decision/DEC-MOD-012-look1-mde.json,after W and S of every decision in the look group are recorded on tuning (PA-03 rule 2); MDE gate section 4.12 passes,rule:home-domain>section-overlap>cluster-focus>fewest-decisions
DEC-MOD-012,2,RESERVED,model,LG-model,1,EXP-CRYPTO-002,EXP-CRYPTO-007,,EXP-SCALE-005,,research/experiments/EXP-CRYPTO-002/record.md; research/experiments/EXP-CRYPTO-007/record.md,research/normalized/EXP-CRYPTO-002/decision/DEC-MOD-012-look2-mde.json,"only after a documented change, on new validation items from new independence groups committed and fingerprinted before use (section 5.2); otherwise labelled tuning",rule:home-domain>section-overlap>cluster-focus>fewest-decisions
DEC-MOD-013,1,PLANNED,model,LG-model,2,EXP-SCALE-012,,,EXP-SCALE-005; EXP-SCALE-014,,research/experiments/EXP-SCALE-012/record.md,research/normalized/EXP-SCALE-012/decision/DEC-MOD-013-look1-mde.json,after W and S of every decision in the look group are recorded on tuning (PA-03 rule 2); MDE gate section 4.12 passes,rule:home-domain>section-overlap>cluster-focus>fewest-decisions
DEC-MOD-013,2,RESERVED,model,LG-model,2,EXP-SCALE-012,,,EXP-SCALE-005; EXP-SCALE-014,,research/experiments/EXP-SCALE-012/record.md,research/normalized/EXP-SCALE-012/decision/DEC-MOD-013-look2-mde.json,"only after a documented change, on new validation items from new independence groups committed and fingerprinted before use (section 5.2); otherwise labelled tuning",rule:home-domain>section-overlap>cluster-focus>fewest-decisions
DEC-MOD-014,1,PLANNED,model,LG-model,1,EXP-INT-003,EXP-ECO-015; EXP-INT-001,,EXP-CONF-003; EXP-CONF-004,MVT-15(a) oracle matrix: EXP-INT-003,research/experiments/EXP-INT-003/record.md; research/experiments/EXP-ECO-015/record.md; research/experiments/EXP-INT-001/record.md,research/normalized/EXP-INT-003/decision/DEC-MOD-014-look1-mde.json,after W and S of every decision in the look group are recorded on tuning (PA-03 rule 2); MDE gate section 4.12 passes,override:integrity C13
DEC-MOD-014,2,RESERVED,model,LG-model,1,EXP-INT-003,EXP-ECO-015; EXP-INT-001,,EXP-CONF-003; EXP-CONF-004,MVT-15(a) oracle matrix: EXP-INT-003,research/experiments/EXP-INT-003/record.md; research/experiments/EXP-ECO-015/record.md; research/experiments/EXP-INT-001/record.md,research/normalized/EXP-INT-003/decision/DEC-MOD-014-look2-mde.json,"only after a documented change, on new validation items from new independence groups committed and fingerprinted before use (section 5.2); otherwise labelled tuning",override:integrity C13
DEC-MOD-016,1,PLANNED,model,LG-model,1,EXP-CRYPTO-012,,,EXP-CRYPTO-020,,research/experiments/EXP-CRYPTO-012/record.md,research/normalized/EXP-CRYPTO-012/decision/DEC-MOD-016-look1-mde.json,after W and S of every decision in the look group are recorded on tuning (PA-03 rule 2); MDE gate section 4.12 passes,rule:home-domain>section-overlap>cluster-focus>fewest-decisions
DEC-MOD-016,2,RESERVED,model,LG-model,1,EXP-CRYPTO-012,,,EXP-CRYPTO-020,,research/experiments/EXP-CRYPTO-012/record.md,research/normalized/EXP-CRYPTO-012/decision/DEC-MOD-016-look2-mde.json,"only after a documented change, on new validation items from new independence groups committed and fingerprinted before use (section 5.2); otherwise labelled tuning",rule:home-domain>section-overlap>cluster-focus>fewest-decisions
DEC-MOD-017,1,PLANNED,model,LG-model,4,EXP-ECO-014,,,,,research/experiments/EXP-ECO-014/record.md,research/normalized/EXP-ECO-014/decision/DEC-MOD-017-look1-mde.json,after W and S of every decision in the look group are recorded on tuning (PA-03 rule 2); MDE gate section 4.12 passes,rule:home-domain>section-overlap>cluster-focus>fewest-decisions
DEC-MOD-017,2,RESERVED,model,LG-model,4,EXP-ECO-014,,,,,research/experiments/EXP-ECO-014/record.md,research/normalized/EXP-ECO-014/decision/DEC-MOD-017-look2-mde.json,"only after a documented change, on new validation items from new independence groups committed and fingerprinted before use (section 5.2); otherwise labelled tuning",rule:home-domain>section-overlap>cluster-focus>fewest-decisions
DEC-MOD-019,1,PLANNED,model,LG-model,2,EXP-PLAT-005,,,EXP-LEGACY-006; EXP-LEGACY-051,,research/experiments/EXP-PLAT-005/record.md,research/normalized/EXP-PLAT-005/decision/DEC-MOD-019-look1-mde.json,after W and S of every decision in the look group are recorded on tuning (PA-03 rule 2); MDE gate section 4.12 passes,rule:home-domain>section-overlap>cluster-focus>fewest-decisions
DEC-MOD-019,2,RESERVED,model,LG-model,2,EXP-PLAT-005,,,EXP-LEGACY-006; EXP-LEGACY-051,,research/experiments/EXP-PLAT-005/record.md,research/normalized/EXP-PLAT-005/decision/DEC-MOD-019-look2-mde.json,"only after a documented change, on new validation items from new independence groups committed and fingerprinted before use (section 5.2); otherwise labelled tuning",rule:home-domain>section-overlap>cluster-focus>fewest-decisions
DEC-MOD-021,1,PLANNED,model,LG-model,2,EXP-PLAT-009,EXP-PLAT-008,,,,research/experiments/EXP-PLAT-009/record.md; research/experiments/EXP-PLAT-008/record.md,research/normalized/EXP-PLAT-009/decision/DEC-MOD-021-look1-mde.json,after W and S of every decision in the look group are recorded on tuning (PA-03 rule 2); MDE gate section 4.12 passes,rule:home-domain>section-overlap>cluster-focus>fewest-decisions
DEC-MOD-021,2,RESERVED,model,LG-model,2,EXP-PLAT-009,EXP-PLAT-008,,,,research/experiments/EXP-PLAT-009/record.md; research/experiments/EXP-PLAT-008/record.md,research/normalized/EXP-PLAT-009/decision/DEC-MOD-021-look2-mde.json,"only after a documented change, on new validation items from new independence groups committed and fingerprinted before use (section 5.2); otherwise labelled tuning",rule:home-domain>section-overlap>cluster-focus>fewest-decisions
DEC-MOD-022,1,PLANNED,model,LG-model,2,EXP-PLAT-005,,,EXP-LEGACY-051,,research/experiments/EXP-PLAT-005/record.md,research/normalized/EXP-PLAT-005/decision/DEC-MOD-022-look1-mde.json,after W and S of every decision in the look group are recorded on tuning (PA-03 rule 2); MDE gate section 4.12 passes,rule:home-domain>section-overlap>cluster-focus>fewest-decisions
DEC-MOD-022,2,RESERVED,model,LG-model,2,EXP-PLAT-005,,,EXP-LEGACY-051,,research/experiments/EXP-PLAT-005/record.md,research/normalized/EXP-PLAT-005/decision/DEC-MOD-022-look2-mde.json,"only after a documented change, on new validation items from new independence groups committed and fingerprinted before use (section 5.2); otherwise labelled tuning",rule:home-domain>section-overlap>cluster-focus>fewest-decisions
DEC-MOD-025,1,PLANNED,model,LG-model,2,EXP-PLAT-005,,,,,research/experiments/EXP-PLAT-005/record.md,research/normalized/EXP-PLAT-005/decision/DEC-MOD-025-look1-mde.json,after W and S of every decision in the look group are recorded on tuning (PA-03 rule 2); MDE gate section 4.12 passes,rule:home-domain>section-overlap>cluster-focus>fewest-decisions
DEC-MOD-025,2,RESERVED,model,LG-model,2,EXP-PLAT-005,,,,,research/experiments/EXP-PLAT-005/record.md,research/normalized/EXP-PLAT-005/decision/DEC-MOD-025-look2-mde.json,"only after a documented change, on new validation items from new independence groups committed and fingerprinted before use (section 5.2); otherwise labelled tuning",rule:home-domain>section-overlap>cluster-focus>fewest-decisions
DEC-MOD-026,1,PLANNED,model,LG-model,2,EXP-PLAT-010,EXP-CHUNK-014; EXP-SCALE-001; EXP-SCALE-003,,,,research/experiments/EXP-PLAT-010/record.md; research/experiments/EXP-CHUNK-014/record.md; research/experiments/EXP-SCALE-001/record.md; research/experiments/EXP-SCALE-003/record.md,research/normalized/EXP-PLAT-010/decision/DEC-MOD-026-look1-mde.json,after W and S of every decision in the look group are recorded on tuning (PA-03 rule 2); MDE gate section 4.12 passes,rule:home-domain>section-overlap>cluster-focus>fewest-decisions
DEC-MOD-026,2,RESERVED,model,LG-model,2,EXP-PLAT-010,EXP-CHUNK-014; EXP-SCALE-001; EXP-SCALE-003,,,,research/experiments/EXP-PLAT-010/record.md; research/experiments/EXP-CHUNK-014/record.md; research/experiments/EXP-SCALE-001/record.md; research/experiments/EXP-SCALE-003/record.md,research/normalized/EXP-PLAT-010/decision/DEC-MOD-026-look2-mde.json,"only after a documented change, on new validation items from new independence groups committed and fingerprinted before use (section 5.2); otherwise labelled tuning",rule:home-domain>section-overlap>cluster-focus>fewest-decisions
DEC-MOD-027,1,PLANNED,model,LG-model,1,EXP-CONF-002,EXP-CRYPTO-014,,EXP-CONF-012,,research/experiments/EXP-CONF-002/record.md; research/experiments/EXP-CRYPTO-014/record.md,research/normalized/EXP-CONF-002/decision/DEC-MOD-027-look1-mde.json,after W and S of every decision in the look group are recorded on tuning (PA-03 rule 2); MDE gate section 4.12 passes,rule:home-domain>section-overlap>cluster-focus>fewest-decisions
DEC-MOD-027,2,RESERVED,model,LG-model,1,EXP-CONF-002,EXP-CRYPTO-014,,EXP-CONF-012,,research/experiments/EXP-CONF-002/record.md; research/experiments/EXP-CRYPTO-014/record.md,research/normalized/EXP-CONF-002/decision/DEC-MOD-027-look2-mde.json,"only after a documented change, on new validation items from new independence groups committed and fingerprinted before use (section 5.2); otherwise labelled tuning",rule:home-domain>section-overlap>cluster-focus>fewest-decisions
DEC-MOD-028,1,PLANNED,model,LG-model,2,EXP-PLAT-005,EXP-PLAT-007,,,,research/experiments/EXP-PLAT-005/record.md; research/experiments/EXP-PLAT-007/record.md,research/normalized/EXP-PLAT-005/decision/DEC-MOD-028-look1-mde.json,after W and S of every decision in the look group are recorded on tuning (PA-03 rule 2); MDE gate section 4.12 passes,rule:home-domain>section-overlap>cluster-focus>fewest-decisions
DEC-MOD-028,2,RESERVED,model,LG-model,2,EXP-PLAT-005,EXP-PLAT-007,,,,research/experiments/EXP-PLAT-005/record.md; research/experiments/EXP-PLAT-007/record.md,research/normalized/EXP-PLAT-005/decision/DEC-MOD-028-look2-mde.json,"only after a documented change, on new validation items from new independence groups committed and fingerprinted before use (section 5.2); otherwise labelled tuning",rule:home-domain>section-overlap>cluster-focus>fewest-decisions
DEC-MOD-029,1,PLANNED,model,LG-model,1,EXP-CRYPTO-014,EXP-CRYPTO-015,,EXP-CONF-004,,research/experiments/EXP-CRYPTO-014/record.md; research/experiments/EXP-CRYPTO-015/record.md,research/normalized/EXP-CRYPTO-014/decision/DEC-MOD-029-look1-mde.json,after W and S of every decision in the look group are recorded on tuning (PA-03 rule 2); MDE gate section 4.12 passes,rule:home-domain>section-overlap>cluster-focus>fewest-decisions
DEC-MOD-029,2,RESERVED,model,LG-model,1,EXP-CRYPTO-014,EXP-CRYPTO-015,,EXP-CONF-004,,research/experiments/EXP-CRYPTO-014/record.md; research/experiments/EXP-CRYPTO-015/record.md,research/normalized/EXP-CRYPTO-014/decision/DEC-MOD-029-look2-mde.json,"only after a documented change, on new validation items from new independence groups committed and fingerprinted before use (section 5.2); otherwise labelled tuning",rule:home-domain>section-overlap>cluster-focus>fewest-decisions
DEC-MOD-030,1,PLANNED,model,LG-model,2,EXP-PLAT-005,,,,,research/experiments/EXP-PLAT-005/record.md,research/normalized/EXP-PLAT-005/decision/DEC-MOD-030-look1-mde.json,after W and S of every decision in the look group are recorded on tuning (PA-03 rule 2); MDE gate section 4.12 passes,rule:home-domain>section-overlap>cluster-focus>fewest-decisions
DEC-MOD-030,2,RESERVED,model,LG-model,2,EXP-PLAT-005,,,,,research/experiments/EXP-PLAT-005/record.md,research/normalized/EXP-PLAT-005/decision/DEC-MOD-030-look2-mde.json,"only after a documented change, on new validation items from new independence groups committed and fingerprinted before use (section 5.2); otherwise labelled tuning",rule:home-domain>section-overlap>cluster-focus>fewest-decisions
DEC-MOD-032,1,PLANNED,model,LG-model,4,EXP-ECO-015,,,EXP-CONF-004,,research/experiments/EXP-ECO-015/record.md,research/normalized/EXP-ECO-015/decision/DEC-MOD-032-look1-mde.json,after W and S of every decision in the look group are recorded on tuning (PA-03 rule 2); MDE gate section 4.12 passes,rule:home-domain>section-overlap>cluster-focus>fewest-decisions
DEC-MOD-032,2,RESERVED,model,LG-model,4,EXP-ECO-015,,,EXP-CONF-004,,research/experiments/EXP-ECO-015/record.md,research/normalized/EXP-ECO-015/decision/DEC-MOD-032-look2-mde.json,"only after a documented change, on new validation items from new independence groups committed and fingerprinted before use (section 5.2); otherwise labelled tuning",rule:home-domain>section-overlap>cluster-focus>fewest-decisions
DEC-MOD-034,1,PLANNED,model,LG-model,2,EXP-CON-003,EXP-CRYPTO-012; EXP-REMOTE-007,,EXP-CONF-012,,research/experiments/EXP-CON-003/record.md; research/experiments/EXP-CRYPTO-012/record.md; research/experiments/EXP-REMOTE-007/record.md,research/normalized/EXP-CON-003/decision/DEC-MOD-034-look1-mde.json,after W and S of every decision in the look group are recorded on tuning (PA-03 rule 2); MDE gate section 4.12 passes,rule:home-domain>section-overlap>cluster-focus>fewest-decisions
DEC-MOD-034,2,RESERVED,model,LG-model,2,EXP-CON-003,EXP-CRYPTO-012; EXP-REMOTE-007,,EXP-CONF-012,,research/experiments/EXP-CON-003/record.md; research/experiments/EXP-CRYPTO-012/record.md; research/experiments/EXP-REMOTE-007/record.md,research/normalized/EXP-CON-003/decision/DEC-MOD-034-look2-mde.json,"only after a documented change, on new validation items from new independence groups committed and fingerprinted before use (section 5.2); otherwise labelled tuning",rule:home-domain>section-overlap>cluster-focus>fewest-decisions
DEC-MOD-035,1,PLANNED,model,LG-model,2,EXP-PLAT-005,EXP-PLAT-004; EXP-PLAT-012,,,,research/experiments/EXP-PLAT-005/record.md; research/experiments/EXP-PLAT-004/record.md; research/experiments/EXP-PLAT-012/record.md,research/normalized/EXP-PLAT-005/decision/DEC-MOD-035-look1-mde.json,after W and S of every decision in the look group are recorded on tuning (PA-03 rule 2); MDE gate section 4.12 passes,rule:home-domain>section-overlap>cluster-focus>fewest-decisions
DEC-MOD-035,2,RESERVED,model,LG-model,2,EXP-PLAT-005,EXP-PLAT-004; EXP-PLAT-012,,,,research/experiments/EXP-PLAT-005/record.md; research/experiments/EXP-PLAT-004/record.md; research/experiments/EXP-PLAT-012/record.md,research/normalized/EXP-PLAT-005/decision/DEC-MOD-035-look2-mde.json,"only after a documented change, on new validation items from new independence groups committed and fingerprinted before use (section 5.2); otherwise labelled tuning",rule:home-domain>section-overlap>cluster-focus>fewest-decisions
DEC-MOD-036,1,PLANNED,model,LG-model,2,EXP-PLAT-002,EXP-CONF-007; EXP-PLAT-003; EXP-PLAT-021,,,,research/experiments/EXP-PLAT-002/record.md; research/experiments/EXP-CONF-007/record.md; research/experiments/EXP-PLAT-003/record.md; research/experiments/EXP-PLAT-021/record.md,research/normalized/EXP-PLAT-002/decision/DEC-MOD-036-look1-mde.json,after W and S of every decision in the look group are recorded on tuning (PA-03 rule 2); MDE gate section 4.12 passes,rule:home-domain>section-overlap>cluster-focus>fewest-decisions
DEC-MOD-036,2,RESERVED,model,LG-model,2,EXP-PLAT-002,EXP-CONF-007; EXP-PLAT-003; EXP-PLAT-021,,,,research/experiments/EXP-PLAT-002/record.md; research/experiments/EXP-CONF-007/record.md; research/experiments/EXP-PLAT-003/record.md; research/experiments/EXP-PLAT-021/record.md,research/normalized/EXP-PLAT-002/decision/DEC-MOD-036-look2-mde.json,"only after a documented change, on new validation items from new independence groups committed and fingerprinted before use (section 5.2); otherwise labelled tuning",rule:home-domain>section-overlap>cluster-focus>fewest-decisions
DEC-MOD-037,1,PLANNED,model,LG-model,1,EXP-CRYPTO-014,,,,,research/experiments/EXP-CRYPTO-014/record.md,research/normalized/EXP-CRYPTO-014/decision/DEC-MOD-037-look1-mde.json,after W and S of every decision in the look group are recorded on tuning (PA-03 rule 2); MDE gate section 4.12 passes,rule:home-domain>section-overlap>cluster-focus>fewest-decisions
DEC-MOD-037,2,RESERVED,model,LG-model,1,EXP-CRYPTO-014,,,,,research/experiments/EXP-CRYPTO-014/record.md,research/normalized/EXP-CRYPTO-014/decision/DEC-MOD-037-look2-mde.json,"only after a documented change, on new validation items from new independence groups committed and fingerprinted before use (section 5.2); otherwise labelled tuning",rule:home-domain>section-overlap>cluster-focus>fewest-decisions
DEC-MOD-038,1,PLANNED,model,LG-model,2,EXP-PLAT-014,EXP-PLAT-002; EXP-PLAT-003,,EXP-CONF-009; EXP-LEGACY-006,,research/experiments/EXP-PLAT-014/record.md; research/experiments/EXP-PLAT-002/record.md; research/experiments/EXP-PLAT-003/record.md,research/normalized/EXP-PLAT-014/decision/DEC-MOD-038-look1-mde.json,after W and S of every decision in the look group are recorded on tuning (PA-03 rule 2); MDE gate section 4.12 passes,rule:home-domain>section-overlap>cluster-focus>fewest-decisions
DEC-MOD-038,2,RESERVED,model,LG-model,2,EXP-PLAT-014,EXP-PLAT-002; EXP-PLAT-003,,EXP-CONF-009; EXP-LEGACY-006,,research/experiments/EXP-PLAT-014/record.md; research/experiments/EXP-PLAT-002/record.md; research/experiments/EXP-PLAT-003/record.md,research/normalized/EXP-PLAT-014/decision/DEC-MOD-038-look2-mde.json,"only after a documented change, on new validation items from new independence groups committed and fingerprinted before use (section 5.2); otherwise labelled tuning",rule:home-domain>section-overlap>cluster-focus>fewest-decisions
DEC-MOD-039,1,PLANNED,model,LG-model,1,EXP-CHUNK-011,EXP-CHUNK-002; EXP-CHUNK-004; EXP-CHUNK-005; EXP-CHUNK-012; EXP-CRYPTO-003; EXP-PLANNER-001; EXP-PLANNER-005,,,,research/experiments/EXP-CHUNK-011/record.md; research/experiments/EXP-CHUNK-002/record.md; research/experiments/EXP-CHUNK-004/record.md; research/experiments/EXP-CHUNK-005/record.md; research/experiments/EXP-CHUNK-012/record.md; research/experiments/EXP-CRYPTO-003/record.md; research/experiments/EXP-PLANNER-001/record.md; research/experiments/EXP-PLANNER-005/record.md,research/normalized/EXP-CHUNK-011/decision/DEC-MOD-039-look1-mde.json,after W and S of every decision in the look group are recorded on tuning (PA-03 rule 2); MDE gate section 4.12 passes,rule:home-domain>section-overlap>cluster-focus>fewest-decisions
DEC-MOD-039,2,RESERVED,model,LG-model,1,EXP-CHUNK-011,EXP-CHUNK-002; EXP-CHUNK-004; EXP-CHUNK-005; EXP-CHUNK-012; EXP-CRYPTO-003; EXP-PLANNER-001; EXP-PLANNER-005,,,,research/experiments/EXP-CHUNK-011/record.md; research/experiments/EXP-CHUNK-002/record.md; research/experiments/EXP-CHUNK-004/record.md; research/experiments/EXP-CHUNK-005/record.md; research/experiments/EXP-CHUNK-012/record.md; research/experiments/EXP-CRYPTO-003/record.md; research/experiments/EXP-PLANNER-001/record.md; research/experiments/EXP-PLANNER-005/record.md,research/normalized/EXP-CHUNK-011/decision/DEC-MOD-039-look2-mde.json,"only after a documented change, on new validation items from new independence groups committed and fingerprinted before use (section 5.2); otherwise labelled tuning",rule:home-domain>section-overlap>cluster-focus>fewest-decisions
DEC-MOD-040,1,PLANNED,model,LG-model,2,EXP-RECON-010,EXP-RECON-011,,EXP-CONF-004,,research/experiments/EXP-RECON-010/record.md; research/experiments/EXP-RECON-011/record.md,research/normalized/EXP-RECON-010/decision/DEC-MOD-040-look1-mde.json,after W and S of every decision in the look group are recorded on tuning (PA-03 rule 2); MDE gate section 4.12 passes,rule:home-domain>section-overlap>cluster-focus>fewest-decisions
DEC-MOD-040,2,RESERVED,model,LG-model,2,EXP-RECON-010,EXP-RECON-011,,EXP-CONF-004,,research/experiments/EXP-RECON-010/record.md; research/experiments/EXP-RECON-011/record.md,research/normalized/EXP-RECON-010/decision/DEC-MOD-040-look2-mde.json,"only after a documented change, on new validation items from new independence groups committed and fingerprinted before use (section 5.2); otherwise labelled tuning",rule:home-domain>section-overlap>cluster-focus>fewest-decisions
DEC-MOD-041,1,PLANNED,model,LG-model,1,EXP-CONF-002,EXP-ECO-015,,EXP-CONF-003; EXP-CONF-004,,research/experiments/EXP-CONF-002/record.md; research/experiments/EXP-ECO-015/record.md,research/normalized/EXP-CONF-002/decision/DEC-MOD-041-look1-mde.json,after W and S of every decision in the look group are recorded on tuning (PA-03 rule 2); MDE gate section 4.12 passes,rule:home-domain>section-overlap>cluster-focus>fewest-decisions
DEC-MOD-041,2,RESERVED,model,LG-model,1,EXP-CONF-002,EXP-ECO-015,,EXP-CONF-003; EXP-CONF-004,,research/experiments/EXP-CONF-002/record.md; research/experiments/EXP-ECO-015/record.md,research/normalized/EXP-CONF-002/decision/DEC-MOD-041-look2-mde.json,"only after a documented change, on new validation items from new independence groups committed and fingerprinted before use (section 5.2); otherwise labelled tuning",rule:home-domain>section-overlap>cluster-focus>fewest-decisions
DEC-MOD-043,1,PLANNED,model,LG-model,4,EXP-ECO-006,,,,,research/experiments/EXP-ECO-006/record.md,research/normalized/EXP-ECO-006/decision/DEC-MOD-043-look1-mde.json,after W and S of every decision in the look group are recorded on tuning (PA-03 rule 2); MDE gate section 4.12 passes,rule:home-domain>section-overlap>cluster-focus>fewest-decisions
DEC-MOD-043,2,RESERVED,model,LG-model,4,EXP-ECO-006,,,,,research/experiments/EXP-ECO-006/record.md,research/normalized/EXP-ECO-006/decision/DEC-MOD-043-look2-mde.json,"only after a documented change, on new validation items from new independence groups committed and fingerprinted before use (section 5.2); otherwise labelled tuning",rule:home-domain>section-overlap>cluster-focus>fewest-decisions
DEC-MOD-044,1,PLANNED,model,LG-model,2,EXP-PLAT-019,EXP-PLAT-013,,,,research/experiments/EXP-PLAT-019/record.md; research/experiments/EXP-PLAT-013/record.md,research/normalized/EXP-PLAT-019/decision/DEC-MOD-044-look1-mde.json,after W and S of every decision in the look group are recorded on tuning (PA-03 rule 2); MDE gate section 4.12 passes,rule:home-domain>section-overlap>cluster-focus>fewest-decisions
DEC-MOD-044,2,RESERVED,model,LG-model,2,EXP-PLAT-019,EXP-PLAT-013,,,,research/experiments/EXP-PLAT-019/record.md; research/experiments/EXP-PLAT-013/record.md,research/normalized/EXP-PLAT-019/decision/DEC-MOD-044-look2-mde.json,"only after a documented change, on new validation items from new independence groups committed and fingerprinted before use (section 5.2); otherwise labelled tuning",rule:home-domain>section-overlap>cluster-focus>fewest-decisions
DEC-MOD-045,1,PLANNED,model,LG-model,4,EXP-EVAL-003,,,,,research/experiments/EXP-EVAL-003/record.md,research/normalized/EXP-EVAL-003/decision/DEC-MOD-045-look1-mde.json,after W and S of every decision in the look group are recorded on tuning (PA-03 rule 2); MDE gate section 4.12 passes,rule:home-domain>section-overlap>cluster-focus>fewest-decisions
DEC-MOD-045,2,RESERVED,model,LG-model,4,EXP-EVAL-003,,,,,research/experiments/EXP-EVAL-003/record.md,research/normalized/EXP-EVAL-003/decision/DEC-MOD-045-look2-mde.json,"only after a documented change, on new validation items from new independence groups committed and fingerprinted before use (section 5.2); otherwise labelled tuning",rule:home-domain>section-overlap>cluster-focus>fewest-decisions
DEC-MOD-046,1,PLANNED,model,LG-model,1,EXP-INT-008,,,EXP-LEGACY-051,,research/experiments/EXP-INT-008/record.md,research/normalized/EXP-INT-008/decision/DEC-MOD-046-look1-mde.json,after W and S of every decision in the look group are recorded on tuning (PA-03 rule 2); MDE gate section 4.12 passes,rule:home-domain>section-overlap>cluster-focus>fewest-decisions
DEC-MOD-046,2,RESERVED,model,LG-model,1,EXP-INT-008,,,EXP-LEGACY-051,,research/experiments/EXP-INT-008/record.md,research/normalized/EXP-INT-008/decision/DEC-MOD-046-look2-mde.json,"only after a documented change, on new validation items from new independence groups committed and fingerprinted before use (section 5.2); otherwise labelled tuning",rule:home-domain>section-overlap>cluster-focus>fewest-decisions
DEC-MOD-047,1,PLANNED,model,LG-model,2,EXP-CON-001,,,EXP-CONF-004,,research/experiments/EXP-CON-001/record.md,research/normalized/EXP-CON-001/decision/DEC-MOD-047-look1-mde.json,after W and S of every decision in the look group are recorded on tuning (PA-03 rule 2); MDE gate section 4.12 passes,rule:home-domain>section-overlap>cluster-focus>fewest-decisions
DEC-MOD-047,2,RESERVED,model,LG-model,2,EXP-CON-001,,,EXP-CONF-004,,research/experiments/EXP-CON-001/record.md,research/normalized/EXP-CON-001/decision/DEC-MOD-047-look2-mde.json,"only after a documented change, on new validation items from new independence groups committed and fingerprinted before use (section 5.2); otherwise labelled tuning",rule:home-domain>section-overlap>cluster-focus>fewest-decisions
DEC-MOD-049,1,PLANNED,model,LG-model,2,EXP-PLAT-005,,,,,research/experiments/EXP-PLAT-005/record.md,research/normalized/EXP-PLAT-005/decision/DEC-MOD-049-look1-mde.json,after W and S of every decision in the look group are recorded on tuning (PA-03 rule 2); MDE gate section 4.12 passes,rule:home-domain>section-overlap>cluster-focus>fewest-decisions
DEC-MOD-049,2,RESERVED,model,LG-model,2,EXP-PLAT-005,,,,,research/experiments/EXP-PLAT-005/record.md,research/normalized/EXP-PLAT-005/decision/DEC-MOD-049-look2-mde.json,"only after a documented change, on new validation items from new independence groups committed and fingerprinted before use (section 5.2); otherwise labelled tuning",rule:home-domain>section-overlap>cluster-focus>fewest-decisions
DEC-MOD-050,1,PLANNED,model,LG-model,2,EXP-PLAT-005,EXP-PLAT-006,,,,research/experiments/EXP-PLAT-005/record.md; research/experiments/EXP-PLAT-006/record.md,research/normalized/EXP-PLAT-005/decision/DEC-MOD-050-look1-mde.json,after W and S of every decision in the look group are recorded on tuning (PA-03 rule 2); MDE gate section 4.12 passes,rule:home-domain>section-overlap>cluster-focus>fewest-decisions
DEC-MOD-050,2,RESERVED,model,LG-model,2,EXP-PLAT-005,EXP-PLAT-006,,,,research/experiments/EXP-PLAT-005/record.md; research/experiments/EXP-PLAT-006/record.md,research/normalized/EXP-PLAT-005/decision/DEC-MOD-050-look2-mde.json,"only after a documented change, on new validation items from new independence groups committed and fingerprinted before use (section 5.2); otherwise labelled tuning",rule:home-domain>section-overlap>cluster-focus>fewest-decisions
DEC-PLT-001,1,PLANNED,platform,LG-platform,2,EXP-PLAT-014,EXP-ECO-015; EXP-ECO-016; EXP-PLAT-003; EXP-PLAT-008,,,,research/experiments/EXP-PLAT-014/record.md; research/experiments/EXP-ECO-015/record.md; research/experiments/EXP-ECO-016/record.md; research/experiments/EXP-PLAT-003/record.md; research/experiments/EXP-PLAT-008/record.md,research/normalized/EXP-PLAT-014/decision/DEC-PLT-001-look1-mde.json,after W and S of every decision in the look group are recorded on tuning (PA-03 rule 2); MDE gate section 4.12 passes,rule:home-domain>section-overlap>cluster-focus>fewest-decisions
DEC-PLT-001,2,RESERVED,platform,LG-platform,2,EXP-PLAT-014,EXP-ECO-015; EXP-ECO-016; EXP-PLAT-003; EXP-PLAT-008,,,,research/experiments/EXP-PLAT-014/record.md; research/experiments/EXP-ECO-015/record.md; research/experiments/EXP-ECO-016/record.md; research/experiments/EXP-PLAT-003/record.md; research/experiments/EXP-PLAT-008/record.md,research/normalized/EXP-PLAT-014/decision/DEC-PLT-001-look2-mde.json,"only after a documented change, on new validation items from new independence groups committed and fingerprinted before use (section 5.2); otherwise labelled tuning",rule:home-domain>section-overlap>cluster-focus>fewest-decisions
DEC-PLT-002,1,PLANNED,platform,LG-platform,2,EXP-PLAT-011,EXP-CONF-007; EXP-PLAT-003; EXP-PLAT-021,,,,research/experiments/EXP-PLAT-011/record.md; research/experiments/EXP-CONF-007/record.md; research/experiments/EXP-PLAT-003/record.md; research/experiments/EXP-PLAT-021/record.md,research/normalized/EXP-PLAT-011/decision/DEC-PLT-002-look1-mde.json,after W and S of every decision in the look group are recorded on tuning (PA-03 rule 2); MDE gate section 4.12 passes,rule:home-domain>section-overlap>cluster-focus>fewest-decisions
DEC-PLT-002,2,RESERVED,platform,LG-platform,2,EXP-PLAT-011,EXP-CONF-007; EXP-PLAT-003; EXP-PLAT-021,,,,research/experiments/EXP-PLAT-011/record.md; research/experiments/EXP-CONF-007/record.md; research/experiments/EXP-PLAT-003/record.md; research/experiments/EXP-PLAT-021/record.md,research/normalized/EXP-PLAT-011/decision/DEC-PLT-002-look2-mde.json,"only after a documented change, on new validation items from new independence groups committed and fingerprinted before use (section 5.2); otherwise labelled tuning",rule:home-domain>section-overlap>cluster-focus>fewest-decisions
DEC-PLT-003,1,PLANNED,platform,LG-platform,2,EXP-PLAT-001,EXP-PLAT-005; EXP-PLAT-006; EXP-PLAT-016,,,,research/experiments/EXP-PLAT-001/record.md; research/experiments/EXP-PLAT-005/record.md; research/experiments/EXP-PLAT-006/record.md; research/experiments/EXP-PLAT-016/record.md,research/normalized/EXP-PLAT-001/decision/DEC-PLT-003-look1-mde.json,after W and S of every decision in the look group are recorded on tuning (PA-03 rule 2); MDE gate section 4.12 passes,rule:home-domain>section-overlap>cluster-focus>fewest-decisions
DEC-PLT-003,2,RESERVED,platform,LG-platform,2,EXP-PLAT-001,EXP-PLAT-005; EXP-PLAT-006; EXP-PLAT-016,,,,research/experiments/EXP-PLAT-001/record.md; research/experiments/EXP-PLAT-005/record.md; research/experiments/EXP-PLAT-006/record.md; research/experiments/EXP-PLAT-016/record.md,research/normalized/EXP-PLAT-001/decision/DEC-PLT-003-look2-mde.json,"only after a documented change, on new validation items from new independence groups committed and fingerprinted before use (section 5.2); otherwise labelled tuning",rule:home-domain>section-overlap>cluster-focus>fewest-decisions
DEC-PLT-004,1,PLANNED,platform,LG-platform,2,EXP-PLAT-024,EXP-PLAT-014,,EXP-ECO-018,,research/experiments/EXP-PLAT-024/record.md; research/experiments/EXP-PLAT-014/record.md,research/normalized/EXP-PLAT-024/decision/DEC-PLT-004-look1-mde.json,after W and S of every decision in the look group are recorded on tuning (PA-03 rule 2); MDE gate section 4.12 passes,rule:home-domain>section-overlap>cluster-focus>fewest-decisions
DEC-PLT-004,2,RESERVED,platform,LG-platform,2,EXP-PLAT-024,EXP-PLAT-014,,EXP-ECO-018,,research/experiments/EXP-PLAT-024/record.md; research/experiments/EXP-PLAT-014/record.md,research/normalized/EXP-PLAT-024/decision/DEC-PLT-004-look2-mde.json,"only after a documented change, on new validation items from new independence groups committed and fingerprinted before use (section 5.2); otherwise labelled tuning",rule:home-domain>section-overlap>cluster-focus>fewest-decisions
DEC-PLT-005,1,PLANNED,platform,LG-platform,2,EXP-PLAT-014,EXP-PLAT-015; EXP-PLAT-024,,,,research/experiments/EXP-PLAT-014/record.md; research/experiments/EXP-PLAT-015/record.md; research/experiments/EXP-PLAT-024/record.md,research/normalized/EXP-PLAT-014/decision/DEC-PLT-005-look1-mde.json,after W and S of every decision in the look group are recorded on tuning (PA-03 rule 2); MDE gate section 4.12 passes,rule:home-domain>section-overlap>cluster-focus>fewest-decisions
DEC-PLT-005,2,RESERVED,platform,LG-platform,2,EXP-PLAT-014,EXP-PLAT-015; EXP-PLAT-024,,,,research/experiments/EXP-PLAT-014/record.md; research/experiments/EXP-PLAT-015/record.md; research/experiments/EXP-PLAT-024/record.md,research/normalized/EXP-PLAT-014/decision/DEC-PLT-005-look2-mde.json,"only after a documented change, on new validation items from new independence groups committed and fingerprinted before use (section 5.2); otherwise labelled tuning",rule:home-domain>section-overlap>cluster-focus>fewest-decisions
DEC-PLT-006,1,PLANNED,platform,LG-platform,2,EXP-PLAT-014,,,,,research/experiments/EXP-PLAT-014/record.md,research/normalized/EXP-PLAT-014/decision/DEC-PLT-006-look1-mde.json,after W and S of every decision in the look group are recorded on tuning (PA-03 rule 2); MDE gate section 4.12 passes,rule:home-domain>section-overlap>cluster-focus>fewest-decisions
DEC-PLT-006,2,RESERVED,platform,LG-platform,2,EXP-PLAT-014,,,,,research/experiments/EXP-PLAT-014/record.md,research/normalized/EXP-PLAT-014/decision/DEC-PLT-006-look2-mde.json,"only after a documented change, on new validation items from new independence groups committed and fingerprinted before use (section 5.2); otherwise labelled tuning",rule:home-domain>section-overlap>cluster-focus>fewest-decisions
DEC-PLT-007,1,PLANNED,platform,LG-platform,2,EXP-PLAT-008,EXP-ECO-016; EXP-PLAT-007,,EXP-ECO-018,,research/experiments/EXP-PLAT-008/record.md; research/experiments/EXP-ECO-016/record.md; research/experiments/EXP-PLAT-007/record.md,research/normalized/EXP-PLAT-008/decision/DEC-PLT-007-look1-mde.json,after W and S of every decision in the look group are recorded on tuning (PA-03 rule 2); MDE gate section 4.12 passes,rule:home-domain>section-overlap>cluster-focus>fewest-decisions
DEC-PLT-007,2,RESERVED,platform,LG-platform,2,EXP-PLAT-008,EXP-ECO-016; EXP-PLAT-007,,EXP-ECO-018,,research/experiments/EXP-PLAT-008/record.md; research/experiments/EXP-ECO-016/record.md; research/experiments/EXP-PLAT-007/record.md,research/normalized/EXP-PLAT-008/decision/DEC-PLT-007-look2-mde.json,"only after a documented change, on new validation items from new independence groups committed and fingerprinted before use (section 5.2); otherwise labelled tuning",rule:home-domain>section-overlap>cluster-focus>fewest-decisions
DEC-PLT-008,1,PLANNED,platform,LG-platform,2,EXP-PLAT-013,EXP-PLAT-004,,,,research/experiments/EXP-PLAT-013/record.md; research/experiments/EXP-PLAT-004/record.md,research/normalized/EXP-PLAT-013/decision/DEC-PLT-008-look1-mde.json,after W and S of every decision in the look group are recorded on tuning (PA-03 rule 2); MDE gate section 4.12 passes,rule:home-domain>section-overlap>cluster-focus>fewest-decisions
DEC-PLT-008,2,RESERVED,platform,LG-platform,2,EXP-PLAT-013,EXP-PLAT-004,,,,research/experiments/EXP-PLAT-013/record.md; research/experiments/EXP-PLAT-004/record.md,research/normalized/EXP-PLAT-013/decision/DEC-PLT-008-look2-mde.json,"only after a documented change, on new validation items from new independence groups committed and fingerprinted before use (section 5.2); otherwise labelled tuning",rule:home-domain>section-overlap>cluster-focus>fewest-decisions
DEC-PLT-009,1,PLANNED,platform,LG-platform,2,EXP-PLAT-008,EXP-ECO-016; EXP-PLAT-014,,,,research/experiments/EXP-PLAT-008/record.md; research/experiments/EXP-ECO-016/record.md; research/experiments/EXP-PLAT-014/record.md,research/normalized/EXP-PLAT-008/decision/DEC-PLT-009-look1-mde.json,after W and S of every decision in the look group are recorded on tuning (PA-03 rule 2); MDE gate section 4.12 passes,rule:home-domain>section-overlap>cluster-focus>fewest-decisions
DEC-PLT-009,2,RESERVED,platform,LG-platform,2,EXP-PLAT-008,EXP-ECO-016; EXP-PLAT-014,,,,research/experiments/EXP-PLAT-008/record.md; research/experiments/EXP-ECO-016/record.md; research/experiments/EXP-PLAT-014/record.md,research/normalized/EXP-PLAT-008/decision/DEC-PLT-009-look2-mde.json,"only after a documented change, on new validation items from new independence groups committed and fingerprinted before use (section 5.2); otherwise labelled tuning",rule:home-domain>section-overlap>cluster-focus>fewest-decisions
DEC-PLT-010,1,PLANNED,platform,LG-platform,1,EXP-CONF-011,,,EXP-LEGACY-001; EXP-LEGACY-002; EXP-LEGACY-003,,research/experiments/EXP-CONF-011/record.md,research/normalized/EXP-CONF-011/decision/DEC-PLT-010-look1-mde.json,after W and S of every decision in the look group are recorded on tuning (PA-03 rule 2); MDE gate section 4.12 passes,rule:home-domain>section-overlap>cluster-focus>fewest-decisions
DEC-PLT-010,2,RESERVED,platform,LG-platform,1,EXP-CONF-011,,,EXP-LEGACY-001; EXP-LEGACY-002; EXP-LEGACY-003,,research/experiments/EXP-CONF-011/record.md,research/normalized/EXP-CONF-011/decision/DEC-PLT-010-look2-mde.json,"only after a documented change, on new validation items from new independence groups committed and fingerprinted before use (section 5.2); otherwise labelled tuning",rule:home-domain>section-overlap>cluster-focus>fewest-decisions
DEC-PLT-011,1,PLANNED,platform,LG-platform,2,EXP-PLAT-017,EXP-PLAT-002,,,,research/experiments/EXP-PLAT-017/record.md; research/experiments/EXP-PLAT-002/record.md,research/normalized/EXP-PLAT-017/decision/DEC-PLT-011-look1-mde.json,after W and S of every decision in the look group are recorded on tuning (PA-03 rule 2); MDE gate section 4.12 passes,rule:home-domain>section-overlap>cluster-focus>fewest-decisions
DEC-PLT-011,2,RESERVED,platform,LG-platform,2,EXP-PLAT-017,EXP-PLAT-002,,,,research/experiments/EXP-PLAT-017/record.md; research/experiments/EXP-PLAT-002/record.md,research/normalized/EXP-PLAT-017/decision/DEC-PLT-011-look2-mde.json,"only after a documented change, on new validation items from new independence groups committed and fingerprinted before use (section 5.2); otherwise labelled tuning",rule:home-domain>section-overlap>cluster-focus>fewest-decisions
DEC-PLT-012,1,PLANNED,platform,LG-platform,4,EXP-ECO-016,,,EXP-CONF-004; EXP-ECO-018,,research/experiments/EXP-ECO-016/record.md,research/normalized/EXP-ECO-016/decision/DEC-PLT-012-look1-mde.json,after W and S of every decision in the look group are recorded on tuning (PA-03 rule 2); MDE gate section 4.12 passes,rule:home-domain>section-overlap>cluster-focus>fewest-decisions
DEC-PLT-012,2,RESERVED,platform,LG-platform,4,EXP-ECO-016,,,EXP-CONF-004; EXP-ECO-018,,research/experiments/EXP-ECO-016/record.md,research/normalized/EXP-ECO-016/decision/DEC-PLT-012-look2-mde.json,"only after a documented change, on new validation items from new independence groups committed and fingerprinted before use (section 5.2); otherwise labelled tuning",rule:home-domain>section-overlap>cluster-focus>fewest-decisions
DEC-PLT-013,1,PLANNED,platform,LG-platform,2,EXP-PLAT-019,EXP-ECO-015,,,,research/experiments/EXP-PLAT-019/record.md; research/experiments/EXP-ECO-015/record.md,research/normalized/EXP-PLAT-019/decision/DEC-PLT-013-look1-mde.json,after W and S of every decision in the look group are recorded on tuning (PA-03 rule 2); MDE gate section 4.12 passes,rule:home-domain>section-overlap>cluster-focus>fewest-decisions
DEC-PLT-013,2,RESERVED,platform,LG-platform,2,EXP-PLAT-019,EXP-ECO-015,,,,research/experiments/EXP-PLAT-019/record.md; research/experiments/EXP-ECO-015/record.md,research/normalized/EXP-PLAT-019/decision/DEC-PLT-013-look2-mde.json,"only after a documented change, on new validation items from new independence groups committed and fingerprinted before use (section 5.2); otherwise labelled tuning",rule:home-domain>section-overlap>cluster-focus>fewest-decisions
DEC-PLT-014,1,PLANNED,platform,LG-platform,2,EXP-PLAT-001,EXP-PLAT-016,,,,research/experiments/EXP-PLAT-001/record.md; research/experiments/EXP-PLAT-016/record.md,research/normalized/EXP-PLAT-001/decision/DEC-PLT-014-look1-mde.json,after W and S of every decision in the look group are recorded on tuning (PA-03 rule 2); MDE gate section 4.12 passes,rule:home-domain>section-overlap>cluster-focus>fewest-decisions
DEC-PLT-014,2,RESERVED,platform,LG-platform,2,EXP-PLAT-001,EXP-PLAT-016,,,,research/experiments/EXP-PLAT-001/record.md; research/experiments/EXP-PLAT-016/record.md,research/normalized/EXP-PLAT-001/decision/DEC-PLT-014-look2-mde.json,"only after a documented change, on new validation items from new independence groups committed and fingerprinted before use (section 5.2); otherwise labelled tuning",rule:home-domain>section-overlap>cluster-focus>fewest-decisions
DEC-PLT-015,1,PLANNED,platform,LG-platform,2,EXP-PLAT-019,EXP-ECO-015,,EXP-CONF-001,,research/experiments/EXP-PLAT-019/record.md; research/experiments/EXP-ECO-015/record.md,research/normalized/EXP-PLAT-019/decision/DEC-PLT-015-look1-mde.json,after W and S of every decision in the look group are recorded on tuning (PA-03 rule 2); MDE gate section 4.12 passes,rule:home-domain>section-overlap>cluster-focus>fewest-decisions
DEC-PLT-015,2,RESERVED,platform,LG-platform,2,EXP-PLAT-019,EXP-ECO-015,,EXP-CONF-001,,research/experiments/EXP-PLAT-019/record.md; research/experiments/EXP-ECO-015/record.md,research/normalized/EXP-PLAT-019/decision/DEC-PLT-015-look2-mde.json,"only after a documented change, on new validation items from new independence groups committed and fingerprinted before use (section 5.2); otherwise labelled tuning",rule:home-domain>section-overlap>cluster-focus>fewest-decisions
DEC-PLT-016,1,PLANNED,platform,LG-platform,2,EXP-PLAT-021,EXP-PLAT-004; EXP-PLAT-008; EXP-PLAT-016,,,,research/experiments/EXP-PLAT-021/record.md; research/experiments/EXP-PLAT-004/record.md; research/experiments/EXP-PLAT-008/record.md; research/experiments/EXP-PLAT-016/record.md,research/normalized/EXP-PLAT-021/decision/DEC-PLT-016-look1-mde.json,after W and S of every decision in the look group are recorded on tuning (PA-03 rule 2); MDE gate section 4.12 passes,rule:home-domain>section-overlap>cluster-focus>fewest-decisions
DEC-PLT-016,2,RESERVED,platform,LG-platform,2,EXP-PLAT-021,EXP-PLAT-004; EXP-PLAT-008; EXP-PLAT-016,,,,research/experiments/EXP-PLAT-021/record.md; research/experiments/EXP-PLAT-004/record.md; research/experiments/EXP-PLAT-008/record.md; research/experiments/EXP-PLAT-016/record.md,research/normalized/EXP-PLAT-021/decision/DEC-PLT-016-look2-mde.json,"only after a documented change, on new validation items from new independence groups committed and fingerprinted before use (section 5.2); otherwise labelled tuning",rule:home-domain>section-overlap>cluster-focus>fewest-decisions
DEC-PLT-017,1,PLANNED,platform,LG-platform,2,EXP-PLAT-014,EXP-PLAT-016; EXP-PLAT-024,,EXP-ECO-001,,research/experiments/EXP-PLAT-014/record.md; research/experiments/EXP-PLAT-016/record.md; research/experiments/EXP-PLAT-024/record.md,research/normalized/EXP-PLAT-014/decision/DEC-PLT-017-look1-mde.json,after W and S of every decision in the look group are recorded on tuning (PA-03 rule 2); MDE gate section 4.12 passes,rule:home-domain>section-overlap>cluster-focus>fewest-decisions
DEC-PLT-017,2,RESERVED,platform,LG-platform,2,EXP-PLAT-014,EXP-PLAT-016; EXP-PLAT-024,,EXP-ECO-001,,research/experiments/EXP-PLAT-014/record.md; research/experiments/EXP-PLAT-016/record.md; research/experiments/EXP-PLAT-024/record.md,research/normalized/EXP-PLAT-014/decision/DEC-PLT-017-look2-mde.json,"only after a documented change, on new validation items from new independence groups committed and fingerprinted before use (section 5.2); otherwise labelled tuning",rule:home-domain>section-overlap>cluster-focus>fewest-decisions
DEC-PLT-018,1,PLANNED,platform,LG-platform,2,EXP-PLAT-009,EXP-PLAT-003; EXP-PLAT-017,,,,research/experiments/EXP-PLAT-009/record.md; research/experiments/EXP-PLAT-003/record.md; research/experiments/EXP-PLAT-017/record.md,research/normalized/EXP-PLAT-009/decision/DEC-PLT-018-look1-mde.json,after W and S of every decision in the look group are recorded on tuning (PA-03 rule 2); MDE gate section 4.12 passes,rule:home-domain>section-overlap>cluster-focus>fewest-decisions
DEC-PLT-018,2,RESERVED,platform,LG-platform,2,EXP-PLAT-009,EXP-PLAT-003; EXP-PLAT-017,,,,research/experiments/EXP-PLAT-009/record.md; research/experiments/EXP-PLAT-003/record.md; research/experiments/EXP-PLAT-017/record.md,research/normalized/EXP-PLAT-009/decision/DEC-PLT-018-look2-mde.json,"only after a documented change, on new validation items from new independence groups committed and fingerprinted before use (section 5.2); otherwise labelled tuning",rule:home-domain>section-overlap>cluster-focus>fewest-decisions
DEC-PLT-019,1,PLANNED,platform,LG-platform,2,EXP-PLAT-009,,,EXP-CONF-004,,research/experiments/EXP-PLAT-009/record.md,research/normalized/EXP-PLAT-009/decision/DEC-PLT-019-look1-mde.json,after W and S of every decision in the look group are recorded on tuning (PA-03 rule 2); MDE gate section 4.12 passes,rule:home-domain>section-overlap>cluster-focus>fewest-decisions
DEC-PLT-019,2,RESERVED,platform,LG-platform,2,EXP-PLAT-009,,,EXP-CONF-004,,research/experiments/EXP-PLAT-009/record.md,research/normalized/EXP-PLAT-009/decision/DEC-PLT-019-look2-mde.json,"only after a documented change, on new validation items from new independence groups committed and fingerprinted before use (section 5.2); otherwise labelled tuning",rule:home-domain>section-overlap>cluster-focus>fewest-decisions
DEC-PLT-020,1,PLANNED,platform,LG-platform,2,EXP-LEGACY-030,,,,,research/experiments/EXP-LEGACY-030/record.md,research/normalized/EXP-LEGACY-030/decision/DEC-PLT-020-look1-mde.json,after W and S of every decision in the look group are recorded on tuning (PA-03 rule 2); MDE gate section 4.12 passes,rule:home-domain>section-overlap>cluster-focus>fewest-decisions
DEC-PLT-020,2,RESERVED,platform,LG-platform,2,EXP-LEGACY-030,,,,,research/experiments/EXP-LEGACY-030/record.md,research/normalized/EXP-LEGACY-030/decision/DEC-PLT-020-look2-mde.json,"only after a documented change, on new validation items from new independence groups committed and fingerprinted before use (section 5.2); otherwise labelled tuning",rule:home-domain>section-overlap>cluster-focus>fewest-decisions
DEC-PLT-021,1,PLANNED,platform,LG-platform,2,EXP-LEGACY-010,,,EXP-LEGACY-002; EXP-LEGACY-003; EXP-LEGACY-006,,research/experiments/EXP-LEGACY-010/record.md,research/normalized/EXP-LEGACY-010/decision/DEC-PLT-021-look1-mde.json,after W and S of every decision in the look group are recorded on tuning (PA-03 rule 2); MDE gate section 4.12 passes,rule:home-domain>section-overlap>cluster-focus>fewest-decisions
DEC-PLT-021,2,RESERVED,platform,LG-platform,2,EXP-LEGACY-010,,,EXP-LEGACY-002; EXP-LEGACY-003; EXP-LEGACY-006,,research/experiments/EXP-LEGACY-010/record.md,research/normalized/EXP-LEGACY-010/decision/DEC-PLT-021-look2-mde.json,"only after a documented change, on new validation items from new independence groups committed and fingerprinted before use (section 5.2); otherwise labelled tuning",rule:home-domain>section-overlap>cluster-focus>fewest-decisions
DEC-PLT-022,1,PLANNED,platform,LG-platform,2,EXP-PLAT-004,EXP-ECO-015; EXP-PLAT-005; EXP-PLAT-019,,EXP-ECO-018,,research/experiments/EXP-PLAT-004/record.md; research/experiments/EXP-ECO-015/record.md; research/experiments/EXP-PLAT-005/record.md; research/experiments/EXP-PLAT-019/record.md,research/normalized/EXP-PLAT-004/decision/DEC-PLT-022-look1-mde.json,after W and S of every decision in the look group are recorded on tuning (PA-03 rule 2); MDE gate section 4.12 passes,rule:home-domain>section-overlap>cluster-focus>fewest-decisions
DEC-PLT-022,2,RESERVED,platform,LG-platform,2,EXP-PLAT-004,EXP-ECO-015; EXP-PLAT-005; EXP-PLAT-019,,EXP-ECO-018,,research/experiments/EXP-PLAT-004/record.md; research/experiments/EXP-ECO-015/record.md; research/experiments/EXP-PLAT-005/record.md; research/experiments/EXP-PLAT-019/record.md,research/normalized/EXP-PLAT-004/decision/DEC-PLT-022-look2-mde.json,"only after a documented change, on new validation items from new independence groups committed and fingerprinted before use (section 5.2); otherwise labelled tuning",rule:home-domain>section-overlap>cluster-focus>fewest-decisions
DEC-PLT-024,1,PLANNED,platform,LG-platform,2,EXP-PLAT-004,,,EXP-EVAL-006,,research/experiments/EXP-PLAT-004/record.md,research/normalized/EXP-PLAT-004/decision/DEC-PLT-024-look1-mde.json,after W and S of every decision in the look group are recorded on tuning (PA-03 rule 2); MDE gate section 4.12 passes,rule:home-domain>section-overlap>cluster-focus>fewest-decisions
DEC-PLT-024,2,RESERVED,platform,LG-platform,2,EXP-PLAT-004,,,EXP-EVAL-006,,research/experiments/EXP-PLAT-004/record.md,research/normalized/EXP-PLAT-004/decision/DEC-PLT-024-look2-mde.json,"only after a documented change, on new validation items from new independence groups committed and fingerprinted before use (section 5.2); otherwise labelled tuning",rule:home-domain>section-overlap>cluster-focus>fewest-decisions
DEC-PLT-025,1,PLANNED,platform,LG-platform,2,EXP-PLAT-004,EXP-PLAT-019,,,,research/experiments/EXP-PLAT-004/record.md; research/experiments/EXP-PLAT-019/record.md,research/normalized/EXP-PLAT-004/decision/DEC-PLT-025-look1-mde.json,after W and S of every decision in the look group are recorded on tuning (PA-03 rule 2); MDE gate section 4.12 passes,rule:home-domain>section-overlap>cluster-focus>fewest-decisions
DEC-PLT-025,2,RESERVED,platform,LG-platform,2,EXP-PLAT-004,EXP-PLAT-019,,,,research/experiments/EXP-PLAT-004/record.md; research/experiments/EXP-PLAT-019/record.md,research/normalized/EXP-PLAT-004/decision/DEC-PLT-025-look2-mde.json,"only after a documented change, on new validation items from new independence groups committed and fingerprinted before use (section 5.2); otherwise labelled tuning",rule:home-domain>section-overlap>cluster-focus>fewest-decisions
DEC-PLT-026,1,PLANNED,platform,LG-platform,2,EXP-PLAT-008,,,,,research/experiments/EXP-PLAT-008/record.md,research/normalized/EXP-PLAT-008/decision/DEC-PLT-026-look1-mde.json,after W and S of every decision in the look group are recorded on tuning (PA-03 rule 2); MDE gate section 4.12 passes,rule:home-domain>section-overlap>cluster-focus>fewest-decisions
DEC-PLT-026,2,RESERVED,platform,LG-platform,2,EXP-PLAT-008,,,,,research/experiments/EXP-PLAT-008/record.md,research/normalized/EXP-PLAT-008/decision/DEC-PLT-026-look2-mde.json,"only after a documented change, on new validation items from new independence groups committed and fingerprinted before use (section 5.2); otherwise labelled tuning",rule:home-domain>section-overlap>cluster-focus>fewest-decisions
DEC-PLT-027,1,PLANNED,platform,LG-platform,2,EXP-PLAT-012,,,,,research/experiments/EXP-PLAT-012/record.md,research/normalized/EXP-PLAT-012/decision/DEC-PLT-027-look1-mde.json,after W and S of every decision in the look group are recorded on tuning (PA-03 rule 2); MDE gate section 4.12 passes,rule:home-domain>section-overlap>cluster-focus>fewest-decisions
DEC-PLT-027,2,RESERVED,platform,LG-platform,2,EXP-PLAT-012,,,,,research/experiments/EXP-PLAT-012/record.md,research/normalized/EXP-PLAT-012/decision/DEC-PLT-027-look2-mde.json,"only after a documented change, on new validation items from new independence groups committed and fingerprinted before use (section 5.2); otherwise labelled tuning",rule:home-domain>section-overlap>cluster-focus>fewest-decisions
DEC-PLT-028,1,PLANNED,platform,LG-platform,2,EXP-PLAT-021,EXP-PLAT-002; EXP-PLAT-003,,,,research/experiments/EXP-PLAT-021/record.md; research/experiments/EXP-PLAT-002/record.md; research/experiments/EXP-PLAT-003/record.md,research/normalized/EXP-PLAT-021/decision/DEC-PLT-028-look1-mde.json,after W and S of every decision in the look group are recorded on tuning (PA-03 rule 2); MDE gate section 4.12 passes,rule:home-domain>section-overlap>cluster-focus>fewest-decisions
DEC-PLT-028,2,RESERVED,platform,LG-platform,2,EXP-PLAT-021,EXP-PLAT-002; EXP-PLAT-003,,,,research/experiments/EXP-PLAT-021/record.md; research/experiments/EXP-PLAT-002/record.md; research/experiments/EXP-PLAT-003/record.md,research/normalized/EXP-PLAT-021/decision/DEC-PLT-028-look2-mde.json,"only after a documented change, on new validation items from new independence groups committed and fingerprinted before use (section 5.2); otherwise labelled tuning",rule:home-domain>section-overlap>cluster-focus>fewest-decisions
DEC-PLT-029,1,PLANNED,platform,LG-platform,2,EXP-PLAT-011,EXP-PLAT-016; EXP-PLAT-021,,,,research/experiments/EXP-PLAT-011/record.md; research/experiments/EXP-PLAT-016/record.md; research/experiments/EXP-PLAT-021/record.md,research/normalized/EXP-PLAT-011/decision/DEC-PLT-029-look1-mde.json,after W and S of every decision in the look group are recorded on tuning (PA-03 rule 2); MDE gate section 4.12 passes,rule:home-domain>section-overlap>cluster-focus>fewest-decisions
DEC-PLT-029,2,RESERVED,platform,LG-platform,2,EXP-PLAT-011,EXP-PLAT-016; EXP-PLAT-021,,,,research/experiments/EXP-PLAT-011/record.md; research/experiments/EXP-PLAT-016/record.md; research/experiments/EXP-PLAT-021/record.md,research/normalized/EXP-PLAT-011/decision/DEC-PLT-029-look2-mde.json,"only after a documented change, on new validation items from new independence groups committed and fingerprinted before use (section 5.2); otherwise labelled tuning",rule:home-domain>section-overlap>cluster-focus>fewest-decisions
DEC-PLT-030,1,PLANNED,platform,LG-platform,2,EXP-PLAT-016,EXP-PLAT-013,,EXP-ECO-001,,research/experiments/EXP-PLAT-016/record.md; research/experiments/EXP-PLAT-013/record.md,research/normalized/EXP-PLAT-016/decision/DEC-PLT-030-look1-mde.json,after W and S of every decision in the look group are recorded on tuning (PA-03 rule 2); MDE gate section 4.12 passes,rule:home-domain>section-overlap>cluster-focus>fewest-decisions
DEC-PLT-030,2,RESERVED,platform,LG-platform,2,EXP-PLAT-016,EXP-PLAT-013,,EXP-ECO-001,,research/experiments/EXP-PLAT-016/record.md; research/experiments/EXP-PLAT-013/record.md,research/normalized/EXP-PLAT-016/decision/DEC-PLT-030-look2-mde.json,"only after a documented change, on new validation items from new independence groups committed and fingerprinted before use (section 5.2); otherwise labelled tuning",rule:home-domain>section-overlap>cluster-focus>fewest-decisions
DEC-PLT-031,1,PLANNED,platform,LG-platform,2,EXP-PLAT-016,EXP-PLAT-012,,,,research/experiments/EXP-PLAT-016/record.md; research/experiments/EXP-PLAT-012/record.md,research/normalized/EXP-PLAT-016/decision/DEC-PLT-031-look1-mde.json,after W and S of every decision in the look group are recorded on tuning (PA-03 rule 2); MDE gate section 4.12 passes,rule:home-domain>section-overlap>cluster-focus>fewest-decisions
DEC-PLT-031,2,RESERVED,platform,LG-platform,2,EXP-PLAT-016,EXP-PLAT-012,,,,research/experiments/EXP-PLAT-016/record.md; research/experiments/EXP-PLAT-012/record.md,research/normalized/EXP-PLAT-016/decision/DEC-PLT-031-look2-mde.json,"only after a documented change, on new validation items from new independence groups committed and fingerprinted before use (section 5.2); otherwise labelled tuning",rule:home-domain>section-overlap>cluster-focus>fewest-decisions
DEC-PLT-032,1,PLANNED,platform,LG-platform,2,EXP-PLAT-024,EXP-PLAT-007,,,,research/experiments/EXP-PLAT-024/record.md; research/experiments/EXP-PLAT-007/record.md,research/normalized/EXP-PLAT-024/decision/DEC-PLT-032-look1-mde.json,after W and S of every decision in the look group are recorded on tuning (PA-03 rule 2); MDE gate section 4.12 passes,rule:home-domain>section-overlap>cluster-focus>fewest-decisions
DEC-PLT-032,2,RESERVED,platform,LG-platform,2,EXP-PLAT-024,EXP-PLAT-007,,,,research/experiments/EXP-PLAT-024/record.md; research/experiments/EXP-PLAT-007/record.md,research/normalized/EXP-PLAT-024/decision/DEC-PLT-032-look2-mde.json,"only after a documented change, on new validation items from new independence groups committed and fingerprinted before use (section 5.2); otherwise labelled tuning",rule:home-domain>section-overlap>cluster-focus>fewest-decisions
DEC-PLT-033,1,PLANNED,platform,LG-platform,2,EXP-PLAT-009,EXP-PLAT-003; EXP-PLAT-013; EXP-PLAT-016,,,,research/experiments/EXP-PLAT-009/record.md; research/experiments/EXP-PLAT-003/record.md; research/experiments/EXP-PLAT-013/record.md; research/experiments/EXP-PLAT-016/record.md,research/normalized/EXP-PLAT-009/decision/DEC-PLT-033-look1-mde.json,after W and S of every decision in the look group are recorded on tuning (PA-03 rule 2); MDE gate section 4.12 passes,rule:home-domain>section-overlap>cluster-focus>fewest-decisions
DEC-PLT-033,2,RESERVED,platform,LG-platform,2,EXP-PLAT-009,EXP-PLAT-003; EXP-PLAT-013; EXP-PLAT-016,,,,research/experiments/EXP-PLAT-009/record.md; research/experiments/EXP-PLAT-003/record.md; research/experiments/EXP-PLAT-013/record.md; research/experiments/EXP-PLAT-016/record.md,research/normalized/EXP-PLAT-009/decision/DEC-PLT-033-look2-mde.json,"only after a documented change, on new validation items from new independence groups committed and fingerprinted before use (section 5.2); otherwise labelled tuning",rule:home-domain>section-overlap>cluster-focus>fewest-decisions
DEC-PLT-034,1,PLANNED,platform,LG-platform,2,EXP-PLAT-014,EXP-CONF-011,,,,research/experiments/EXP-PLAT-014/record.md; research/experiments/EXP-CONF-011/record.md,research/normalized/EXP-PLAT-014/decision/DEC-PLT-034-look1-mde.json,after W and S of every decision in the look group are recorded on tuning (PA-03 rule 2); MDE gate section 4.12 passes,rule:home-domain>section-overlap>cluster-focus>fewest-decisions
DEC-PLT-034,2,RESERVED,platform,LG-platform,2,EXP-PLAT-014,EXP-CONF-011,,,,research/experiments/EXP-PLAT-014/record.md; research/experiments/EXP-CONF-011/record.md,research/normalized/EXP-PLAT-014/decision/DEC-PLT-034-look2-mde.json,"only after a documented change, on new validation items from new independence groups committed and fingerprinted before use (section 5.2); otherwise labelled tuning",rule:home-domain>section-overlap>cluster-focus>fewest-decisions
DEC-PLT-035,1,PLANNED,platform,LG-platform,2,EXP-PLAT-024,EXP-PLAT-004,,,,research/experiments/EXP-PLAT-024/record.md; research/experiments/EXP-PLAT-004/record.md,research/normalized/EXP-PLAT-024/decision/DEC-PLT-035-look1-mde.json,after W and S of every decision in the look group are recorded on tuning (PA-03 rule 2); MDE gate section 4.12 passes,rule:home-domain>section-overlap>cluster-focus>fewest-decisions
DEC-PLT-035,2,RESERVED,platform,LG-platform,2,EXP-PLAT-024,EXP-PLAT-004,,,,research/experiments/EXP-PLAT-024/record.md; research/experiments/EXP-PLAT-004/record.md,research/normalized/EXP-PLAT-024/decision/DEC-PLT-035-look2-mde.json,"only after a documented change, on new validation items from new independence groups committed and fingerprinted before use (section 5.2); otherwise labelled tuning",rule:home-domain>section-overlap>cluster-focus>fewest-decisions
DEC-PLT-036,1,PLANNED,platform,LG-platform,2,EXP-PLAT-019,EXP-PLAT-011; EXP-PLAT-021,,EXP-CONF-004,,research/experiments/EXP-PLAT-019/record.md; research/experiments/EXP-PLAT-011/record.md; research/experiments/EXP-PLAT-021/record.md,research/normalized/EXP-PLAT-019/decision/DEC-PLT-036-look1-mde.json,after W and S of every decision in the look group are recorded on tuning (PA-03 rule 2); MDE gate section 4.12 passes,rule:home-domain>section-overlap>cluster-focus>fewest-decisions
DEC-PLT-036,2,RESERVED,platform,LG-platform,2,EXP-PLAT-019,EXP-PLAT-011; EXP-PLAT-021,,EXP-CONF-004,,research/experiments/EXP-PLAT-019/record.md; research/experiments/EXP-PLAT-011/record.md; research/experiments/EXP-PLAT-021/record.md,research/normalized/EXP-PLAT-019/decision/DEC-PLT-036-look2-mde.json,"only after a documented change, on new validation items from new independence groups committed and fingerprinted before use (section 5.2); otherwise labelled tuning",rule:home-domain>section-overlap>cluster-focus>fewest-decisions
DEC-PLT-037,1,PLANNED,platform,LG-platform,2,EXP-PLAT-017,EXP-ECO-006; EXP-PLAT-016,,,,research/experiments/EXP-PLAT-017/record.md; research/experiments/EXP-ECO-006/record.md; research/experiments/EXP-PLAT-016/record.md,research/normalized/EXP-PLAT-017/decision/DEC-PLT-037-look1-mde.json,after W and S of every decision in the look group are recorded on tuning (PA-03 rule 2); MDE gate section 4.12 passes,rule:home-domain>section-overlap>cluster-focus>fewest-decisions
DEC-PLT-037,2,RESERVED,platform,LG-platform,2,EXP-PLAT-017,EXP-ECO-006; EXP-PLAT-016,,,,research/experiments/EXP-PLAT-017/record.md; research/experiments/EXP-ECO-006/record.md; research/experiments/EXP-PLAT-016/record.md,research/normalized/EXP-PLAT-017/decision/DEC-PLT-037-look2-mde.json,"only after a documented change, on new validation items from new independence groups committed and fingerprinted before use (section 5.2); otherwise labelled tuning",rule:home-domain>section-overlap>cluster-focus>fewest-decisions
DEC-PLT-038,1,PLANNED,platform,LG-platform,2,EXP-PLAT-019,EXP-PLAT-013; EXP-PLAT-021,,EXP-CONF-004,,research/experiments/EXP-PLAT-019/record.md; research/experiments/EXP-PLAT-013/record.md; research/experiments/EXP-PLAT-021/record.md,research/normalized/EXP-PLAT-019/decision/DEC-PLT-038-look1-mde.json,after W and S of every decision in the look group are recorded on tuning (PA-03 rule 2); MDE gate section 4.12 passes,rule:home-domain>section-overlap>cluster-focus>fewest-decisions
DEC-PLT-038,2,RESERVED,platform,LG-platform,2,EXP-PLAT-019,EXP-PLAT-013; EXP-PLAT-021,,EXP-CONF-004,,research/experiments/EXP-PLAT-019/record.md; research/experiments/EXP-PLAT-013/record.md; research/experiments/EXP-PLAT-021/record.md,research/normalized/EXP-PLAT-019/decision/DEC-PLT-038-look2-mde.json,"only after a documented change, on new validation items from new independence groups committed and fingerprinted before use (section 5.2); otherwise labelled tuning",rule:home-domain>section-overlap>cluster-focus>fewest-decisions
DEC-PLT-039,1,PLANNED,platform,LG-platform,2,EXP-PLAT-014,,,EXP-EVAL-006,,research/experiments/EXP-PLAT-014/record.md,research/normalized/EXP-PLAT-014/decision/DEC-PLT-039-look1-mde.json,after W and S of every decision in the look group are recorded on tuning (PA-03 rule 2); MDE gate section 4.12 passes,rule:home-domain>section-overlap>cluster-focus>fewest-decisions
DEC-PLT-039,2,RESERVED,platform,LG-platform,2,EXP-PLAT-014,,,EXP-EVAL-006,,research/experiments/EXP-PLAT-014/record.md,research/normalized/EXP-PLAT-014/decision/DEC-PLT-039-look2-mde.json,"only after a documented change, on new validation items from new independence groups committed and fingerprinted before use (section 5.2); otherwise labelled tuning",rule:home-domain>section-overlap>cluster-focus>fewest-decisions
DEC-PLT-040,1,PLANNED,platform,LG-platform,2,EXP-PLAT-016,,,EXP-ECO-001,,research/experiments/EXP-PLAT-016/record.md,research/normalized/EXP-PLAT-016/decision/DEC-PLT-040-look1-mde.json,after W and S of every decision in the look group are recorded on tuning (PA-03 rule 2); MDE gate section 4.12 passes,rule:home-domain>section-overlap>cluster-focus>fewest-decisions
DEC-PLT-040,2,RESERVED,platform,LG-platform,2,EXP-PLAT-016,,,EXP-ECO-001,,research/experiments/EXP-PLAT-016/record.md,research/normalized/EXP-PLAT-016/decision/DEC-PLT-040-look2-mde.json,"only after a documented change, on new validation items from new independence groups committed and fingerprinted before use (section 5.2); otherwise labelled tuning",rule:home-domain>section-overlap>cluster-focus>fewest-decisions
DEC-PLT-041,1,PLANNED,platform,LG-platform,2,EXP-PLAT-014,EXP-PLAT-003; EXP-PLAT-015,,,,research/experiments/EXP-PLAT-014/record.md; research/experiments/EXP-PLAT-003/record.md; research/experiments/EXP-PLAT-015/record.md,research/normalized/EXP-PLAT-014/decision/DEC-PLT-041-look1-mde.json,after W and S of every decision in the look group are recorded on tuning (PA-03 rule 2); MDE gate section 4.12 passes,rule:home-domain>section-overlap>cluster-focus>fewest-decisions
DEC-PLT-041,2,RESERVED,platform,LG-platform,2,EXP-PLAT-014,EXP-PLAT-003; EXP-PLAT-015,,,,research/experiments/EXP-PLAT-014/record.md; research/experiments/EXP-PLAT-003/record.md; research/experiments/EXP-PLAT-015/record.md,research/normalized/EXP-PLAT-014/decision/DEC-PLT-041-look2-mde.json,"only after a documented change, on new validation items from new independence groups committed and fingerprinted before use (section 5.2); otherwise labelled tuning",rule:home-domain>section-overlap>cluster-focus>fewest-decisions
DEC-PLT-042,1,PLANNED,platform,LG-platform,2,EXP-PLAT-020,EXP-PLAT-013; EXP-PLAT-016,,,,research/experiments/EXP-PLAT-020/record.md; research/experiments/EXP-PLAT-013/record.md; research/experiments/EXP-PLAT-016/record.md,research/normalized/EXP-PLAT-020/decision/DEC-PLT-042-look1-mde.json,after W and S of every decision in the look group are recorded on tuning (PA-03 rule 2); MDE gate section 4.12 passes,rule:home-domain>section-overlap>cluster-focus>fewest-decisions
DEC-PLT-042,2,RESERVED,platform,LG-platform,2,EXP-PLAT-020,EXP-PLAT-013; EXP-PLAT-016,,,,research/experiments/EXP-PLAT-020/record.md; research/experiments/EXP-PLAT-013/record.md; research/experiments/EXP-PLAT-016/record.md,research/normalized/EXP-PLAT-020/decision/DEC-PLT-042-look2-mde.json,"only after a documented change, on new validation items from new independence groups committed and fingerprinted before use (section 5.2); otherwise labelled tuning",rule:home-domain>section-overlap>cluster-focus>fewest-decisions
DEC-PLT-043,1,PLANNED,platform,LG-platform,2,EXP-PLAT-008,EXP-ECO-016,,,,research/experiments/EXP-PLAT-008/record.md; research/experiments/EXP-ECO-016/record.md,research/normalized/EXP-PLAT-008/decision/DEC-PLT-043-look1-mde.json,after W and S of every decision in the look group are recorded on tuning (PA-03 rule 2); MDE gate section 4.12 passes,rule:home-domain>section-overlap>cluster-focus>fewest-decisions
DEC-PLT-043,2,RESERVED,platform,LG-platform,2,EXP-PLAT-008,EXP-ECO-016,,,,research/experiments/EXP-PLAT-008/record.md; research/experiments/EXP-ECO-016/record.md,research/normalized/EXP-PLAT-008/decision/DEC-PLT-043-look2-mde.json,"only after a documented change, on new validation items from new independence groups committed and fingerprinted before use (section 5.2); otherwise labelled tuning",rule:home-domain>section-overlap>cluster-focus>fewest-decisions
DEC-PLT-044,1,PLANNED,platform,LG-platform,2,EXP-PLAT-016,EXP-PLAT-018,,,,research/experiments/EXP-PLAT-016/record.md; research/experiments/EXP-PLAT-018/record.md,research/normalized/EXP-PLAT-016/decision/DEC-PLT-044-look1-mde.json,after W and S of every decision in the look group are recorded on tuning (PA-03 rule 2); MDE gate section 4.12 passes,rule:home-domain>section-overlap>cluster-focus>fewest-decisions
DEC-PLT-044,2,RESERVED,platform,LG-platform,2,EXP-PLAT-016,EXP-PLAT-018,,,,research/experiments/EXP-PLAT-016/record.md; research/experiments/EXP-PLAT-018/record.md,research/normalized/EXP-PLAT-016/decision/DEC-PLT-044-look2-mde.json,"only after a documented change, on new validation items from new independence groups committed and fingerprinted before use (section 5.2); otherwise labelled tuning",rule:home-domain>section-overlap>cluster-focus>fewest-decisions
DEC-PLT-045,1,PLANNED,platform,LG-platform,2,EXP-PLAT-016,EXP-CONF-007; EXP-PLAT-003; EXP-PLAT-010,,,,research/experiments/EXP-PLAT-016/record.md; research/experiments/EXP-CONF-007/record.md; research/experiments/EXP-PLAT-003/record.md; research/experiments/EXP-PLAT-010/record.md,research/normalized/EXP-PLAT-016/decision/DEC-PLT-045-look1-mde.json,after W and S of every decision in the look group are recorded on tuning (PA-03 rule 2); MDE gate section 4.12 passes,rule:home-domain>section-overlap>cluster-focus>fewest-decisions
DEC-PLT-045,2,RESERVED,platform,LG-platform,2,EXP-PLAT-016,EXP-CONF-007; EXP-PLAT-003; EXP-PLAT-010,,,,research/experiments/EXP-PLAT-016/record.md; research/experiments/EXP-CONF-007/record.md; research/experiments/EXP-PLAT-003/record.md; research/experiments/EXP-PLAT-010/record.md,research/normalized/EXP-PLAT-016/decision/DEC-PLT-045-look2-mde.json,"only after a documented change, on new validation items from new independence groups committed and fingerprinted before use (section 5.2); otherwise labelled tuning",rule:home-domain>section-overlap>cluster-focus>fewest-decisions
DEC-PLT-046,1,PLANNED,platform,LG-platform,2,EXP-PLAT-008,EXP-PLAT-003; EXP-PLAT-009; EXP-PLAT-021; EXP-PLAT-024,,,,research/experiments/EXP-PLAT-008/record.md; research/experiments/EXP-PLAT-003/record.md; research/experiments/EXP-PLAT-009/record.md; research/experiments/EXP-PLAT-021/record.md; research/experiments/EXP-PLAT-024/record.md,research/normalized/EXP-PLAT-008/decision/DEC-PLT-046-look1-mde.json,after W and S of every decision in the look group are recorded on tuning (PA-03 rule 2); MDE gate section 4.12 passes,rule:home-domain>section-overlap>cluster-focus>fewest-decisions
DEC-PLT-046,2,RESERVED,platform,LG-platform,2,EXP-PLAT-008,EXP-PLAT-003; EXP-PLAT-009; EXP-PLAT-021; EXP-PLAT-024,,,,research/experiments/EXP-PLAT-008/record.md; research/experiments/EXP-PLAT-003/record.md; research/experiments/EXP-PLAT-009/record.md; research/experiments/EXP-PLAT-021/record.md; research/experiments/EXP-PLAT-024/record.md,research/normalized/EXP-PLAT-008/decision/DEC-PLT-046-look2-mde.json,"only after a documented change, on new validation items from new independence groups committed and fingerprinted before use (section 5.2); otherwise labelled tuning",rule:home-domain>section-overlap>cluster-focus>fewest-decisions
DEC-PLT-047,1,PLANNED,platform,LG-platform,2,EXP-PLAT-001,EXP-PLAT-014; EXP-PLAT-021,,,,research/experiments/EXP-PLAT-001/record.md; research/experiments/EXP-PLAT-014/record.md; research/experiments/EXP-PLAT-021/record.md,research/normalized/EXP-PLAT-001/decision/DEC-PLT-047-look1-mde.json,after W and S of every decision in the look group are recorded on tuning (PA-03 rule 2); MDE gate section 4.12 passes,rule:home-domain>section-overlap>cluster-focus>fewest-decisions
DEC-PLT-047,2,RESERVED,platform,LG-platform,2,EXP-PLAT-001,EXP-PLAT-014; EXP-PLAT-021,,,,research/experiments/EXP-PLAT-001/record.md; research/experiments/EXP-PLAT-014/record.md; research/experiments/EXP-PLAT-021/record.md,research/normalized/EXP-PLAT-001/decision/DEC-PLT-047-look2-mde.json,"only after a documented change, on new validation items from new independence groups committed and fingerprinted before use (section 5.2); otherwise labelled tuning",rule:home-domain>section-overlap>cluster-focus>fewest-decisions
DEC-PLT-048,1,PLANNED,platform,LG-platform,2,EXP-PLAT-021,EXP-PLAT-002; EXP-PLAT-003; EXP-PLAT-015,,,,research/experiments/EXP-PLAT-021/record.md; research/experiments/EXP-PLAT-002/record.md; research/experiments/EXP-PLAT-003/record.md; research/experiments/EXP-PLAT-015/record.md,research/normalized/EXP-PLAT-021/decision/DEC-PLT-048-look1-mde.json,after W and S of every decision in the look group are recorded on tuning (PA-03 rule 2); MDE gate section 4.12 passes,rule:home-domain>section-overlap>cluster-focus>fewest-decisions
DEC-PLT-048,2,RESERVED,platform,LG-platform,2,EXP-PLAT-021,EXP-PLAT-002; EXP-PLAT-003; EXP-PLAT-015,,,,research/experiments/EXP-PLAT-021/record.md; research/experiments/EXP-PLAT-002/record.md; research/experiments/EXP-PLAT-003/record.md; research/experiments/EXP-PLAT-015/record.md,research/normalized/EXP-PLAT-021/decision/DEC-PLT-048-look2-mde.json,"only after a documented change, on new validation items from new independence groups committed and fingerprinted before use (section 5.2); otherwise labelled tuning",rule:home-domain>section-overlap>cluster-focus>fewest-decisions
DEC-PLT-049,1,PLANNED,platform,LG-platform,2,EXP-PLAT-016,EXP-PLAT-004; EXP-PLAT-005; EXP-PLAT-006,,,,research/experiments/EXP-PLAT-016/record.md; research/experiments/EXP-PLAT-004/record.md; research/experiments/EXP-PLAT-005/record.md; research/experiments/EXP-PLAT-006/record.md,research/normalized/EXP-PLAT-016/decision/DEC-PLT-049-look1-mde.json,after W and S of every decision in the look group are recorded on tuning (PA-03 rule 2); MDE gate section 4.12 passes,rule:home-domain>section-overlap>cluster-focus>fewest-decisions
DEC-PLT-049,2,RESERVED,platform,LG-platform,2,EXP-PLAT-016,EXP-PLAT-004; EXP-PLAT-005; EXP-PLAT-006,,,,research/experiments/EXP-PLAT-016/record.md; research/experiments/EXP-PLAT-004/record.md; research/experiments/EXP-PLAT-005/record.md; research/experiments/EXP-PLAT-006/record.md,research/normalized/EXP-PLAT-016/decision/DEC-PLT-049-look2-mde.json,"only after a documented change, on new validation items from new independence groups committed and fingerprinted before use (section 5.2); otherwise labelled tuning",rule:home-domain>section-overlap>cluster-focus>fewest-decisions
DEC-PLT-050,1,PLANNED,platform,LG-platform,2,EXP-PLAT-021,EXP-PLAT-006,,EXP-CONF-001; EXP-CONF-004; EXP-CONF-012,,research/experiments/EXP-PLAT-021/record.md; research/experiments/EXP-PLAT-006/record.md,research/normalized/EXP-PLAT-021/decision/DEC-PLT-050-look1-mde.json,after W and S of every decision in the look group are recorded on tuning (PA-03 rule 2); MDE gate section 4.12 passes,rule:home-domain>section-overlap>cluster-focus>fewest-decisions
DEC-PLT-050,2,RESERVED,platform,LG-platform,2,EXP-PLAT-021,EXP-PLAT-006,,EXP-CONF-001; EXP-CONF-004; EXP-CONF-012,,research/experiments/EXP-PLAT-021/record.md; research/experiments/EXP-PLAT-006/record.md,research/normalized/EXP-PLAT-021/decision/DEC-PLT-050-look2-mde.json,"only after a documented change, on new validation items from new independence groups committed and fingerprinted before use (section 5.2); otherwise labelled tuning",rule:home-domain>section-overlap>cluster-focus>fewest-decisions
DEC-PLT-051,1,PLANNED,platform,LG-platform,2,EXP-PLAT-006,EXP-LEGACY-010,,EXP-LEGACY-002; EXP-LEGACY-051,,research/experiments/EXP-PLAT-006/record.md; research/experiments/EXP-LEGACY-010/record.md,research/normalized/EXP-PLAT-006/decision/DEC-PLT-051-look1-mde.json,after W and S of every decision in the look group are recorded on tuning (PA-03 rule 2); MDE gate section 4.12 passes,rule:home-domain>section-overlap>cluster-focus>fewest-decisions
DEC-PLT-051,2,RESERVED,platform,LG-platform,2,EXP-PLAT-006,EXP-LEGACY-010,,EXP-LEGACY-002; EXP-LEGACY-051,,research/experiments/EXP-PLAT-006/record.md; research/experiments/EXP-LEGACY-010/record.md,research/normalized/EXP-PLAT-006/decision/DEC-PLT-051-look2-mde.json,"only after a documented change, on new validation items from new independence groups committed and fingerprinted before use (section 5.2); otherwise labelled tuning",rule:home-domain>section-overlap>cluster-focus>fewest-decisions
DEC-PLT-052,1,PLANNED,platform,LG-platform,2,EXP-PLAT-011,EXP-PLAT-008,,EXP-LEGACY-006,,research/experiments/EXP-PLAT-011/record.md; research/experiments/EXP-PLAT-008/record.md,research/normalized/EXP-PLAT-011/decision/DEC-PLT-052-look1-mde.json,after W and S of every decision in the look group are recorded on tuning (PA-03 rule 2); MDE gate section 4.12 passes,rule:home-domain>section-overlap>cluster-focus>fewest-decisions
DEC-PLT-052,2,RESERVED,platform,LG-platform,2,EXP-PLAT-011,EXP-PLAT-008,,EXP-LEGACY-006,,research/experiments/EXP-PLAT-011/record.md; research/experiments/EXP-PLAT-008/record.md,research/normalized/EXP-PLAT-011/decision/DEC-PLT-052-look2-mde.json,"only after a documented change, on new validation items from new independence groups committed and fingerprinted before use (section 5.2); otherwise labelled tuning",rule:home-domain>section-overlap>cluster-focus>fewest-decisions
DEC-PLT-054,1,PLANNED,platform,LG-platform,2,EXP-PLAT-011,,,EXP-CONF-009,,research/experiments/EXP-PLAT-011/record.md,research/normalized/EXP-PLAT-011/decision/DEC-PLT-054-look1-mde.json,after W and S of every decision in the look group are recorded on tuning (PA-03 rule 2); MDE gate section 4.12 passes,rule:home-domain>section-overlap>cluster-focus>fewest-decisions
DEC-PLT-054,2,RESERVED,platform,LG-platform,2,EXP-PLAT-011,,,EXP-CONF-009,,research/experiments/EXP-PLAT-011/record.md,research/normalized/EXP-PLAT-011/decision/DEC-PLT-054-look2-mde.json,"only after a documented change, on new validation items from new independence groups committed and fingerprinted before use (section 5.2); otherwise labelled tuning",rule:home-domain>section-overlap>cluster-focus>fewest-decisions
DEC-PLT-055,1,PLANNED,platform,LG-platform,2,EXP-PLAT-016,EXP-PLAT-004; EXP-PLAT-013,,,,research/experiments/EXP-PLAT-016/record.md; research/experiments/EXP-PLAT-004/record.md; research/experiments/EXP-PLAT-013/record.md,research/normalized/EXP-PLAT-016/decision/DEC-PLT-055-look1-mde.json,after W and S of every decision in the look group are recorded on tuning (PA-03 rule 2); MDE gate section 4.12 passes,rule:home-domain>section-overlap>cluster-focus>fewest-decisions
DEC-PLT-055,2,RESERVED,platform,LG-platform,2,EXP-PLAT-016,EXP-PLAT-004; EXP-PLAT-013,,,,research/experiments/EXP-PLAT-016/record.md; research/experiments/EXP-PLAT-004/record.md; research/experiments/EXP-PLAT-013/record.md,research/normalized/EXP-PLAT-016/decision/DEC-PLT-055-look2-mde.json,"only after a documented change, on new validation items from new independence groups committed and fingerprinted before use (section 5.2); otherwise labelled tuning",rule:home-domain>section-overlap>cluster-focus>fewest-decisions
DEC-PLT-056,1,PLANNED,platform,LG-platform,2,EXP-PLAT-013,,,,,research/experiments/EXP-PLAT-013/record.md,research/normalized/EXP-PLAT-013/decision/DEC-PLT-056-look1-mde.json,after W and S of every decision in the look group are recorded on tuning (PA-03 rule 2); MDE gate section 4.12 passes,rule:home-domain>section-overlap>cluster-focus>fewest-decisions
DEC-PLT-056,2,RESERVED,platform,LG-platform,2,EXP-PLAT-013,,,,,research/experiments/EXP-PLAT-013/record.md,research/normalized/EXP-PLAT-013/decision/DEC-PLT-056-look2-mde.json,"only after a documented change, on new validation items from new independence groups committed and fingerprinted before use (section 5.2); otherwise labelled tuning",rule:home-domain>section-overlap>cluster-focus>fewest-decisions
DEC-PLT-057,1,PLANNED,platform,LG-platform,2,EXP-PLAT-016,EXP-PLAT-013,,,,research/experiments/EXP-PLAT-016/record.md; research/experiments/EXP-PLAT-013/record.md,research/normalized/EXP-PLAT-016/decision/DEC-PLT-057-look1-mde.json,after W and S of every decision in the look group are recorded on tuning (PA-03 rule 2); MDE gate section 4.12 passes,rule:home-domain>section-overlap>cluster-focus>fewest-decisions
DEC-PLT-057,2,RESERVED,platform,LG-platform,2,EXP-PLAT-016,EXP-PLAT-013,,,,research/experiments/EXP-PLAT-016/record.md; research/experiments/EXP-PLAT-013/record.md,research/normalized/EXP-PLAT-016/decision/DEC-PLT-057-look2-mde.json,"only after a documented change, on new validation items from new independence groups committed and fingerprinted before use (section 5.2); otherwise labelled tuning",rule:home-domain>section-overlap>cluster-focus>fewest-decisions
DEC-PLT-058,1,PLANNED,platform,LG-platform,2,EXP-PLAT-013,,,,,research/experiments/EXP-PLAT-013/record.md,research/normalized/EXP-PLAT-013/decision/DEC-PLT-058-look1-mde.json,after W and S of every decision in the look group are recorded on tuning (PA-03 rule 2); MDE gate section 4.12 passes,rule:home-domain>section-overlap>cluster-focus>fewest-decisions
DEC-PLT-058,2,RESERVED,platform,LG-platform,2,EXP-PLAT-013,,,,,research/experiments/EXP-PLAT-013/record.md,research/normalized/EXP-PLAT-013/decision/DEC-PLT-058-look2-mde.json,"only after a documented change, on new validation items from new independence groups committed and fingerprinted before use (section 5.2); otherwise labelled tuning",rule:home-domain>section-overlap>cluster-focus>fewest-decisions
DEC-PLT-059,1,PLANNED,platform,LG-platform,2,EXP-PLAT-003,EXP-ECO-015; EXP-PLAT-002,,,,research/experiments/EXP-PLAT-003/record.md; research/experiments/EXP-ECO-015/record.md; research/experiments/EXP-PLAT-002/record.md,research/normalized/EXP-PLAT-003/decision/DEC-PLT-059-look1-mde.json,after W and S of every decision in the look group are recorded on tuning (PA-03 rule 2); MDE gate section 4.12 passes,rule:home-domain>section-overlap>cluster-focus>fewest-decisions
DEC-PLT-059,2,RESERVED,platform,LG-platform,2,EXP-PLAT-003,EXP-ECO-015; EXP-PLAT-002,,,,research/experiments/EXP-PLAT-003/record.md; research/experiments/EXP-ECO-015/record.md; research/experiments/EXP-PLAT-002/record.md,research/normalized/EXP-PLAT-003/decision/DEC-PLT-059-look2-mde.json,"only after a documented change, on new validation items from new independence groups committed and fingerprinted before use (section 5.2); otherwise labelled tuning",rule:home-domain>section-overlap>cluster-focus>fewest-decisions
DEC-PLT-060,1,PLANNED,platform,LG-platform,2,EXP-PLAT-012,EXP-CONF-007; EXP-PLAT-003; EXP-PLAT-021,,,,research/experiments/EXP-PLAT-012/record.md; research/experiments/EXP-CONF-007/record.md; research/experiments/EXP-PLAT-003/record.md; research/experiments/EXP-PLAT-021/record.md,research/normalized/EXP-PLAT-012/decision/DEC-PLT-060-look1-mde.json,after W and S of every decision in the look group are recorded on tuning (PA-03 rule 2); MDE gate section 4.12 passes,rule:home-domain>section-overlap>cluster-focus>fewest-decisions
DEC-PLT-060,2,RESERVED,platform,LG-platform,2,EXP-PLAT-012,EXP-CONF-007; EXP-PLAT-003; EXP-PLAT-021,,,,research/experiments/EXP-PLAT-012/record.md; research/experiments/EXP-CONF-007/record.md; research/experiments/EXP-PLAT-003/record.md; research/experiments/EXP-PLAT-021/record.md,research/normalized/EXP-PLAT-012/decision/DEC-PLT-060-look2-mde.json,"only after a documented change, on new validation items from new independence groups committed and fingerprinted before use (section 5.2); otherwise labelled tuning",rule:home-domain>section-overlap>cluster-focus>fewest-decisions
DEC-PLT-061,1,PLANNED,platform,LG-platform,2,EXP-PLAT-008,,,,,research/experiments/EXP-PLAT-008/record.md,research/normalized/EXP-PLAT-008/decision/DEC-PLT-061-look1-mde.json,after W and S of every decision in the look group are recorded on tuning (PA-03 rule 2); MDE gate section 4.12 passes,rule:home-domain>section-overlap>cluster-focus>fewest-decisions
DEC-PLT-061,2,RESERVED,platform,LG-platform,2,EXP-PLAT-008,,,,,research/experiments/EXP-PLAT-008/record.md,research/normalized/EXP-PLAT-008/decision/DEC-PLT-061-look2-mde.json,"only after a documented change, on new validation items from new independence groups committed and fingerprinted before use (section 5.2); otherwise labelled tuning",rule:home-domain>section-overlap>cluster-focus>fewest-decisions
DEC-PLT-062,1,PLANNED,platform,LG-platform,2,EXP-PLAT-001,EXP-PLAT-005; EXP-PLAT-024,,,,research/experiments/EXP-PLAT-001/record.md; research/experiments/EXP-PLAT-005/record.md; research/experiments/EXP-PLAT-024/record.md,research/normalized/EXP-PLAT-001/decision/DEC-PLT-062-look1-mde.json,after W and S of every decision in the look group are recorded on tuning (PA-03 rule 2); MDE gate section 4.12 passes,rule:home-domain>section-overlap>cluster-focus>fewest-decisions
DEC-PLT-062,2,RESERVED,platform,LG-platform,2,EXP-PLAT-001,EXP-PLAT-005; EXP-PLAT-024,,,,research/experiments/EXP-PLAT-001/record.md; research/experiments/EXP-PLAT-005/record.md; research/experiments/EXP-PLAT-024/record.md,research/normalized/EXP-PLAT-001/decision/DEC-PLT-062-look2-mde.json,"only after a documented change, on new validation items from new independence groups committed and fingerprinted before use (section 5.2); otherwise labelled tuning",rule:home-domain>section-overlap>cluster-focus>fewest-decisions
