decision_id,program_sections,experiment_ids,uncovered_reason,evidence_route,covered,experiment_count,cluster,status,blocker_class
DEC-ACC-001,8.5; 10; 12,EXP-CROSSFILE-004; EXP-CROSSFILE-006; EXP-REMOTE-002,"The question is the normative access-cost formula and its validation against measured decoded and fetched bytes per access (local and HTTP traces). That is an access and remote measurement with ebr-access and ebr-netem, not a planner search or profile experiment; planner experiments only produce the declared access_granularity_bytes each profile writes.","remote domain (section 12) and crossfile domain (section 8.5): EXP-REMOTE-002, EXP-CROSSFILE-004, EXP-CROSSFILE-006 (ids at design time); planner inputs: declared access_granularity_bytes per profile and parameter point from EXP-PLANNER-001 and EXP-PLANNER-006",Y,3,access,INSUFFICIENT_EVIDENCE,EVIDENCE
DEC-ACC-002,12; 13; 35,EXP-EVAL-005; EXP-EVAL-006; EXP-EVAL-012; EXP-EVAL-013; EXP-REMOTE-012; EXP-SCALE-001; EXP-SCALE-013; EXP-SCALE-016,,,Y,8,access,INSUFFICIENT_EVIDENCE,EVIDENCE
DEC-ACC-003,9; 12,EXP-PLANNER-006; EXP-PLANNER-012; EXP-REMOTE-003,,,Y,3,access,INSUFFICIENT_EVIDENCE,EVIDENCE
DEC-ACC-004,13; 34,EXP-EVAL-008; EXP-SCALE-001; EXP-SCALE-008,,,Y,3,access,INSUFFICIENT_EVIDENCE,HUMAN_PARTICIPANTS
DEC-ACC-005,13,EXP-SCALE-001; EXP-SCALE-006,,,Y,2,access,INSUFFICIENT_EVIDENCE,EVIDENCE
DEC-ACC-006,13,EXP-SCALE-004; EXP-SCALE-008,,,Y,2,access,INSUFFICIENT_EVIDENCE,EVIDENCE
DEC-ACC-007,14; 33,EXP-ECO-001; EXP-ECO-020; EXP-SCALE-012; EXP-SCALE-013,,,Y,4,access,INSUFFICIENT_EVIDENCE,EVIDENCE
DEC-ACC-008,32; 33,EXP-ECO-006; EXP-ECO-018; EXP-ECO-019,,,Y,3,access,INSUFFICIENT_EVIDENCE,EVIDENCE
DEC-ACC-009,13; 22.5; 34,EXP-CRYPTO-009; EXP-EVAL-008; EXP-SCALE-010,,,Y,3,access,INSUFFICIENT_EVIDENCE,EVIDENCE
DEC-ACC-010,12; 22.3; 22.5,EXP-CRYPTO-008; EXP-REMOTE-010,,,Y,2,access,INSUFFICIENT_EVIDENCE,EVIDENCE
DEC-ACC-011,13; 22.5,EXP-CRYPTO-009; EXP-SCALE-010,,,Y,2,access,INSUFFICIENT_EVIDENCE,EVIDENCE
DEC-ACC-012,9; 33,EXP-PLANNER-010; EXP-PLANNER-012,"Explain without retained plaintext needs time, memory and accuracy measurements owned by the access and planner domains","Planner and remote domains (sections 9, 12); simulated usefulness of explain output is in EXP-ECO-019 (DEC-MOD-023, DEC-CMP-029)",Y,2,access,INSUFFICIENT_EVIDENCE,EVIDENCE
DEC-ACC-013,13; 27,EXP-LEGACY-032; EXP-SCALE-002; EXP-SCALE-004; EXP-SCALE-009,,,Y,4,access,INSUFFICIENT_EVIDENCE,EVIDENCE
DEC-ACC-014,12,EXP-REMOTE-009,,,Y,1,access,INSUFFICIENT_EVIDENCE,EVIDENCE
DEC-ACC-015,12; 32,EXP-ECO-009; EXP-ECO-010; EXP-REMOTE-009; EXP-REMOTE-013,,,Y,4,access,INSUFFICIENT_EVIDENCE,EVIDENCE
DEC-ACC-016,12; 31,EXP-ECO-001; EXP-ECO-003; EXP-ECO-009; EXP-REMOTE-009,,,Y,4,access,INSUFFICIENT_EVIDENCE,EVIDENCE
DEC-ACC-017,13; 25,EXP-LEGACY-040; EXP-SCALE-002; EXP-SCALE-009,,,Y,3,access,INSUFFICIENT_EVIDENCE,EVIDENCE
DEC-ACC-018,11; 12,EXP-CON-001; EXP-CON-002; EXP-REMOTE-004,,,Y,3,access,INSUFFICIENT_EVIDENCE,EVIDENCE
DEC-ACC-019,11; 12,EXP-CON-002; EXP-REMOTE-004; EXP-REMOTE-008,,,Y,3,access,INSUFFICIENT_EVIDENCE,EVIDENCE
DEC-ACC-020,13,EXP-SCALE-001; EXP-SCALE-007,,,Y,2,access,INSUFFICIENT_EVIDENCE,EVIDENCE
DEC-ACC-021,29; 33,EXP-CONF-004; EXP-ECO-015; EXP-ECO-022,,,Y,3,access,INSUFFICIENT_EVIDENCE,HUMAN_PARTICIPANTS
DEC-ACC-022,13; 33,EXP-ECO-013; EXP-ECO-015; EXP-ECO-019; EXP-SCALE-001; EXP-SCALE-004; EXP-SCALE-008,,,Y,6,access,INSUFFICIENT_EVIDENCE,EVIDENCE
DEC-ACC-023,12; 21,EXP-PLAT-018; EXP-REMOTE-014,,,Y,2,access,INSUFFICIENT_EVIDENCE,EVIDENCE
DEC-ACC-024,11; 12,EXP-CON-003; EXP-REMOTE-007,,,Y,2,access,INSUFFICIENT_EVIDENCE,EVIDENCE
DEC-ACC-025,8.5; 12,EXP-CROSSFILE-004; EXP-CROSSFILE-006; EXP-CROSSFILE-008; EXP-REMOTE-002; EXP-REMOTE-011,,,Y,5,access,INSUFFICIENT_EVIDENCE,EVIDENCE
DEC-ACC-026,21; 34,EXP-EVAL-008; EXP-PLAT-016,,,Y,2,access,INSUFFICIENT_EVIDENCE,EVIDENCE
DEC-ACC-027,34,,"Only the v1-disposition aspect could be scored (EXP-EVAL-008 applies to it at Phase E); the substantive question (format-layer vs transport-layer multi-volume, or never) needs a user demand survey, which is HUMAN_PARTICIPANTS and unavailable, plus a formal design exercise for volume addressing without a model change, which is analytical, not measurable here.",Human demand survey (BLOCKED: no participants) + FORMAL design exercise with counterexample search by the access/container designers; EXP-EVAL-008 records a POST_V1 disposition with add-later cost C7.,N,0,access,INSUFFICIENT_EVIDENCE,HUMAN_PARTICIPANTS
DEC-ACC-028,13; 34,EXP-EVAL-008; EXP-SCALE-001; EXP-SCALE-002; EXP-SCALE-006; EXP-SCALE-010; EXP-SCALE-015,,,Y,6,access,INSUFFICIENT_EVIDENCE,EVIDENCE
DEC-ACC-029,8.1; 9; 13,EXP-CHUNK-004; EXP-CHUNK-007; EXP-CHUNK-012; EXP-PLANNER-006; EXP-PLANNER-012; EXP-SCALE-001; EXP-SCALE-007,,,Y,7,access,INSUFFICIENT_EVIDENCE,EVIDENCE
DEC-ACC-030,9; 14,EXP-SCALE-011; EXP-SCALE-012; EXP-SCALE-013,"Parallel candidate evaluation, codec worker-count byte identity and planner wall time against workers are deterministic-parallelism prototypes owned by the scale domain (section 14). When selections are byte-identical, planner regret is unchanged by construction, so no separate planner experiment is needed.","scale domain (sections 13-14): EXP-SCALE-011, EXP-SCALE-012, EXP-SCALE-013 (ids at design time); EXP-PLANNER-002 traces provide per-candidate work units; EXP-PLANNER-009 covers single-threaded encoder determinism across host classes",Y,3,access,INSUFFICIENT_EVIDENCE,EVIDENCE
DEC-ACC-031,14,EXP-SCALE-012; EXP-SCALE-013; EXP-SCALE-014; EXP-SCALE-015,,,Y,4,access,INSUFFICIENT_EVIDENCE,EVIDENCE
DEC-ACC-032,14,EXP-SCALE-012; EXP-SCALE-013,,,Y,2,access,INSUFFICIENT_EVIDENCE,EVIDENCE
DEC-ACC-033,14,EXP-SCALE-012; EXP-SCALE-013; EXP-SCALE-015; EXP-SCALE-016,,,Y,4,access,INSUFFICIENT_EVIDENCE,EVIDENCE
DEC-ACC-034,14; 35,EXP-EVAL-012; EXP-SCALE-013; EXP-SCALE-015; EXP-SCALE-016,,,Y,4,access,INSUFFICIENT_EVIDENCE,EVIDENCE
DEC-ACC-035,12; 24; 33,EXP-ECO-019; EXP-ECO-021; EXP-INT-003,"Presentation and semantics decision (how per-read verification states are surfaced in library results, CLI text and JSON). Its required evidence is a user comprehension study (HUMAN_PARTICIPANTS, unavailable), an enumeration of reachable status combinations (a verification-state oracle over sources including HttpRange, objective MVT-15(a), owned by the integrity/conformance domains) and tests on converted/preserved archives. No remote cost or performance quantity decides it; remote-domain traces (EXP-REMOTE-002/009) only supply example report contents.","integrity-domain HC-15 verification-state oracle (MVT-15(a); sources Memory/LocalFile/HttpRange via ebr-origin); ecosystem section 33 simulated message census (heuristic, SIMULATED cap); human comprehension routed to EXTERNAL_REVIEW_REQUIRED / human participants (blocked)",Y,3,access,INSUFFICIENT_EVIDENCE,EVIDENCE
DEC-ACC-036,13; 29,EXP-CONF-004; EXP-CONF-007; EXP-SCALE-006,,,Y,3,access,INSUFFICIENT_EVIDENCE,EVIDENCE
DEC-ACC-037,33; 34,EXP-ECO-020; EXP-EVAL-008,,,Y,2,access,INSUFFICIENT_EVIDENCE,EVIDENCE
DEC-ACC-038,12; 23,EXP-INT-007; EXP-REMOTE-002,,,Y,2,access,INSUFFICIENT_EVIDENCE,EVIDENCE
DEC-ACC-039,12; 33,EXP-ECO-020; EXP-ECO-021; EXP-REMOTE-008,,,Y,3,access,INSUFFICIENT_EVIDENCE,HUMAN_PARTICIPANTS
DEC-ACC-040,12; 34,EXP-EVAL-008; EXP-REMOTE-007,,,Y,2,access,INSUFFICIENT_EVIDENCE,EVIDENCE
DEC-ACC-041,12; 35,EXP-EVAL-012; EXP-REMOTE-012; EXP-REMOTE-013,,,Y,3,access,INSUFFICIENT_EVIDENCE,EVIDENCE
DEC-ACC-042,12,EXP-REMOTE-005,,,Y,1,access,INSUFFICIENT_EVIDENCE,EVIDENCE
DEC-ACC-043,12; 14,EXP-REMOTE-006; EXP-REMOTE-013; EXP-SCALE-012,,,Y,3,access,INSUFFICIENT_EVIDENCE,EVIDENCE
DEC-ACC-044,12,EXP-REMOTE-008,,,Y,1,access,INSUFFICIENT_EVIDENCE,EVIDENCE
DEC-ACC-045,12,EXP-REMOTE-005; EXP-REMOTE-013,,,Y,2,access,INSUFFICIENT_EVIDENCE,EVIDENCE
DEC-ACC-046,12,EXP-REMOTE-003; EXP-REMOTE-013,,,Y,2,access,INSUFFICIENT_EVIDENCE,EVIDENCE
DEC-ACC-047,12; 34,EXP-EVAL-008; EXP-REMOTE-013,,,Y,2,access,INSUFFICIENT_EVIDENCE,HUMAN_PARTICIPANTS
DEC-ACC-048,13,EXP-SCALE-001; EXP-SCALE-008,,,Y,2,access,INSUFFICIENT_EVIDENCE,EVIDENCE
DEC-ACC-049,22.5; 33,EXP-CRYPTO-015; EXP-ECO-015,,,Y,2,access,INSUFFICIENT_EVIDENCE,EVIDENCE
DEC-ACC-050,33; 34,EXP-ECO-020; EXP-EVAL-008,,,Y,2,access,INSUFFICIENT_EVIDENCE,EVIDENCE
DEC-ACC-051,33; 34,EXP-ECO-018; EXP-EVAL-008,,,Y,2,access,INSUFFICIENT_EVIDENCE,EVIDENCE
DEC-ACC-052,13,EXP-SCALE-001; EXP-SCALE-003; EXP-SCALE-004; EXP-SCALE-006,,,Y,4,access,INSUFFICIENT_EVIDENCE,EVIDENCE
DEC-ACC-053,13; 21,EXP-PLAT-017; EXP-SCALE-004; EXP-SCALE-008,,,Y,3,access,INSUFFICIENT_EVIDENCE,EVIDENCE
DEC-ACC-054,13; 33,EXP-ECO-015; EXP-ECO-019; EXP-SCALE-003,,,Y,3,access,INSUFFICIENT_EVIDENCE,EVIDENCE
DEC-ACC-055,13,EXP-SCALE-004; EXP-SCALE-008,,,Y,2,access,INSUFFICIENT_EVIDENCE,EVIDENCE
DEC-ACC-056,13,EXP-SCALE-003; EXP-SCALE-007,,,Y,2,access,INSUFFICIENT_EVIDENCE,EVIDENCE
DEC-ACC-057,13; 30,EXP-CONF-007; EXP-CONF-009; EXP-SCALE-006,,,Y,3,access,INSUFFICIENT_EVIDENCE,EVIDENCE
DEC-ACC-058,13,EXP-SCALE-001; EXP-SCALE-007,,,Y,2,access,INSUFFICIENT_EVIDENCE,EVIDENCE
DEC-ACC-059,12; 13,EXP-REMOTE-005; EXP-SCALE-001; EXP-SCALE-008,,,Y,3,access,INSUFFICIENT_EVIDENCE,EVIDENCE
DEC-ACC-060,13,EXP-SCALE-001; EXP-SCALE-006; EXP-SCALE-008,,,Y,3,access,INSUFFICIENT_EVIDENCE,EVIDENCE
DEC-ACC-061,13,EXP-SCALE-007,,,Y,1,access,INSUFFICIENT_EVIDENCE,EVIDENCE
DEC-ACC-062,13,EXP-SCALE-001; EXP-SCALE-006; EXP-SCALE-008,,,Y,3,access,INSUFFICIENT_EVIDENCE,EVIDENCE
DEC-ACC-063,7; 12,EXP-REMOTE-001; EXP-REMOTE-013,Choice of network emulation method (application-level proxy vs Toxiproxy vs netem VM vs real object stores vs trace replay) is validated by the emulator calibration and slow-start sensitivity analysis of the remote domain.,"remote domain (program 12): EXP-NETEM-CAL regeneration in a quiet window, harness review R1-14 slow-start sensitivity and real-path confirmation experiments.",Y,2,access,INSUFFICIENT_EVIDENCE,EVIDENCE
DEC-CMP-001,8.1; 14; 22.2; 35,EXP-CHUNK-001; EXP-CHUNK-002; EXP-CHUNK-003; EXP-CHUNK-004; EXP-CHUNK-006; EXP-CHUNK-008; EXP-CHUNK-009; EXP-CHUNK-012; EXP-CHUNK-013; EXP-CRYPTO-003; EXP-CRYPTO-021; EXP-EVAL-012; EXP-SCALE-012; EXP-SCALE-014,,,Y,14,compression,INSUFFICIENT_EVIDENCE,EVIDENCE
DEC-CMP-002,8.1; 10; 11,EXP-CHUNK-001; EXP-CHUNK-002; EXP-CHUNK-003; EXP-CHUNK-004; EXP-CHUNK-005; EXP-CHUNK-008; EXP-CHUNK-009; EXP-CHUNK-014; EXP-CON-002; EXP-PLANNER-005; EXP-PLANNER-012,,,Y,11,compression,INSUFFICIENT_EVIDENCE,EVIDENCE
DEC-CMP-003,8.1; 9; 10,EXP-CHUNK-002; EXP-CHUNK-004; EXP-CHUNK-005; EXP-CHUNK-008; EXP-PLANNER-005; EXP-PLANNER-012,,,Y,6,compression,INSUFFICIENT_EVIDENCE,EVIDENCE
DEC-CMP-004,8.1; 9,EXP-CHUNK-004; EXP-CHUNK-005; EXP-CHUNK-008; EXP-PLANNER-005; EXP-PLANNER-012,,,Y,5,compression,INSUFFICIENT_EVIDENCE,EVIDENCE
DEC-CMP-005,8.1; 28; 29,EXP-CHUNK-011; EXP-CHUNK-012; EXP-CHUNK-013; EXP-CONF-004; EXP-CONF-009; EXP-CONF-012,,,Y,6,compression,INSUFFICIENT_EVIDENCE,EVIDENCE
DEC-CMP-006,8.3; 10; 12,EXP-CROSSFILE-001; EXP-CROSSFILE-002; EXP-CROSSFILE-007; EXP-PLANNER-006; EXP-PLANNER-012; EXP-REMOTE-003,,,Y,6,compression,INSUFFICIENT_EVIDENCE,EVIDENCE
DEC-CMP-007,8.6; 30; 31,EXP-CODEC-002; EXP-CODEC-009; EXP-CONF-010; EXP-ECO-001; EXP-ECO-002; EXP-ECO-003,,,Y,6,compression,INSUFFICIENT_EVIDENCE,EVIDENCE
DEC-CMP-008,8.6; 28; 31; 34,EXP-CODEC-001; EXP-CODEC-002; EXP-CODEC-003; EXP-CODEC-005; EXP-CODEC-009; EXP-CONF-001; EXP-ECO-001; EXP-ECO-003; EXP-EVAL-008,,,Y,9,compression,INSUFFICIENT_EVIDENCE,EVIDENCE
DEC-CMP-009,8.6; 10,EXP-CODEC-001; EXP-CODEC-002; EXP-CODEC-003; EXP-CODEC-005; EXP-CODEC-009; EXP-PLANNER-002; EXP-PLANNER-004; EXP-PLANNER-012,,,Y,8,compression,INSUFFICIENT_EVIDENCE,EVIDENCE
DEC-CMP-010,8.6; 8.7; 30; 34,EXP-CODEC-005; EXP-CONF-004; EXP-CONF-009; EXP-EVAL-008,,,Y,4,compression,INSUFFICIENT_EVIDENCE,EVIDENCE
DEC-CMP-011,6; 8.6; 35,EXP-EVAL-001; EXP-EVAL-002; EXP-EVAL-005; EXP-EVAL-012; EXP-EVAL-013,"Not measured by a codecs-domain experiment: the decision is the documentation claim policy for ratio/speed claims against incumbents, and the incumbent benchmarks, per-profile decode throughput and held-out replication are designed by the evaluation domain. Codecs-domain inputs: the EXP-CODEC-001 whole-object Silesia arm (descriptive re-verification of the published REQ-CMP-0083 figures) and chunk-scope codec sizes.","EXP-EVAL-001, EXP-EVAL-002, EXP-EVAL-005, EXP-EVAL-012, EXP-EVAL-013 (evaluation domain); Phase D held-out per decision-method section 5",Y,5,compression,INSUFFICIENT_EVIDENCE,EVIDENCE
DEC-CMP-012,8.7; 8.8; 9,EXP-PLANNER-004; EXP-PLANNER-012; EXP-RECON-001; EXP-RECON-002; EXP-RECON-003; EXP-RECON-004; EXP-RECON-005; EXP-RECON-006,"Planner gating decision (sampling probe, retuned probe, byte-signature categoriser, entropy gate, always-try, per-category scope) is designed as planner-domain arm B plus reconstruction-gate experiments and is not duplicated here. Codecs-domain input: EXP-CODEC-004 reports frozen-probe false negatives and applicability accuracy for new structural transforms (offered to EXP-PLANNER-004).","EXP-PLANNER-004 (arm B), EXP-RECON-001, EXP-RECON-002, EXP-RECON-003, EXP-RECON-004",Y,8,compression,INSUFFICIENT_EVIDENCE,EVIDENCE
DEC-CMP-013,8.4; 8.5; 10; 33,EXP-CROSSFILE-003; EXP-CROSSFILE-004; EXP-ECO-013; EXP-ECO-018; EXP-ECO-019; EXP-PLANNER-006; EXP-PLANNER-012,,,Y,7,compression,INSUFFICIENT_EVIDENCE,EVIDENCE
DEC-CMP-014,8.4; 8.5; 8.6; 8.7,EXP-CROSSFILE-003; EXP-CROSSFILE-008,"Dictionary and prefix modes for codecs other than Zstandard (LZMA2 preset dictionary, LZ4 dictionary, transforms before dictionary/prefix, long-window prefix plans) are designed by the crossfile domain on its cohorts, with dictionary bytes, decoder memory and decode timing charged; not duplicated here.","EXP-CROSSFILE-003 (DEC-CMP-014 arms), EXP-CROSSFILE-004 (prefix window and LDM topology), EXP-CROSSFILE-008 (decode throughput of the arms); criteria and decoder complexity inputs from EXP-CODEC-005",Y,2,compression,INSUFFICIENT_EVIDENCE,EVIDENCE
DEC-CMP-015,7; 9; 10,EXP-PLANNER-008; EXP-PLANNER-011; EXP-PLANNER-012,How min_decode_rate is evaluated deterministically (reference machine vs static cost model vs codec-class tiers) is a planner-constraint design question.,planner domain (program 9-10) profile-objective and constraint experiments; EXP-EVAL-004 supplies only the calibrated timing noise floor.,Y,3,compression,INSUFFICIENT_EVIDENCE,EVIDENCE
DEC-CMP-016,8.8; 10; 30,EXP-CONF-007; EXP-CONF-009; EXP-PLANNER-006; EXP-PLANNER-011; EXP-PLANNER-012; EXP-RECON-001; EXP-RECON-002; EXP-RECON-003; EXP-RECON-004; EXP-RECON-006; EXP-RECON-007; EXP-RECON-010; EXP-RECON-012,,,Y,13,compression,INSUFFICIENT_EVIDENCE,EVIDENCE
DEC-CMP-017,8.2; 13; 22.3; 23; 35,EXP-CHUNK-003; EXP-CHUNK-004; EXP-CHUNK-006; EXP-CHUNK-007; EXP-CHUNK-009; EXP-CRYPTO-006; EXP-EVAL-012; EXP-SCALE-001; EXP-SCALE-006; EXP-SCALE-007,"Deduplication scope is a size, dedup-metadata and access-cost decision owned by the chunking and crossfile designs (program 8.2, 8.3); its section-23 aspect (rename, move and version-series dedup under incremental use) is a dedup measurement, not an integrity measurement. EXP-INT-007 records chain sizes for Incremental candidates but does not compare dedup scopes.","EMPIRICAL via the chunking domain's dedup-scope experiments (net bytes saved per scope, break-even file size, version-series dedup on F17/F18, encrypted creation overhead, index memory at the chunk limit); integrity supplies no additional measurement (at design time indexed by chunking EXP-CHUNK-003, 004, 006, 007, 009, scale EXP-SCALE-001, 006, 007, crypto EXP-CRYPTO-006 and evaluation EXP-EVAL-012)",Y,10,compression,INSUFFICIENT_EVIDENCE,EVIDENCE
DEC-CMP-018,8.8,EXP-RECON-001; EXP-RECON-002; EXP-RECON-003; EXP-RECON-004; EXP-RECON-005; EXP-RECON-006; EXP-RECON-011; EXP-RECON-012,,,Y,8,compression,INSUFFICIENT_EVIDENCE,EVIDENCE
DEC-CMP-019,7; 9; 14,EXP-PLANNER-006; EXP-PLANNER-009; EXP-PLANNER-011; EXP-PLANNER-012; EXP-SCALE-005; EXP-SCALE-014,Deterministic planning mode and the recorded resource model are planner/scale determinism questions.,planner domain (program 9-10) and scale domain (program 13-14) determinism-across-threads experiments.,Y,6,compression,INSUFFICIENT_EVIDENCE,EVIDENCE
DEC-CMP-020,8.4; 9; 10; 12,EXP-CROSSFILE-003; EXP-CROSSFILE-006; EXP-CROSSFILE-007; EXP-CROSSFILE-008; EXP-PLANNER-004; EXP-PLANNER-012; EXP-REMOTE-011,,,Y,7,compression,INSUFFICIENT_EVIDENCE,EVIDENCE
DEC-CMP-021,8.4; 14; 31,EXP-CROSSFILE-009; EXP-CROSSFILE-010; EXP-CROSSFILE-011; EXP-ECO-001; EXP-ECO-002; EXP-SCALE-005; EXP-SCALE-011; EXP-SCALE-014; EXP-SCALE-015,,,Y,9,compression,INSUFFICIENT_EVIDENCE,EVIDENCE
DEC-CMP-022,9; 22.2,EXP-CRYPTO-007; EXP-PLANNER-010; EXP-PLANNER-012,,,Y,3,compression,INSUFFICIENT_EVIDENCE,EVIDENCE
DEC-CMP-023,8.6; 8.7; 8.8; 34,EXP-EVAL-008; EXP-RECON-001; EXP-RECON-002; EXP-RECON-004; EXP-RECON-005; EXP-RECON-008; EXP-RECON-011,"The generation ablation (v3-v6 savings shares; promote/withdraw emission candidates) is designed by the reconstruction domain on real archives and is not duplicated here. Codecs-domain inputs: v4 codec and transform evidence (EXP-CODEC-001, EXP-CODEC-004) and specification/implementation burden (EXP-CODEC-005).","EXP-RECON-004 (generation ablation, DEC-CMP-023 candidates), EXP-RECON-001, EXP-RECON-002; independent-reader burden from the conformance domain",Y,7,compression,INSUFFICIENT_EVIDENCE,EVIDENCE
DEC-CMP-024,7; 8.6; 27,EXP-CODEC-008; EXP-LEGACY-031; EXP-LEGACY-033,Frozen legacy export wrapper parameters and encoder-upgrade policy are codec/legacy export decisions.,codecs domain (program 8.6) and legacy domain (program 27) export experiments.,Y,3,compression,INSUFFICIENT_EVIDENCE,EVIDENCE
DEC-CMP-025,9; 29; 34,EXP-CONF-006; EXP-EVAL-008; EXP-PLANNER-010; EXP-PLANNER-012,,,Y,4,compression,INSUFFICIENT_EVIDENCE,EVIDENCE
DEC-CMP-026,8.8; 31,EXP-ECO-001; EXP-RECON-001; EXP-RECON-002; EXP-RECON-003; EXP-RECON-004; EXP-RECON-005; EXP-RECON-006; EXP-RECON-008; EXP-RECON-009; EXP-RECON-011; EXP-RECON-012,,,Y,11,compression,INSUFFICIENT_EVIDENCE,EVIDENCE
DEC-CMP-027,8.5; 12; 24; 35,EXP-CROSSFILE-004; EXP-CROSSFILE-005; EXP-CROSSFILE-006; EXP-CROSSFILE-007; EXP-CROSSFILE-008; EXP-EVAL-012; EXP-INT-001; EXP-REMOTE-011,,,Y,8,compression,INSUFFICIENT_EVIDENCE,EVIDENCE
DEC-CMP-028,21; 25,EXP-PLAT-016; EXP-PLAT-018; EXP-PLAT-023,"Not a legacy-format question: it concerns pack capture of filesystem sources that change during capture (retry count, Unix-vs-Windows stability predicate, abort/exclude/record disposition, snapshot integration). Its program-section 25 tag does not make any legacy import, export or adapter measurement informative for its candidates; the nearest legacy analogue (a legacy archive rewritten while convert or sidecar reads it) would not select among the pack candidates.","Capture/platform domain experiment implementing objective MVT-07(d): seeded mutator (rewrite, truncate, extend, rename-over, touch mtime) against ebound pack on NTFS (Windows host) and ext4 (WSL), FAT via a loop image, SMB only if an owner-provided share exists; plus the static by-path re-open audit of the capture code and a snapshot-API availability survey without unsafe code or admin rights (program section 21).",Y,3,compression,INSUFFICIENT_EVIDENCE,EVIDENCE
DEC-CMP-029,9; 22.2; 33,EXP-CRYPTO-005; EXP-CRYPTO-007; EXP-ECO-019; EXP-PLANNER-009; EXP-PLANNER-010; EXP-PLANNER-012,,,Y,6,compression,INSUFFICIENT_EVIDENCE,EVIDENCE
DEC-CMP-030,9; 10,EXP-PLANNER-004; EXP-PLANNER-012,,,Y,2,compression,INSUFFICIENT_EVIDENCE,EVIDENCE
DEC-CMP-031,7; 9; 31,EXP-ECO-002; EXP-PLANNER-009; EXP-PLANNER-011; EXP-PLANNER-012,The promise of a frozen planner ID (plan decisions vs boundaries vs compressed bytes) and encoder pinning are planner and dependency-longevity decisions.,planner domain (program 9-10) golden-vector/drift experiments and ecosystem domain (program 31) dependency audit.,Y,4,compression,INSUFFICIENT_EVIDENCE,EVIDENCE
DEC-CMP-032,9; 35,EXP-EVAL-012; EXP-PLANNER-002; EXP-PLANNER-003; EXP-PLANNER-007; EXP-PLANNER-012,,,Y,5,compression,INSUFFICIENT_EVIDENCE,EVIDENCE
DEC-CMP-033,9; 10,EXP-PLANNER-003; EXP-PLANNER-007; EXP-PLANNER-012,,,Y,3,compression,INSUFFICIENT_EVIDENCE,EVIDENCE
DEC-CMP-034,8.6; 9; 10; 35,EXP-EVAL-012; EXP-PLANNER-001; EXP-PLANNER-002; EXP-PLANNER-004; EXP-PLANNER-007; EXP-PLANNER-012; EXP-RECON-003,"Per-profile candidate tables (pruned, SPEC-literal, zstd-only, fitted tables; win frequency and marginal contribution under exhaustive search) are designed by the planner domain and are not duplicated here. Codecs-domain inputs: per-configuration decode throughput and memory guards (EXP-CODEC-002, EXP-CODEC-003).","EXP-PLANNER-001, EXP-PLANNER-002, EXP-PLANNER-004 (arm A), EXP-PLANNER-007 (timing), EXP-RECON-003 (JPEG post-codec lists)",Y,7,compression,INSUFFICIENT_EVIDENCE,EVIDENCE
DEC-CMP-035,9; 10; 35,EXP-EVAL-012; EXP-PLANNER-001; EXP-PLANNER-006; EXP-PLANNER-007; EXP-PLANNER-012,,,Y,5,compression,INSUFFICIENT_EVIDENCE,EVIDENCE
DEC-CMP-036,10; 33; 35,EXP-ECO-019; EXP-ECO-021; EXP-EVAL-012; EXP-PLANNER-001; EXP-PLANNER-007; EXP-PLANNER-011; EXP-PLANNER-012,,,Y,7,compression,INSUFFICIENT_EVIDENCE,EVIDENCE
DEC-CMP-037,8.8; 30,EXP-CONF-009; EXP-RECON-005; EXP-RECON-006; EXP-RECON-007; EXP-RECON-011,,,Y,5,compression,INSUFFICIENT_EVIDENCE,EVIDENCE
DEC-CMP-038,8.8; 28; 31,EXP-CONF-001; EXP-ECO-001; EXP-ECO-002; EXP-RECON-003; EXP-RECON-004; EXP-RECON-007; EXP-RECON-008; EXP-RECON-011,,,Y,8,compression,INSUFFICIENT_EVIDENCE,EVIDENCE
DEC-CMP-039,8.2; 8.3; 8.8; 9,EXP-CHUNK-010; EXP-CROSSFILE-007; EXP-CROSSFILE-012; EXP-PLANNER-004; EXP-PLANNER-012; EXP-RECON-002; EXP-RECON-009,,,Y,7,compression,INSUFFICIENT_EVIDENCE,EVIDENCE
DEC-CMP-040,9; 10,EXP-PLANNER-009; EXP-PLANNER-010; EXP-PLANNER-012,,,Y,3,compression,INSUFFICIENT_EVIDENCE,EVIDENCE
DEC-CMP-041,8.3; 9; 13; 14,EXP-CROSSFILE-001; EXP-CROSSFILE-007; EXP-SCALE-001; EXP-SCALE-005; EXP-SCALE-007; EXP-SCALE-012,"Similarity method choice (bottom-k against MinHash/LSH, SimHash, Nilsimsa, TLSH, super-features, content-defined sampling) is decided by cohort recall and precision against exact Jaccard, shift sensitivity and false-group cost, which are crossfile measurements (section 8.3). The planner clustering_mode arm (EXP-PLANNER-006) uses only the status-quo method and cheap ordering.","crossfile domain: EXP-CROSSFILE-001, EXP-CROSSFILE-007; scaling beyond RAM: EXP-SCALE-001, EXP-SCALE-005, EXP-SCALE-007, EXP-SCALE-012 (ids at design time)",Y,6,compression,INSUFFICIENT_EVIDENCE,EVIDENCE
DEC-CMP-042,8.1; 8.8,EXP-CHUNK-010; EXP-RECON-002; EXP-RECON-004; EXP-RECON-005,,,Y,4,compression,INSUFFICIENT_EVIDENCE,EVIDENCE
DEC-CMP-043,8.7,EXP-CODEC-002; EXP-CODEC-003; EXP-CODEC-004; EXP-CODEC-005; EXP-CODEC-006; EXP-CODEC-009,,,Y,6,compression,INSUFFICIENT_EVIDENCE,EVIDENCE
DEC-CMP-044,8.7; 24,EXP-CODEC-005; EXP-CODEC-006; EXP-INT-014; EXP-RECON-005,,,Y,4,compression,INSUFFICIENT_EVIDENCE,EVIDENCE
DEC-CMP-045,8.6; 10,EXP-CODEC-001; EXP-CODEC-002; EXP-CODEC-003; EXP-CODEC-009; EXP-PLANNER-006; EXP-PLANNER-012,,,Y,6,compression,INSUFFICIENT_EVIDENCE,EVIDENCE
DEC-CON-001,11; 15; 27; 30,EXP-CON-006; EXP-CONF-007; EXP-LEGACY-041; EXP-PLAT-003; EXP-PLAT-012,,,Y,5,container,INSUFFICIENT_EVIDENCE,EVIDENCE
DEC-CON-002,11; 28; 34,EXP-CON-001; EXP-CON-002; EXP-CON-004; EXP-CON-005; EXP-CON-008; EXP-CONF-001; EXP-CONF-002; EXP-EVAL-008,,,Y,8,container,INSUFFICIENT_EVIDENCE,EVIDENCE
DEC-CON-003,11; 28; 29; 34,EXP-CONF-001; EXP-CONF-002; EXP-CONF-003; EXP-CONF-004; EXP-EVAL-008,"Registry and section-numbering evidence is the conformance domain's normative-statement extraction, registry audit and feature-bit-swap cases; no container measurement distinguishes the candidates beyond them","EXP-CONF-003 (registry audit, doc-code census), EXP-CONF-004 (feature-bit swap cases), EXP-CONF-001 (independent-reader ambiguity log); migration cost inventory of renumbering in EXP-CON-008",Y,5,container,INSUFFICIENT_EVIDENCE,EVIDENCE
DEC-CON-004,8.5; 8.6; 8.8; 11; 29,EXP-CODEC-003; EXP-CONF-004; EXP-CONF-007; EXP-CROSSFILE-003; EXP-CROSSFILE-004; EXP-CROSSFILE-006; EXP-CROSSFILE-008; EXP-RECON-001; EXP-RECON-006; EXP-RECON-010,"Decode-requirement semantics are measured by allocator-exact decode memory per codec, lookback, dictionary and reconstruction path and by all-ones flag and budget vectors in other domains","EXP-CONF-007 (declared-requirement tightness), EXP-RECON-001 (declarations), EXP-CODEC-003 (per-configuration peaks), EXP-CROSSFILE-003/004 (dictionary and lookback shares), EXP-CONF-004 (flag and budget vectors); FORMAL definition review",Y,10,container,INSUFFICIENT_EVIDENCE,EVIDENCE
DEC-CON-005,8.6; 8.8; 11; 30,EXP-CON-009; EXP-CONF-007; EXP-CONF-014; EXP-RECON-001; EXP-RECON-004; EXP-RECON-006; EXP-RECON-012,"Default decoder ceilings (benign false-refusal share per ceiling, hostile refusal) are designed at archive level by the conformance and reconstruction domains and are not duplicated here. Codecs-domain input: per-codec and per-window decode memory and the tool refusal matrix (EXP-CODEC-003).","EXP-CONF-007, EXP-RECON-001, EXP-RECON-004; low-memory physical devices PLATFORM_BLOCKED",Y,7,container,INSUFFICIENT_EVIDENCE,EVIDENCE
DEC-CON-006,5; 7; 11; 25; 30; 33,EXP-CON-005; EXP-CON-006; EXP-CONF-007; EXP-LEGACY-010; EXP-LEGACY-041,"Default ResourceBudget values need corpus distributions, hostile-archive suites and false-refusal rates owned by container and scale domains || Default caller-policy ResourceBudget and import budget values are container/legacy/conformance measurements (declared tightness, benign false refusal on the corpus).","Container/scale domains; ecosystem adds only budget-refusal prevalence on registry artifacts (EXP-ECO-011 benign_false_refusal_fraction, reported there as context) || container domain (program 11), legacy domain (program 25) import-limit experiments, conformance domain (program 30) resource ceilings; ecosystem (program 33) for CLI context.",Y,5,container,INSUFFICIENT_EVIDENCE,EVIDENCE
DEC-CON-007,8.6; 8.8; 11; 31,EXP-ECO-001; EXP-ECO-002; EXP-RECON-003; EXP-RECON-004; EXP-RECON-007; EXP-RECON-008; EXP-RECON-011; EXP-RECON-012,"Dependency-defined decode behaviour (preflate-rs, jxl-oxide, lzma-rust2 memory estimates across versions, construction strings) is designed by the ecosystem and reconstruction domains and is not duplicated here. Codecs-domain input: bound formula and specification availability per codec (EXP-CODEC-005). || Cross-version and cross-implementation decoding of dependency-defined steps is designed by the ecosystem and reconstruction domains","EXP-ECO-001, EXP-ECO-002 (H4 lzma-rust2 estimates; cross-version decoding), EXP-RECON-003, EXP-RECON-004 || EXP-ECO-002 (version drift arms incl. preflate-rs, jxl-oxide, lzma-rust2 memory estimates), EXP-RECON-003, EXP-RECON-004, EXP-CODEC-005 (specification and second-implementation feasibility)",Y,8,container,INSUFFICIENT_EVIDENCE,EVIDENCE
DEC-CON-008,11; 22.1; 34,EXP-CRYPTO-016; EXP-EVAL-008,"Deprecation mechanism is a specification-design decision: evidence is a formal operation-by-axis analysis, conformance cases for DEPRECATED diagnostics and a primary-source incumbent review; no measurement distinguishes the candidates","EXP-CRYPTO-016 (version and deprecation gating cells, encrypted readers), EXP-CONF-003 (normative-statement census) and analytical review with primary-source citations (EXTERNALLY_SOURCED incumbent deprecation cases)",Y,2,container,INSUFFICIENT_EVIDENCE,EVIDENCE
DEC-CON-009,11; 13; 22.5; 29,EXP-CONF-004; EXP-CONF-007; EXP-CRYPTO-009; EXP-SCALE-010,Crypto-v1 structural limits at scale are designed by the scale and crypto domains,"EXP-SCALE-010 (encrypted archives at scale, EBCS boundary archives), EXP-CRYPTO-009 (bounded encrypted memory and limit justification), EXP-CONF-004 (boundary vectors)",Y,4,container,INSUFFICIENT_EVIDENCE,EVIDENCE
DEC-CON-010,8.8; 9; 11; 15; 26; 34,EXP-CON-007; EXP-EVAL-008; EXP-LEGACY-050; EXP-PLANNER-001; EXP-PLANNER-012; EXP-PLAT-005; EXP-RECON-001; EXP-RECON-004; EXP-RECON-009; EXP-RECON-010; EXP-RECON-011,,,Y,11,container,INSUFFICIENT_EVIDENCE,EVIDENCE
DEC-CON-011,11; 22.5; 29; 34,EXP-CONF-003; EXP-CONF-004; EXP-CRYPTO-016; EXP-EVAL-008,ro_compat/compat operation-by-command matrix is designed as conformance cases and a normative-statement inventory,"EXP-CONF-003 (op_tier_matrix inventory), EXP-CONF-004 (operation-by-command cases), EXP-CRYPTO-016 (encrypted tier gating); tier-policy prevalence input from EXP-CON-007",Y,4,container,INSUFFICIENT_EVIDENCE,EVIDENCE
DEC-CON-012,11; 22.5; 28; 34,EXP-CON-008; EXP-CONF-001; EXP-CONF-002; EXP-CONF-004; EXP-CONF-006; EXP-CRYPTO-016; EXP-EVAL-008,,,Y,7,container,INSUFFICIENT_EVIDENCE,EVIDENCE
DEC-CON-013,11; 29; 34,EXP-CONF-006; EXP-EVAL-008,Historical stored-bytes compatibility corpus is designed by the conformance domain,"EXP-CONF-006 (historical-generation corpus, frozen-identifier decode regression, repack identity effects, retained decode surface)",Y,2,container,INSUFFICIENT_EVIDENCE,EVIDENCE
DEC-CON-014,11; 28; 30; 34,EXP-CONF-004; EXP-CONF-010; EXP-EVAL-008,"Extension-channel candidates are judged by authentication-coverage analysis, canonicality and differential fuzzing of unknown and ignorable elements","EXP-CONF-004 (unknown-element and ignorable-item authentication cases), EXP-CONF-010 (differential and canonical re-encode fuzzing); FORMAL authentication-coverage review",Y,3,container,INSUFFICIENT_EVIDENCE,EVIDENCE
DEC-CON-015,11; 12; 13,EXP-CON-002; EXP-CON-005; EXP-CON-009; EXP-REMOTE-004; EXP-SCALE-001; EXP-SCALE-003,,,Y,6,container,INSUFFICIENT_EVIDENCE,EVIDENCE
DEC-CON-016,11; 22.4; 22.5; 34,EXP-CRYPTO-015; EXP-EVAL-008,"Legacy encrypted Descriptor-v1 lifecycle is a crypto-cluster matter (feature composition, attack analysis of unauthenticated preamble declarations)","EXP-CRYPTO-015 (feature-composition and mutation matrix), EXP-CONF-006 (historical corpus incl. pre-e35241b encrypted form); external crypto review for the attack analysis",Y,2,container,INSUFFICIENT_EVIDENCE,EVIDENCE
DEC-CON-017,11; 32; 34,EXP-CON-010; EXP-ECO-012; EXP-EVAL-008,,,Y,3,container,INSUFFICIENT_EVIDENCE,EVIDENCE
DEC-CON-018,7; 11; 12; 13; 28,EXP-CON-001; EXP-CON-005; EXP-CON-009; EXP-CONF-001; EXP-CONF-009; EXP-CONF-010; EXP-REMOTE-004; EXP-SCALE-001; EXP-SCALE-003,Physical manifest representation at very large entry counts is a container measurement.,container domain (program 11) manifest/Index experiments with generated million-entry trees; remote (12) and scale (13) for fetch and memory.,Y,9,container,INSUFFICIENT_EVIDENCE,EVIDENCE
DEC-CON-019,11; 32; 34,EXP-CON-010; EXP-ECO-012; EXP-EVAL-008,,,Y,3,container,INSUFFICIENT_EVIDENCE,EVIDENCE
DEC-CON-020,11; 12; 24,EXP-CON-003; EXP-INT-015; EXP-REMOTE-007,,,Y,3,container,INSUFFICIENT_EVIDENCE,EVIDENCE
DEC-CON-021,11; 32,EXP-CON-010; EXP-ECO-012,,,Y,2,container,INSUFFICIENT_EVIDENCE,EVIDENCE
DEC-CON-022,3; 6; 11; 32; 34,EXP-CON-004; EXP-ECO-006; EXP-EVAL-002; EXP-EVAL-008,,,Y,4,container,INSUFFICIENT_EVIDENCE,EVIDENCE
DEC-CON-023,11; 30; 32,EXP-CONF-004; EXP-CONF-011; EXP-ECO-012,Polyglot handling is measured by the ecosystem identification experiment with a prototype foreign-signature scanner and benign false-positive set,"EXP-ECO-012 (constructed polyglots against unzip, bsdtar, 7z, file; scanner false positives), EXP-CONF-004 (native polyglot conformance cases)",Y,3,container,INSUFFICIENT_EVIDENCE,EVIDENCE
DEC-CON-024,11; 16; 29,EXP-CONF-004,"Advisory framing fields (footer hint, hostility slot, footer totals) are judged by accepted-byte-set analysis and stale-field conformance cases || Container fixed-framing semantics (INDEXED footer hint, preamble hostility-summary slot, redundant footer totals) are settled by an accepted-byte-set analysis, single-pass writer feasibility and salvage/inspect behaviour with stale fields; no platform or filesystem behaviour is measured. The platform domain only supplies hostility-class prevalence and reader-side computation cost inputs through DEC-MOD-010 (EXP-PLAT-003, EXP-PLAT-015).","EXP-CONF-004 (stale advisory-field cases across reader paths), EXP-CONF-002 (production vs independent reader differential); FORMAL single-pass writer feasibility review || container domain (program §11) formal/structural analysis plus conformance-corpus cases (program §29)",Y,1,container,INSUFFICIENT_EVIDENCE,EVIDENCE
DEC-CON-025,11; 22.5; 28; 29; 30,EXP-CONF-002; EXP-CONF-004; EXP-CONF-010; EXP-CRYPTO-016,Cross-opener accepted byte sets are measured by conformance cases and differential fuzzing across every production reader path,"EXP-CONF-002, EXP-CONF-004 (cross-path agreement H2), EXP-CONF-010 (differential fuzzing), EXP-CRYPTO-016 (encrypted readers)",Y,4,container,INSUFFICIENT_EVIDENCE,EVIDENCE
DEC-CON-026,11; 13; 28; 29,EXP-CONF-001; EXP-CONF-002; EXP-SCALE-003; EXP-SCALE-008,STREAM record order and window canonicality are measured by the scale and conformance domains,"EXP-SCALE-003 (window minimality census), EXP-SCALE-008 (reader cost of minimum-window computation), EXP-CONF-001/002 (cross-layout record-order ambiguity and differential)",Y,4,container,INSUFFICIENT_EVIDENCE,EVIDENCE
DEC-CON-027,11; 13; 30,EXP-SCALE-007,"Question is producer design for single-pass STREAM declarations (superset declarations, sentinels, spooling); its §30 tag concerns security review of declarations, not a parser-testing measurement this domain performs; prototype producer and mutating-tree pack tests belong to the container/streaming domain. || Incremental single-pass producer declarations are prototyped by the scale domain","container and streaming domains (program §11, §13) prototype producer; resulting STREAM declaration cases enter ebcc-v1.1 via EXP-CONF-004 once a candidate producer exists || EXP-SCALE-007 (incremental STREAM producer prototype, superset declarations); external security review of sentinel and superset declarations",Y,1,container,INSUFFICIENT_EVIDENCE,EVIDENCE
DEC-CON-028,7; 11; 12; 32,EXP-CON-001; EXP-CON-005; EXP-REMOTE-004,"Uncompressed-manifest cost is a container measurement (manifest share, open time, remote fetch) with no adoption-workflow-specific component || Uncompressed-manifest default cost and compact-manifest trigger are container measurements.",Container domain (program section 11) manifest representation experiments; remote bytes via remote domain (section 12) || container domain (program 11) manifest-size/open-time/remote-fetch experiments.,Y,3,container,INSUFFICIENT_EVIDENCE,EVIDENCE
DEC-CON-029,11; 28; 29; 34,EXP-CONF-001; EXP-CONF-003; EXP-EVAL-008,"Normative/frozen status, change control and doc-code contradictions are evidenced by the conformance domain's element freeze table and ambiguity log; publication venue and change controller are owner and external decisions","EXP-CONF-001 (ambiguity log), EXP-CONF-003 (element-by-element freeze table, doc-code census); publication venue: owner decision with EXTERNALLY_SOURCED archive options",Y,3,container,INSUFFICIENT_EVIDENCE,EVIDENCE
DEC-CON-030,15; 19; 21; 28; 34,EXP-CONF-001; EXP-CONF-002; EXP-EVAL-008; EXP-PLAT-005; EXP-PLAT-025,,,Y,5,container,INSUFFICIENT_EVIDENCE,EVIDENCE
DEC-CRY-001,22.1; 32; 34,EXP-ECO-022; EXP-EVAL-008,POST_V1 recipient-type demand is a human demand survey and any new recipient construction is EXTERNAL_REVIEW_REQUIRED; not settleable by internal experiment,EXP-CRYPTO-020 review + EXP-CRYPTO-021 dossier + human/external review,Y,2,crypto,INSUFFICIENT_EVIDENCE,HUMAN_PARTICIPANTS
DEC-CRY-002,22.1; 33,EXP-CRYPTO-004; EXP-CRYPTO-017; EXP-CRYPTO-020; EXP-CRYPTO-021,Argon2id parameters are a cryptographic selection requiring external review plus unlock latency measurements on low-end hosts,Crypto domain measurements; EXTERNAL_REVIEW_REQUIRED (decision-method 8.3),Y,4,crypto,EXTERNAL_REVIEW_REQUIRED,EXTERNAL_REVIEW
DEC-CRY-003,22.4; 32,EXP-ECO-007,"POST_V1 attestation-envelope ecosystem survey; standards/interoperability analysis, not a local measurement",ecosystem-domain survey + EXP-CRYPTO-021 dossier; primary-source review,Y,1,crypto,INSUFFICIENT_EVIDENCE,EVIDENCE
DEC-CRY-004,22.4,EXP-CRYPTO-014; EXP-CRYPTO-022,,,Y,2,crypto,INSUFFICIENT_EVIDENCE,EVIDENCE
DEC-CRY-005,22.2; 30,EXP-CRYPTO-003; EXP-CRYPTO-018,"Secret-lifetime and zeroization question answered by code audit and a zeroize-on-drop research-build test (objective MVT-14(g)); no conformance corpus, reader or fuzzing measurement decides it.",crypto domain (program §22.2): MVT-14(g) compile-fail audit and zeroization test; throughput impact measurement,Y,2,crypto,INSUFFICIENT_EVIDENCE,EVIDENCE
DEC-CRY-006,22.1; 30; 31,EXP-CONF-009; EXP-CRYPTO-013; EXP-ECO-001,,,Y,3,crypto,INSUFFICIENT_EVIDENCE,EVIDENCE
DEC-CRY-007,22.4; 34,EXP-CRYPTO-014; EXP-EVAL-008,,,Y,2,crypto,INSUFFICIENT_EVIDENCE,EVIDENCE
DEC-CRY-008,17; 22.5,EXP-CRYPTO-007; EXP-PLAT-005,,,Y,2,crypto,INSUFFICIENT_EVIDENCE,EVIDENCE
DEC-CRY-009,22.4; 33,EXP-CRYPTO-014; EXP-CRYPTO-022; EXP-ECO-018; EXP-ECO-019; EXP-ECO-021,,,Y,5,crypto,INSUFFICIENT_EVIDENCE,EVIDENCE
DEC-CRY-010,22.5,EXP-CRYPTO-015,,,Y,1,crypto,INSUFFICIENT_EVIDENCE,EVIDENCE
DEC-CRY-011,22.1,EXP-CRYPTO-012; EXP-CRYPTO-020; EXP-CRYPTO-021,,,Y,3,crypto,EXTERNAL_REVIEW_REQUIRED,EXTERNAL_REVIEW
DEC-CRY-012,29,EXP-CONF-003; EXP-CONF-004,,,Y,2,crypto,INSUFFICIENT_EVIDENCE,EVIDENCE
DEC-CRY-013,13; 22.1; 30,EXP-CONF-007; EXP-CONF-014; EXP-CRYPTO-004; EXP-CRYPTO-009; EXP-CRYPTO-017; EXP-SCALE-010,,,Y,6,crypto,INSUFFICIENT_EVIDENCE,EVIDENCE
DEC-CRY-014,22.1; 28; 31,EXP-CONF-012; EXP-CRYPTO-011; EXP-ECO-001,,,Y,3,crypto,INSUFFICIENT_EVIDENCE,EVIDENCE
DEC-CRY-015,22.5; 30; 33,EXP-CONF-007; EXP-CRYPTO-009; EXP-CRYPTO-017,Crypto caps and default caller policies need hostile-input CPU/memory measurements owned by the crypto domain,Crypto domain (program section 22.5) resource-limit experiments,Y,3,crypto,INSUFFICIENT_EVIDENCE,EVIDENCE
DEC-CRY-016,22.5; 28; 30,EXP-CONF-009; EXP-CONF-012; EXP-CONF-013; EXP-CRYPTO-010; EXP-CRYPTO-021,,,Y,5,crypto,EXTERNAL_REVIEW_REQUIRED,EXTERNAL_REVIEW
DEC-CRY-017,28; 29; 30; 34,EXP-CONF-008; EXP-CONF-009; EXP-CONF-012; EXP-CONF-013; EXP-EVAL-008,,,Y,5,crypto,INSUFFICIENT_EVIDENCE,EVIDENCE
DEC-CRY-018,22.4; 32,EXP-CRYPTO-014; EXP-ECO-007; EXP-ECO-012,,,Y,3,crypto,INSUFFICIENT_EVIDENCE,EVIDENCE
DEC-CRY-019,22.4; 22.5; 33,EXP-CRYPTO-007; EXP-CRYPTO-014; EXP-ECO-007; EXP-ECO-016,,,Y,4,crypto,INSUFFICIENT_EVIDENCE,EVIDENCE
DEC-CRY-020,16; 28,EXP-CONF-001; EXP-CONF-004; EXP-CONF-012,Agreement of the EBCS sort key and LogicalPath order for mixed-encoding paths in the encrypted manifest is a FORMAL property test over constructed paths and existing encrypted vectors; it involves no platform behaviour and becomes live only if DEC-MOD-038 admits non-UTF-8 encoding declarations.,crypto domain property test (program §22.5) or conformance domain (program §28); cross-reference EXP-PLAT-002/014 for DEC-MOD-038,Y,3,crypto,INSUFFICIENT_EVIDENCE,EVIDENCE
DEC-CRY-021,22.1; 28,EXP-CONF-012; EXP-CRYPTO-011; EXP-CRYPTO-020,,,Y,3,crypto,INSUFFICIENT_EVIDENCE,EVIDENCE
DEC-CRY-022,22.2,EXP-CRYPTO-002,,,Y,1,crypto,INSUFFICIENT_EVIDENCE,EVIDENCE
DEC-CRY-023,8.1; 22.2; 33,EXP-CHUNK-006; EXP-CHUNK-008; EXP-CHUNK-012; EXP-CHUNK-013; EXP-CRYPTO-002; EXP-CRYPTO-003; EXP-CRYPTO-004; EXP-CRYPTO-021,Encrypted chunk-boundary construction needs attack reproductions and throughput measurements owned by the crypto and chunking domains,Crypto domain (section 22.2) leakage-attack experiments and chunking domain (section 8.1),Y,8,crypto,INSUFFICIENT_EVIDENCE,EVIDENCE
DEC-CRY-024,25; 34,EXP-EVAL-008; EXP-LEGACY-050,,,Y,2,crypto,INSUFFICIENT_EVIDENCE,EVIDENCE
DEC-CRY-025,8.2; 22.5,EXP-CHUNK-006; EXP-CHUNK-007; EXP-CRYPTO-006; EXP-CRYPTO-007,,,Y,4,crypto,INSUFFICIENT_EVIDENCE,EVIDENCE
DEC-CRY-026,17; 22.5; 29,EXP-CRYPTO-006; EXP-CRYPTO-007; EXP-CRYPTO-021,"Metadata-privacy claims are leakage-inventory and inference measurements (OD-16) plus claim wording; the §29 tag refers to byte-scan checks that the crypto leakage inventory performs. || Metadata-privacy claims for encrypted INDEXED archives require a public-field leakage inventory and inference measurements over encrypted metadata, with external review of effectiveness claims (decision-method §8.3); the §17 membership concerns CLI/help wording, not platform behaviour.","crypto leakage domain (program §17, §22.5): encrypted public-byte leakage inventory and entry-count inference experiments || crypto domain leakage inventory and padding experiments (program §22.3, §22.5) plus EXTERNAL review dossier",Y,3,crypto,INSUFFICIENT_EVIDENCE,EVIDENCE
DEC-CRY-027,22.5; 34,EXP-CRYPTO-009; EXP-CRYPTO-019; EXP-EVAL-008,,,Y,3,crypto,INSUFFICIENT_EVIDENCE,EVIDENCE
DEC-CRY-028,9; 22.3; 22.5,EXP-CRYPTO-005; EXP-PLANNER-006; EXP-PLANNER-012,,,Y,3,crypto,INSUFFICIENT_EVIDENCE,EVIDENCE
DEC-CRY-029,29; 30,EXP-CONF-004; EXP-CONF-007; EXP-CONF-009,,,Y,3,crypto,INSUFFICIENT_EVIDENCE,EVIDENCE
DEC-CRY-030,22.5,EXP-CRYPTO-007; EXP-CRYPTO-008,,,Y,2,crypto,INSUFFICIENT_EVIDENCE,EVIDENCE
DEC-CRY-031,22.5; 34,EXP-CRYPTO-015; EXP-EVAL-008,,,Y,2,crypto,INSUFFICIENT_EVIDENCE,EVIDENCE
DEC-CRY-032,22.5; 34,EXP-CRYPTO-016; EXP-EVAL-008,,,Y,2,crypto,INSUFFICIENT_EVIDENCE,EVIDENCE
DEC-CRY-033,22.4; 24,EXP-INT-009; EXP-INT-016,Freshness-check design is caller-state and standards (TUF/Uptane) analysis; rollback cannot be settled by archive-byte measurement,"analytical + EXTERNAL_REVIEW (threat model), EXP-CRYPTO-021 dossier",Y,2,crypto,INSUFFICIENT_EVIDENCE,EVIDENCE
DEC-CRY-034,22.1; 22.5; 34,EXP-CRYPTO-020; EXP-EVAL-008,,,Y,2,crypto,INSUFFICIENT_EVIDENCE,EVIDENCE
DEC-CRY-035,22.1,EXP-CRYPTO-020; EXP-CRYPTO-021,,,Y,2,crypto,EXTERNAL_REVIEW_REQUIRED,EXTERNAL_REVIEW
DEC-CRY-036,22.1,EXP-CRYPTO-020; EXP-CRYPTO-021,,,Y,2,crypto,EXTERNAL_REVIEW_REQUIRED,EXTERNAL_REVIEW
DEC-CRY-037,22.1,EXP-CRYPTO-020; EXP-CRYPTO-021,,,Y,2,crypto,INSUFFICIENT_EVIDENCE,EVIDENCE
DEC-CRY-038,22.1,EXP-CRYPTO-020; EXP-CRYPTO-021,,,Y,2,crypto,EXTERNAL_REVIEW_REQUIRED,EXTERNAL_REVIEW
DEC-CRY-039,22.2; 22.3; 29,EXP-CRYPTO-021,EXTERNAL_REVIEW_REQUIRED: acceptable residual leakage and claim wording depend on attack reproduction (OD-16) and independent security review (SPEC §25.2); no conformance measurement applies.,"crypto leakage domain attack reproduction and padding evaluation, then external cryptographic review dossier (decision-method §8.3)",Y,1,crypto,EXTERNAL_REVIEW_REQUIRED,EXTERNAL_REVIEW
DEC-CRY-040,32; 33,EXP-ECO-012; EXP-ECO-018; EXP-ECO-019; EXP-ECO-021,,,Y,4,crypto,INSUFFICIENT_EVIDENCE,EVIDENCE
DEC-CRY-041,22.1; 33,EXP-CRYPTO-018; EXP-ECO-017,,,Y,2,crypto,INSUFFICIENT_EVIDENCE,EVIDENCE
DEC-CRY-042,35,EXP-EVAL-002; EXP-EVAL-005; EXP-EVAL-006; EXP-EVAL-012; EXP-EVAL-013,,,Y,5,crypto,INSUFFICIENT_EVIDENCE,EVIDENCE
DEC-CRY-043,6; 35,EXP-EVAL-006; EXP-EVAL-012; EXP-EVAL-013,,,Y,3,crypto,INSUFFICIENT_EVIDENCE,EVIDENCE
DEC-CRY-044,35,EXP-EVAL-006; EXP-EVAL-012; EXP-EVAL-013,,,Y,3,crypto,INSUFFICIENT_EVIDENCE,EVIDENCE
DEC-CRY-045,22.4; 22.5,EXP-CRYPTO-015,,,Y,1,crypto,INSUFFICIENT_EVIDENCE,EVIDENCE
DEC-CRY-046,22.1; 33,EXP-CRYPTO-017; EXP-CRYPTO-022; EXP-ECO-019,,,Y,3,crypto,INSUFFICIENT_EVIDENCE,EVIDENCE
DEC-CRY-047,29,EXP-CONF-001; EXP-CONF-003,,,Y,2,crypto,INSUFFICIENT_EVIDENCE,EVIDENCE
DEC-CRY-048,22.1,EXP-CRYPTO-011; EXP-CRYPTO-021,,,Y,2,crypto,INSUFFICIENT_EVIDENCE,EVIDENCE
DEC-CRY-049,22.1; 22.5,EXP-CRYPTO-021,,,Y,1,crypto,EXTERNAL_REVIEW_REQUIRED,EXTERNAL_REVIEW
DEC-CRY-050,13; 22.4; 22.5,EXP-CRYPTO-015; EXP-SCALE-010,,,Y,2,crypto,INSUFFICIENT_EVIDENCE,EVIDENCE
DEC-CRY-051,22.2; 28,EXP-CONF-012; EXP-CRYPTO-011,,,Y,2,crypto,INSUFFICIENT_EVIDENCE,EVIDENCE
DEC-CRY-052,22.4,EXP-CRYPTO-014,,,Y,1,crypto,INSUFFICIENT_EVIDENCE,EVIDENCE
DEC-CRY-053,22.5,EXP-CRYPTO-021,,,Y,1,crypto,EXTERNAL_REVIEW_REQUIRED,EXTERNAL_REVIEW
DEC-CRY-054,22.5; 30,EXP-CONF-010; EXP-CRYPTO-015; EXP-CRYPTO-021,,,Y,3,crypto,INSUFFICIENT_EVIDENCE,EVIDENCE
DEC-CRY-055,22.3; 33,EXP-CRYPTO-006; EXP-CRYPTO-021,Padding schedule selection is a leakage-versus-overhead cryptographic decision requiring external review,Crypto domain (section 22.3) leakage modeling; EXTERNAL_REVIEW_REQUIRED,Y,2,crypto,EXTERNAL_REVIEW_REQUIRED,EXTERNAL_REVIEW
DEC-CRY-056,32; 33,EXP-ECO-017,,,Y,1,crypto,INSUFFICIENT_EVIDENCE,EVIDENCE
DEC-CRY-057,22.5; 33; 34,EXP-CRYPTO-015; EXP-ECO-021; EXP-EVAL-008,,,Y,3,crypto,INSUFFICIENT_EVIDENCE,EVIDENCE
DEC-CRY-058,22.1; 33,EXP-CRYPTO-017; EXP-CRYPTO-022; EXP-ECO-016; EXP-ECO-019,,,Y,4,crypto,INSUFFICIENT_EVIDENCE,EVIDENCE
DEC-CRY-059,22.1,EXP-CRYPTO-012; EXP-CRYPTO-020; EXP-CRYPTO-021,,,Y,3,crypto,EXTERNAL_REVIEW_REQUIRED,EXTERNAL_REVIEW
DEC-CRY-060,22.4,EXP-CRYPTO-014,,,Y,1,crypto,INSUFFICIENT_EVIDENCE,EVIDENCE
DEC-CRY-061,22.5; 27; 33,EXP-CRYPTO-019; EXP-CRYPTO-022; EXP-ECO-016; EXP-ECO-019; EXP-ECO-021; EXP-LEGACY-030; EXP-LEGACY-070,,,Y,7,crypto,INSUFFICIENT_EVIDENCE,HUMAN_PARTICIPANTS
DEC-CRY-062,22.1,EXP-CRYPTO-020; EXP-CRYPTO-021,,,Y,2,crypto,INSUFFICIENT_EVIDENCE,EVIDENCE
DEC-CRY-063,22.5; 33,EXP-CRYPTO-022; EXP-ECO-018; EXP-ECO-019,,,Y,3,crypto,INSUFFICIENT_EVIDENCE,EVIDENCE
DEC-CRY-064,22.3; 22.5; 29,EXP-CRYPTO-006; EXP-CRYPTO-007; EXP-CRYPTO-017,"Recipient public-field leakage and dummy-stanza trade-offs are leakage analyses and size/unlock-cost measurements, not conformance, reader or fuzzing measurements.","crypto domain (program §22.3, §22.5) leakage analysis; unknown-stanza authentication cases are already in EXP-CONF-004 F-CRYPTO for DEC-CRY-071",Y,3,crypto,INSUFFICIENT_EVIDENCE,EVIDENCE
DEC-CRY-065,22.5; 30,EXP-CONF-004; EXP-CONF-010; EXP-CRYPTO-010; EXP-CRYPTO-016,,,Y,4,crypto,INSUFFICIENT_EVIDENCE,EVIDENCE
DEC-CRY-066,22.1; 22.4,EXP-CRYPTO-013,,,Y,1,crypto,INSUFFICIENT_EVIDENCE,EVIDENCE
DEC-CRY-067,29; 30; 33,EXP-CONF-007; EXP-CONF-009,Recipient-envelope size limits need envelope size and fuzzing measurements owned by the crypto domain,Crypto domain (sections 29-30) limit-boundary experiments,Y,2,crypto,INSUFFICIENT_EVIDENCE,EVIDENCE
DEC-CRY-068,22.1; 29,EXP-CRYPTO-017,Anonymous-stanza unlock latency and timing leakage are timing and privacy measurements owned by the crypto domain; no conformance-case evidence is required.,"crypto domain (program §22.1): unlock latency for 1-1,024 stanzas, timing-leakage measurement, keyed-hint privacy analysis",Y,1,crypto,INSUFFICIENT_EVIDENCE,EVIDENCE
DEC-CRY-069,13; 22.4; 22.5,EXP-CRYPTO-015; EXP-SCALE-010,,,Y,2,crypto,INSUFFICIENT_EVIDENCE,EVIDENCE
DEC-CRY-070,22.1,EXP-CRYPTO-020; EXP-CRYPTO-021,,,Y,2,crypto,EXTERNAL_REVIEW_REQUIRED,EXTERNAL_REVIEW
DEC-CRY-071,22.1; 29; 34,EXP-CONF-004; EXP-CRYPTO-016; EXP-EVAL-008,,,Y,3,crypto,INSUFFICIENT_EVIDENCE,EVIDENCE
DEC-CRY-072,12; 22.5,EXP-CRYPTO-008; EXP-REMOTE-010,,,Y,2,crypto,INSUFFICIENT_EVIDENCE,EVIDENCE
DEC-CRY-073,12; 22.4; 24,EXP-CRYPTO-008; EXP-INT-016; EXP-INT-020; EXP-REMOTE-009; EXP-REMOTE-010,,,Y,5,crypto,INSUFFICIENT_EVIDENCE,EVIDENCE
DEC-CRY-074,22.4; 22.5,EXP-CRYPTO-014,,,Y,1,crypto,INSUFFICIENT_EVIDENCE,EVIDENCE
DEC-CRY-075,22.4; 34,EXP-CRYPTO-014; EXP-EVAL-008,,,Y,2,crypto,INSUFFICIENT_EVIDENCE,EVIDENCE
DEC-CRY-076,22.1; 29,EXP-CONF-004; EXP-CRYPTO-013,,,Y,2,crypto,INSUFFICIENT_EVIDENCE,EVIDENCE
DEC-CRY-077,22.5; 29,EXP-CONF-003; EXP-CONF-004; EXP-CRYPTO-017,,,Y,3,crypto,INSUFFICIENT_EVIDENCE,EVIDENCE
DEC-CRY-078,22.1,EXP-CRYPTO-018,,,Y,1,crypto,INSUFFICIENT_EVIDENCE,EVIDENCE
DEC-CRY-079,22.5; 28,EXP-CONF-012; EXP-CRYPTO-016,,,Y,2,crypto,INSUFFICIENT_EVIDENCE,EVIDENCE
DEC-CRY-080,22.1; 24,EXP-CRYPTO-010; EXP-CRYPTO-021; EXP-INT-016,,,Y,3,crypto,EXTERNAL_REVIEW_REQUIRED,EXTERNAL_REVIEW
DEC-CRY-081,12; 22.3; 22.5,EXP-CRYPTO-002; EXP-REMOTE-010,,,Y,2,crypto,INSUFFICIENT_EVIDENCE,EVIDENCE
DEC-CRY-082,22.4; 33,EXP-CRYPTO-014; EXP-CRYPTO-022; EXP-ECO-016; EXP-ECO-018; EXP-ECO-019; EXP-ECO-021,,,Y,6,crypto,INSUFFICIENT_EVIDENCE,HUMAN_PARTICIPANTS
DEC-CRY-083,22.1; 22.4,EXP-CRYPTO-013,,,Y,1,crypto,INSUFFICIENT_EVIDENCE,EVIDENCE
DEC-CRY-084,22.4,EXP-CRYPTO-021,,,Y,1,crypto,EXTERNAL_REVIEW_REQUIRED,EXTERNAL_REVIEW
DEC-CRY-085,29,EXP-CONF-003; EXP-CONF-004,,,Y,2,crypto,INSUFFICIENT_EVIDENCE,EVIDENCE
DEC-CRY-086,33; 34,EXP-ECO-015; EXP-ECO-018; EXP-ECO-019; EXP-EVAL-008,,,Y,4,crypto,INSUFFICIENT_EVIDENCE,EVIDENCE
DEC-CRY-087,22.4; 22.5; 33,EXP-CRYPTO-014; EXP-ECO-019,,,Y,2,crypto,INSUFFICIENT_EVIDENCE,EVIDENCE
DEC-CRY-088,22.1,EXP-CRYPTO-020; EXP-CRYPTO-021,,,Y,2,crypto,EXTERNAL_REVIEW_REQUIRED,EXTERNAL_REVIEW
DEC-CRY-089,22.1; 22.4,EXP-CRYPTO-014,,,Y,1,crypto,INSUFFICIENT_EVIDENCE,EVIDENCE
DEC-CRY-090,22.4; 24; 33,EXP-CRYPTO-014; EXP-CRYPTO-022; EXP-ECO-019; EXP-ECO-021; EXP-INT-003,,,Y,5,crypto,INSUFFICIENT_EVIDENCE,EVIDENCE
DEC-CRY-091,22.5; 25; 27,EXP-CRYPTO-019; EXP-LEGACY-010; EXP-LEGACY-050,,,Y,3,crypto,INSUFFICIENT_EVIDENCE,EVIDENCE
DEC-CRY-092,22.4; 22.5,EXP-CRYPTO-014,,,Y,1,crypto,INSUFFICIENT_EVIDENCE,EVIDENCE
DEC-CRY-093,22.5; 23; 27,EXP-CRYPTO-019; EXP-INT-008; EXP-LEGACY-034,,,Y,3,crypto,INSUFFICIENT_EVIDENCE,EVIDENCE
DEC-CRY-094,22.4; 33,EXP-CRYPTO-014; EXP-CRYPTO-022; EXP-ECO-019; EXP-ECO-021,,,Y,4,crypto,INSUFFICIENT_EVIDENCE,EVIDENCE
DEC-CRY-095,22.4; 33,EXP-CRYPTO-018; EXP-CRYPTO-022; EXP-ECO-017,,,Y,3,crypto,INSUFFICIENT_EVIDENCE,EVIDENCE
DEC-CRY-096,13; 22.4,EXP-CRYPTO-014,"Capability and binding-correctness question (whether sign supports STREAM archives). Its required evidence is a code audit of the sign path and reader dispatch, a functional test that detached signatures over STREAM bind the same roots as over the equivalent INDEXED archive, and a binding-staleness analysis after repack; none is a memory, streaming or parallelism measurement, and no scale result changes the choice.",crypto and integrity domains: code audit (analytical) plus functional signature-binding tests on generated STREAM/INDEXED pairs; memory of a single-pass detached sign over large STREAM archives can reuse EXP-SCALE-001 cells if a prototype is built,Y,1,crypto,INSUFFICIENT_EVIDENCE,EVIDENCE
DEC-CRY-097,22.1; 22.4,EXP-CRYPTO-013,,,Y,1,crypto,INSUFFICIENT_EVIDENCE,EVIDENCE
DEC-CRY-098,22.1; 32,EXP-CRYPTO-013,"TSA algorithm admission needs RFC reading, a TSA survey and real-token verification owned by the crypto domain",Crypto domain (program section 22.1); external review for algorithm admission,Y,1,crypto,INSUFFICIENT_EVIDENCE,EVIDENCE
DEC-CRY-099,22.4,EXP-CRYPTO-013,,,Y,1,crypto,INSUFFICIENT_EVIDENCE,EVIDENCE
DEC-CRY-100,22.4; 33,EXP-CRYPTO-013,Timestamp trust anchors and reference time need a threat model and platform trust-store support checks owned by the crypto domain,Crypto domain (section 22.4),Y,1,crypto,INSUFFICIENT_EVIDENCE,EVIDENCE
DEC-CRY-101,22.4; 32; 33,EXP-CRYPTO-022; EXP-ECO-001; EXP-ECO-018; EXP-ECO-021,,,Y,4,crypto,INSUFFICIENT_EVIDENCE,HUMAN_PARTICIPANTS
DEC-CRY-102,22.4; 34,EXP-CRYPTO-014; EXP-EVAL-008,,,Y,2,crypto,INSUFFICIENT_EVIDENCE,EVIDENCE
DEC-CRY-103,22.4; 29; 34,EXP-CONF-004; EXP-CRYPTO-014; EXP-EVAL-008,,,Y,3,crypto,INSUFFICIENT_EVIDENCE,EVIDENCE
DEC-CRY-104,22.1; 24,EXP-CRYPTO-014; EXP-CRYPTO-016,"Outcome class and directory representation for unknown recipient stanza types is a crypto-v1 envelope conformance question (program 22.1) with an oracle-disclosure analysis; no integrity-specific damage, localization, verification-state or parity measurement bears on it beyond the stanza tamper cases already enumerated in EXP-INT-016 for DEC-CRY-080.",EMPIRICAL crafted-envelope conformance tests and FORMAL oracle analysis in the crypto domain; human diagnosis evaluation routed to the ecosystem domain's simulated evaluations (section 4.16) or external review (at design time indexed by crypto EXP-CRYPTO-014 and EXP-CRYPTO-016),Y,2,crypto,INSUFFICIENT_EVIDENCE,EVIDENCE
DEC-CRY-105,22.1; 24,EXP-CRYPTO-010; EXP-CRYPTO-015,"Unlock continuation after a commitment or envelope MAC failure is a cryptographic construction and oracle question (insider poisoning against canonical stanza order) that the method routes to formal analysis and external review (section 8.3); internal tamper testing cannot settle its security, and the relevant stanza tamper corpus is already part of EXP-INT-016.",EXTERNAL: crypto domain dossier with formal-analysis coverage of unlock semantics; EMPIRICAL insider-poisoning construction tests designed by the crypto domain (at design time indexed by crypto EXP-CRYPTO-010 and EXP-CRYPTO-015),Y,2,crypto,INSUFFICIENT_EVIDENCE,EVIDENCE
DEC-CRY-106,22.1; 28; 31,EXP-CONF-012; EXP-CRYPTO-011; EXP-CRYPTO-021; EXP-ECO-001,,,Y,4,crypto,INSUFFICIENT_EVIDENCE,EVIDENCE
DEC-CRY-107,22.1; 34,EXP-CRYPTO-020; EXP-EVAL-008,,,Y,2,crypto,INSUFFICIENT_EVIDENCE,EVIDENCE
DEC-CRY-108,21; 22.4; 33,EXP-CRYPTO-018; EXP-CRYPTO-022; EXP-ECO-017; EXP-PLAT-016; EXP-PLAT-020,,,Y,5,crypto,INSUFFICIENT_EVIDENCE,EVIDENCE
DEC-ECO-001,32,EXP-ECO-011; EXP-ECO-022,,,Y,2,ecosystem,INSUFFICIENT_EVIDENCE,HUMAN_PARTICIPANTS
DEC-ECO-002,32,EXP-ECO-006,,,Y,1,ecosystem,INSUFFICIENT_EVIDENCE,EVIDENCE
DEC-ECO-003,32; 34,EXP-ECO-004; EXP-ECO-005; EXP-EVAL-008,,,Y,3,ecosystem,INSUFFICIENT_EVIDENCE,EVIDENCE
DEC-ECO-004,32,EXP-ECO-006; EXP-ECO-008; EXP-ECO-013; EXP-ECO-022,,,Y,4,ecosystem,INSUFFICIENT_EVIDENCE,EVIDENCE
DEC-ECO-005,32; 33,EXP-ECO-013; EXP-ECO-018; EXP-ECO-019; EXP-ECO-021,,,Y,4,ecosystem,INSUFFICIENT_EVIDENCE,HUMAN_PARTICIPANTS
DEC-ECO-006,33,EXP-ECO-001; EXP-ECO-015,,,Y,2,ecosystem,INSUFFICIENT_EVIDENCE,EVIDENCE
DEC-ECO-007,33; 34,EXP-ECO-015; EXP-ECO-018; EXP-ECO-019; EXP-ECO-021; EXP-EVAL-008,,,Y,5,ecosystem,INSUFFICIENT_EVIDENCE,HUMAN_PARTICIPANTS
DEC-ECO-008,33,EXP-ECO-013; EXP-ECO-015,,,Y,2,ecosystem,INSUFFICIENT_EVIDENCE,EVIDENCE
DEC-ECO-009,33,EXP-ECO-013; EXP-ECO-015; EXP-ECO-018,,,Y,3,ecosystem,INSUFFICIENT_EVIDENCE,EVIDENCE
DEC-ECO-010,29; 33,EXP-CONF-005; EXP-CONF-012; EXP-ECO-013; EXP-ECO-015; EXP-ECO-021; EXP-ECO-022,,,Y,6,ecosystem,INSUFFICIENT_EVIDENCE,HUMAN_PARTICIPANTS
DEC-ECO-011,33,EXP-ECO-013; EXP-ECO-018; EXP-ECO-019; EXP-ECO-021,,,Y,4,ecosystem,INSUFFICIENT_EVIDENCE,HUMAN_PARTICIPANTS
DEC-ECO-012,28; 29,EXP-CONF-001; EXP-CONF-003; EXP-CONF-004; EXP-CONF-005,,,Y,4,ecosystem,INSUFFICIENT_EVIDENCE,EVIDENCE
DEC-ECO-013,29,EXP-CONF-003; EXP-CONF-004; EXP-CONF-005; EXP-CONF-011,,,Y,4,ecosystem,INSUFFICIENT_EVIDENCE,EVIDENCE
DEC-ECO-014,29,EXP-CONF-005; EXP-CONF-013; EXP-CONF-014,,,Y,3,ecosystem,INSUFFICIENT_EVIDENCE,EVIDENCE
DEC-ECO-015,32,EXP-ECO-011,,,Y,1,ecosystem,INSUFFICIENT_EVIDENCE,EVIDENCE
DEC-ECO-016,28; 31,EXP-ECO-001; EXP-ECO-003; EXP-RECON-011,"Crate and feature partitioning is evaluated by dependency count, build time, binary size and byte-identity across feature combinations of production crates; the independent Go reader of EXP-CONF-001 gives only a descriptive size reference, not evidence for any partition candidate.","dependency/ecosystem domain (program §31): cargo tree and build measurements per partition candidate, byte-identity checks across feature sets",Y,3,ecosystem,INSUFFICIENT_EVIDENCE,EVIDENCE
DEC-ECO-017,31,EXP-ECO-001,,,Y,1,ecosystem,INSUFFICIENT_EVIDENCE,EVIDENCE
DEC-ECO-018,32,EXP-ECO-022,,,Y,1,ecosystem,INSUFFICIENT_EVIDENCE,EVIDENCE
DEC-ECO-019,32,EXP-ECO-006; EXP-ECO-022,,,Y,2,ecosystem,INSUFFICIENT_EVIDENCE,EVIDENCE
DEC-ECO-020,32; 33,EXP-ECO-012; EXP-ECO-021,,,Y,2,ecosystem,INSUFFICIENT_EVIDENCE,EVIDENCE
DEC-ECO-021,29,EXP-CONF-011,,,Y,1,ecosystem,INSUFFICIENT_EVIDENCE,EVIDENCE
DEC-ECO-022,22.1; 32,EXP-CRYPTO-021; EXP-ECO-022,,,Y,2,ecosystem,INSUFFICIENT_EVIDENCE,HUMAN_PARTICIPANTS
DEC-ECO-023,33,EXP-ECO-016; EXP-ECO-018; EXP-ECO-019; EXP-ECO-021,,,Y,4,ecosystem,INSUFFICIENT_EVIDENCE,HUMAN_PARTICIPANTS
DEC-ECO-024,33,EXP-ECO-015; EXP-ECO-019,,,Y,2,ecosystem,INSUFFICIENT_EVIDENCE,EVIDENCE
DEC-ECO-025,32,EXP-ECO-012,,,Y,1,ecosystem,INSUFFICIENT_EVIDENCE,HUMAN_PARTICIPANTS
DEC-ECO-026,8.1; 32,,"Legal freedom-to-operate (patent) question about the chunker (normalized Gear, FastCDC-style) and related algorithms; no measurement can answer it and internal agents are not qualified counsel (decision-method section 8.3: legal/licence interpretation beyond SPDX lists requires external review). || Freedom-to-operate review of chunker and algorithms is a legal question requiring qualified patent counsel; no experiment can settle it",EXTERNAL_REVIEW_REQUIRED: internal dossier listing each candidate chunker construction (EXP-CHUNK-002/006 candidate tables) with primary-source publication dates opened and cited at locators by the dossier author (section 9.3) and the frozen chunker identifiers at stake; patent search and FTO opinion by qualified counsel; the decision stays EXTERNAL_REVIEW_REQUIRED until the review is received and dispositioned. || EXTERNAL_REVIEW_REQUIRED: patent search and opinion by qualified counsel (decision-method 8.3); prior-art dates compiled as EXTERNALLY_SOURCED dossier,N,0,ecosystem,INSUFFICIENT_EVIDENCE,EVIDENCE
DEC-ECO-027,32,,Sustainability and funding model is an owner resourcing decision; funder inquiries require owner outreach,Owner decision; maintenance-cost inputs available from EXP-ECO-004 (merge-gate runtime and coverage) and EXP-ECO-001 (dependency review burden); funder contact via owner (EXP-ECO-022 route),N,0,ecosystem,INSUFFICIENT_EVIDENCE,EVIDENCE
DEC-ECO-028,30,EXP-CONF-008; EXP-CONF-009; EXP-CONF-013,,,Y,3,ecosystem,INSUFFICIENT_EVIDENCE,EVIDENCE
DEC-ECO-029,30,EXP-CONF-008; EXP-CONF-009; EXP-CONF-010; EXP-CONF-014,,,Y,4,ecosystem,INSUFFICIENT_EVIDENCE,EVIDENCE
DEC-ECO-030,32,EXP-ECO-011; EXP-ECO-022,,,Y,2,ecosystem,INSUFFICIENT_EVIDENCE,HUMAN_PARTICIPANTS
DEC-ECO-031,6; 35,EXP-EVAL-001; EXP-EVAL-002; EXP-EVAL-005; EXP-EVAL-006; EXP-EVAL-007; EXP-EVAL-009; EXP-EVAL-011; EXP-EVAL-012,,,Y,8,ecosystem,INSUFFICIENT_EVIDENCE,EVIDENCE
DEC-ECO-032,28; 29,EXP-CONF-001; EXP-CONF-002; EXP-CONF-010; EXP-CONF-013,,,Y,4,ecosystem,INSUFFICIENT_EVIDENCE,EVIDENCE
DEC-ECO-033,32,EXP-ECO-022,,,Y,1,ecosystem,INSUFFICIENT_EVIDENCE,HUMAN_PARTICIPANTS
DEC-ECO-034,32,EXP-ECO-022,,,Y,1,ecosystem,INSUFFICIENT_EVIDENCE,HUMAN_PARTICIPANTS
DEC-ECO-035,32,EXP-ECO-006; EXP-ECO-011; EXP-ECO-019; EXP-ECO-022,,,Y,4,ecosystem,INSUFFICIENT_EVIDENCE,EVIDENCE
DEC-ECO-036,33,EXP-ECO-015; EXP-ECO-019; EXP-ECO-021,,,Y,3,ecosystem,INSUFFICIENT_EVIDENCE,EVIDENCE
DEC-ECO-037,31; 34,EXP-EVAL-008,"Publishing a security policy, maintainers and funding commitment is an owner governance decision; the comparable-policy evidence is documentary","Owner decision informed by a literature/primary-document comparison of tar-rs, zip2, CPython, Go, libarchive and C2SP policies (EXTERNALLY_SOURCED)",Y,1,ecosystem,INSUFFICIENT_EVIDENCE,EVIDENCE
DEC-ECO-038,28; 31,EXP-CONF-001; EXP-CONF-002; EXP-CONF-013; EXP-ECO-001; EXP-ECO-003,,,Y,5,ecosystem,INSUFFICIENT_EVIDENCE,EVIDENCE
DEC-ECO-039,32,EXP-ECO-022,,,Y,1,ecosystem,INSUFFICIENT_EVIDENCE,HUMAN_PARTICIPANTS
DEC-ECO-040,32; 34,EXP-ECO-022; EXP-EVAL-008,,,Y,2,ecosystem,INSUFFICIENT_EVIDENCE,EVIDENCE
DEC-ECO-041,28; 31,EXP-CONF-010; EXP-CONF-014; EXP-ECO-001; EXP-ECO-003; EXP-ECO-005,,,Y,5,ecosystem,INSUFFICIENT_EVIDENCE,EVIDENCE
DEC-ECO-042,29; 34,EXP-CONF-004; EXP-CONF-005; EXP-CONF-006; EXP-CONF-013; EXP-CONF-014; EXP-EVAL-008,,,Y,6,ecosystem,INSUFFICIENT_EVIDENCE,EVIDENCE
DEC-ECO-043,32; 35,EXP-ECO-006; EXP-ECO-012; EXP-ECO-022; EXP-EVAL-002; EXP-EVAL-005; EXP-EVAL-012,,,Y,6,ecosystem,INSUFFICIENT_EVIDENCE,EVIDENCE
DEC-ECO-044,32; 33,EXP-ECO-013; EXP-ECO-017; EXP-ECO-018,,,Y,3,ecosystem,INSUFFICIENT_EVIDENCE,EVIDENCE
DEC-ECO-045,3; 28,EXP-CONF-001; EXP-CONF-003,,,Y,2,ecosystem,INSUFFICIENT_EVIDENCE,EVIDENCE
DEC-ECO-046,29; 32,EXP-CONF-005; EXP-CONF-011; EXP-ECO-022,,,Y,3,ecosystem,INSUFFICIENT_EVIDENCE,EVIDENCE
DEC-ECO-047,6; 25; 29,EXP-CONF-011; EXP-CONF-014; EXP-LEGACY-001; EXP-LEGACY-002; EXP-LEGACY-003; EXP-LEGACY-005,"Technical content (which ZIP/tar/7z implementations populate the observed-outcome matrix, pinning, regeneration, divergence definitions, positive controls) is differential runtime testing, not whole-system evaluation.",legacy domain (program 25-27) differential-testing experiments and conformance domain (program 28-30) corpus/versioning experiments.,Y,6,ecosystem,INSUFFICIENT_EVIDENCE,EVIDENCE
DEC-ECO-048,32,EXP-ECO-022,,,Y,1,ecosystem,INSUFFICIENT_EVIDENCE,HUMAN_PARTICIPANTS
DEC-ECO-049,33; 34,EXP-ECO-013; EXP-ECO-018; EXP-EVAL-008,,,Y,3,ecosystem,INSUFFICIENT_EVIDENCE,EVIDENCE
DEC-ECO-050,32,EXP-ECO-011; EXP-ECO-022,,,Y,2,ecosystem,INSUFFICIENT_EVIDENCE,EVIDENCE
DEC-ECO-051,31,EXP-ECO-001; EXP-ECO-002,,,Y,2,ecosystem,INSUFFICIENT_EVIDENCE,EVIDENCE
DEC-ECO-052,32,EXP-ECO-022,,,Y,1,ecosystem,INSUFFICIENT_EVIDENCE,EVIDENCE
DEC-ECO-053,32,EXP-ECO-022,,,Y,1,ecosystem,INSUFFICIENT_EVIDENCE,EVIDENCE
DEC-ECO-054,32,,"Scope boundary with packaging, backup, filesystem-image and attestation formats is analytical against SPEC section 24 non-goals and the invariant rule",Analytical: data-structure needs comparison against the EAM and non-goals; owner decision; demand evidence from EXP-ECO-022 when unblocked,N,0,ecosystem,INSUFFICIENT_EVIDENCE,EVIDENCE
DEC-ECO-055,33; 35,EXP-ECO-018; EXP-ECO-019; EXP-ECO-021; EXP-EVAL-012,,,Y,4,ecosystem,INSUFFICIENT_EVIDENCE,EVIDENCE
DEC-ECO-056,32,EXP-ECO-022,,,Y,1,ecosystem,INSUFFICIENT_EVIDENCE,HUMAN_PARTICIPANTS
DEC-ECO-057,32; 33,EXP-ECO-006; EXP-ECO-009; EXP-ECO-010; EXP-ECO-019; EXP-ECO-021,,,Y,5,ecosystem,INSUFFICIENT_EVIDENCE,EVIDENCE
DEC-ECO-058,2; 32; 34; 35,EXP-ECO-022; EXP-EVAL-008; EXP-EVAL-012,,,Y,3,ecosystem,INSUFFICIENT_EVIDENCE,EVIDENCE
DEC-ECO-059,32,EXP-ECO-022,,,Y,1,ecosystem,INSUFFICIENT_EVIDENCE,HUMAN_PARTICIPANTS
DEC-ECO-060,28,EXP-CONF-002,,,Y,1,ecosystem,INSUFFICIENT_EVIDENCE,EVIDENCE
DEC-ECO-061,32; 34,EXP-EVAL-008,"SECURITY.md contents, embargo length and advisory channels are an owner policy decision; evidence is documentary","Owner decision informed by incumbent policy comparison (libarchive, Go, CPython, RustSec) and the TARmageddon coordination timeline as EXTERNALLY_SOURCED primary documents",Y,1,ecosystem,INSUFFICIENT_EVIDENCE,EVIDENCE
DEC-ECO-062,32,EXP-ECO-006; EXP-ECO-007; EXP-ECO-018; EXP-ECO-022,,,Y,4,ecosystem,INSUFFICIENT_EVIDENCE,EVIDENCE
DEC-ECO-063,22.4; 33,EXP-CRYPTO-014; EXP-CRYPTO-022; EXP-ECO-018; EXP-ECO-019,,,Y,4,ecosystem,INSUFFICIENT_EVIDENCE,EVIDENCE
DEC-ECO-064,22.4; 33,EXP-CRYPTO-022; EXP-ECO-019; EXP-ECO-021,,,Y,3,ecosystem,INSUFFICIENT_EVIDENCE,EVIDENCE
DEC-ECO-065,32,EXP-ECO-006; EXP-ECO-014; EXP-ECO-022,,,Y,3,ecosystem,INSUFFICIENT_EVIDENCE,HUMAN_PARTICIPANTS
DEC-ECO-066,33,EXP-ECO-015; EXP-ECO-018; EXP-ECO-019; EXP-ECO-021,,,Y,4,ecosystem,INSUFFICIENT_EVIDENCE,HUMAN_PARTICIPANTS
DEC-ECO-067,29; 31; 34,EXP-ECO-001; EXP-EVAL-008,Licence choice and archival venue are legal and governance decisions; licence interpretation beyond SPDX lists is EXTERNAL (decision-method §8.3); provenance audit of fixtures is analytical.,"owner decision with licence review (external where interpretation is needed); fixture provenance audit by the ecosystem domain (program §31, §34); EXP-CONF-013 depends on its outcome",Y,2,ecosystem,INSUFFICIENT_EVIDENCE,EVIDENCE
DEC-ECO-068,34,EXP-EVAL-008,,,Y,1,ecosystem,INSUFFICIENT_EVIDENCE,EVIDENCE
DEC-ECO-069,32; 35,EXP-EVAL-001; EXP-EVAL-002; EXP-EVAL-005; EXP-EVAL-006; EXP-EVAL-012,Which system-level and incumbent-comparison claims may be published depends on the held-out system evaluation and per-cell incumbent survey owned by the evaluation domain,Evaluation domain (program sections 34-35): held-out system evaluation and falsification exercises; ecosystem inputs are negative results from EXP-ECO-006/008/011,Y,5,ecosystem,INSUFFICIENT_EVIDENCE,EVIDENCE
DEC-ECO-070,6; 35,EXP-EVAL-001; EXP-EVAL-002; EXP-EVAL-005; EXP-EVAL-006; EXP-EVAL-012; EXP-EVAL-013,,,Y,6,ecosystem,INSUFFICIENT_EVIDENCE,EVIDENCE
DEC-ECO-071,31,EXP-ECO-001; EXP-ECO-004; EXP-ECO-005,,,Y,3,ecosystem,INSUFFICIENT_EVIDENCE,EVIDENCE
DEC-ECO-072,22.4; 32,EXP-CRYPTO-021; EXP-ECO-007; EXP-ECO-014,,,Y,3,ecosystem,INSUFFICIENT_EVIDENCE,EVIDENCE
DEC-ECO-073,31; 34,EXP-ECO-004; EXP-ECO-005; EXP-EVAL-008,,,Y,3,ecosystem,INSUFFICIENT_EVIDENCE,EVIDENCE
DEC-ECO-074,31,EXP-ECO-001,,,Y,1,ecosystem,INSUFFICIENT_EVIDENCE,EVIDENCE
DEC-ECO-075,32,EXP-ECO-006; EXP-ECO-011; EXP-ECO-022,,,Y,3,ecosystem,INSUFFICIENT_EVIDENCE,EVIDENCE
DEC-ECO-076,5; 35,EXP-EVAL-007; EXP-EVAL-010; EXP-EVAL-011; EXP-EVAL-012,,,Y,4,ecosystem,INSUFFICIENT_EVIDENCE,EVIDENCE
DEC-ECO-077,5; 35,EXP-EVAL-001; EXP-EVAL-007; EXP-EVAL-010; EXP-EVAL-011; EXP-EVAL-012,,,Y,5,ecosystem,INSUFFICIENT_EVIDENCE,EVIDENCE
DEC-ECO-078,3; 9; 10,,"Method decision (which pre-registered selection rule governs every decision). Its evidence is the committed decision-method.md pre-registration, the section 14 item 9 full rule simulation on synthetic and pilot tables, and the independent round-2 method review; planner experiments consume the rule and cannot evidence it without circularity.","research/decision-method.md and research/methods/method-review-round1.md; section 14 item 9 rule simulation outputs under research/methods/; round-2 method review (RD-4 gates); analytical, no experiment",N,0,ecosystem,INSUFFICIENT_EVIDENCE,EVIDENCE
DEC-ECO-079,3; 34,EXP-EVAL-008,,,Y,1,ecosystem,INSUFFICIENT_EVIDENCE,EVIDENCE
DEC-ECO-080,34; 35,EXP-EVAL-008; EXP-EVAL-012,,,Y,2,ecosystem,INSUFFICIENT_EVIDENCE,EVIDENCE
DEC-ECO-081,3; 7,EXP-EVAL-009,,,Y,1,ecosystem,INSUFFICIENT_EVIDENCE,EVIDENCE
DEC-ECO-082,7,EXP-EVAL-003; EXP-EVAL-004,,,Y,2,ecosystem,INSUFFICIENT_EVIDENCE,EVIDENCE
DEC-ECO-083,33; 34,EXP-ECO-018; EXP-ECO-019; EXP-ECO-021; EXP-EVAL-008,,,Y,4,ecosystem,INSUFFICIENT_EVIDENCE,EVIDENCE
DEC-INT-001,23,EXP-INT-007,,,Y,1,integrity,INSUFFICIENT_EVIDENCE,EVIDENCE
DEC-INT-002,8.5; 24,EXP-CROSSFILE-004; EXP-CROSSFILE-006; EXP-INT-001,,,Y,3,integrity,INSUFFICIENT_EVIDENCE,EVIDENCE
DEC-INT-003,21; 24; 33,EXP-INT-005; EXP-INT-018; EXP-INT-019; EXP-PLAT-016; EXP-PLAT-017,Crash-safe output transaction pattern needs crash and disk-full injection on NTFS and ext4 owned by the integrity and platform domains,"Integrity domain (sections 21, 24) crash-injection experiments; ecosystem records only workflow-level residual state (EXP-ECO-006 FX-KILL, reported there)",Y,5,integrity,INSUFFICIENT_EVIDENCE,EVIDENCE
DEC-INT-004,21; 33,EXP-ECO-016; EXP-ECO-018; EXP-ECO-019; EXP-PLAT-014,,,Y,4,integrity,INSUFFICIENT_EVIDENCE,EVIDENCE
DEC-INT-005,23; 33,EXP-INT-007; EXP-INT-008,"Behaviour of commands on Sidecar and Incremental roles needs the integrity scenario matrix; the roles are not implemented, so no CLI message census is possible yet",Integrity domain (section 23) behaviour matrix and conformance cases,Y,2,integrity,INSUFFICIENT_EVIDENCE,EVIDENCE
DEC-INT-006,24; 29; 35,EXP-CONF-004; EXP-EVAL-012; EXP-INT-001; EXP-INT-002,,,Y,4,integrity,INSUFFICIENT_EVIDENCE,EVIDENCE
DEC-INT-007,24; 29,EXP-INT-001; EXP-INT-004,"Continue-on-failure verification is judged by localisation accuracy against ground truth and resource amplification of reporting, which are integrity measurements (OD-14, MVT-15); conformance cases provide fault maps but not the decision's evidence.",integrity domain (program §24): fault-injection localisation precision/recall and continue-on-error amplification on hostile archives; F-TRUNC ground-truth maps of EXP-CONF-004 are reusable inputs,Y,2,integrity,INSUFFICIENT_EVIDENCE,EVIDENCE
DEC-INT-008,8.6; 24; 30,EXP-CODEC-005; EXP-CODEC-007; EXP-CONF-004; EXP-CONF-009; EXP-INT-013,,,Y,5,integrity,INSUFFICIENT_EVIDENCE,EVIDENCE
DEC-INT-009,22.5; 23,EXP-CRYPTO-021,"Post-v1 encrypted Sidecar or Incremental archives: the leakage of external plaintext digests is formally derivable (any holder of a candidate file confirms its presence from an unencrypted content digest with advantage 1 under the committed observer model), cross-archive dedup side channels and key-domain design require external cryptographic review, and demand is a human and adoption question. No integrity experiment adds evidence the formal argument does not already give.",FORMAL leakage argument recorded in the ledger by the crypto domain; EXTERNAL crypto review dossier for key-domain design; demand evidence via the ecosystem domain's adoption workflows (program 32); depends on DEC-INT-037 and DEC-MOD-001 dispositions informed by EXP-INT-007 and EXP-INT-008 (at design time indexed by crypto EXP-CRYPTO-021),Y,1,integrity,INSUFFICIENT_EVIDENCE,EVIDENCE
DEC-INT-010,12; 22.5; 24,EXP-CRYPTO-008; EXP-CRYPTO-010; EXP-CRYPTO-021; EXP-INT-016; EXP-INT-020; EXP-REMOTE-010,,,Y,6,integrity,INSUFFICIENT_EVIDENCE,EVIDENCE
DEC-INT-011,24; 32,EXP-ECO-007; EXP-ECO-010; EXP-INT-009; EXP-INT-011; EXP-INT-020,,,Y,5,integrity,INSUFFICIENT_EVIDENCE,EVIDENCE
DEC-INT-012,24; 30; 31,EXP-ECO-001; EXP-INT-010,"No parity parser exists to fuzz; the decision rests on format maturity, licence/patent review and recovery-probability curves (literature plus integrity simulation).",integrity domain (program §24) recovery simulations and dependency domain (§31) audits; a fuzz target is added to the EXP-CONF-009 inventory only after a parity implementation is selected,Y,2,integrity,INSUFFICIENT_EVIDENCE,EVIDENCE
DEC-INT-013,23,EXP-INT-008; EXP-INT-019,,,Y,2,integrity,INSUFFICIENT_EVIDENCE,EVIDENCE
DEC-INT-014,23; 33,EXP-INT-008,Detection and reporting of missing or stale external originals needs the integrity Task 23 scenario matrix,Integrity domain (section 23),Y,1,integrity,INSUFFICIENT_EVIDENCE,EVIDENCE
DEC-INT-015,24,EXP-INT-010; EXP-INT-012,,,Y,2,integrity,INSUFFICIENT_EVIDENCE,EVIDENCE
DEC-INT-016,23,EXP-INT-007; EXP-INT-009,,,Y,2,integrity,INSUFFICIENT_EVIDENCE,EVIDENCE
DEC-INT-017,23,EXP-INT-007,,,Y,1,integrity,INSUFFICIENT_EVIDENCE,EVIDENCE
DEC-INT-018,11; 24,EXP-INT-001,Damaged INDEX section handling is part of the integrity domain's region-stratified corruption campaign,"EXP-INT-001 (H5: Index header vs payload damage, ignore-damaged-index prototypes)",Y,1,integrity,INSUFFICIENT_EVIDENCE,EVIDENCE
DEC-INT-019,11; 24; 30,EXP-CONF-010; EXP-INT-001,Header and footer digest candidates are evaluated by the integrity corruption campaign with model verifiers and by differential fuzzing,"EXP-INT-001 (H6: footer self-checksum, section-directory and whole-body digest models), EXP-CONF-010",Y,2,integrity,INSUFFICIENT_EVIDENCE,EVIDENCE
DEC-INT-020,24; 29,EXP-CONF-002; EXP-CONF-003; EXP-CONF-004; EXP-INT-001; EXP-INT-003,,,Y,5,integrity,INSUFFICIENT_EVIDENCE,EVIDENCE
DEC-INT-021,22.4; 24; 33,EXP-CRYPTO-010; EXP-CRYPTO-022; EXP-ECO-013; EXP-ECO-015; EXP-ECO-016; EXP-ECO-019; EXP-INT-003,,,Y,7,integrity,INSUFFICIENT_EVIDENCE,EVIDENCE
DEC-INT-022,24; 25,EXP-INT-013; EXP-LEGACY-001; EXP-LEGACY-004; EXP-LEGACY-010,,,Y,4,integrity,INSUFFICIENT_EVIDENCE,EVIDENCE
DEC-INT-023,24; 27,EXP-INT-017; EXP-LEGACY-034,,,Y,2,integrity,INSUFFICIENT_EVIDENCE,EVIDENCE
DEC-INT-024,11; 24; 28,EXP-CON-003; EXP-CONF-012; EXP-INT-015,,,Y,3,integrity,INSUFFICIENT_EVIDENCE,EVIDENCE
DEC-INT-025,11; 22.4,EXP-CON-003,POST_V1 proof-export format is an integrity-domain standards-status analysis (COSE Receipts/Bao/SCITT),integrity-domain analysis + primary-source review,Y,1,integrity,INSUFFICIENT_EVIDENCE,EVIDENCE
DEC-INT-026,12; 23,EXP-INT-008; EXP-INT-020,"POST_V1 policy decision about fetching external content for non-Complete archives. SPEC section 24 item 16 and section 4.9 L481 exclude a fetch protocol and external dependencies for Complete archives in v1, so no implementation exists to measure. Its decisive evidence is a threat model (SSRF, privacy leakage, TOCTOU, hostile servers; analytical and security review) and an offline-decode conformance run for Complete archives (integrity domain, HC-09 MVT-09(c)). Opt-in fetch latency and bytes are formally derivable from the EXP-REMOTE-001 latency model as one additional origin session per external base (setup, HEAD, ranges) and need no separate experiment.",integrity domain: threat-model analysis and HC-09 MVT-09(c) offline decode (a WSL network namespace without egress as the Docker --network none substitute); remote cost by formula from research/experiments/EXP-REMOTE-001/connection-model.json; revisit post-v1,Y,2,integrity,INSUFFICIENT_EVIDENCE,EVIDENCE
DEC-INT-027,24; 32,EXP-INT-010,Parity redundancy recommendation needs recovery-probability versus overhead curves (POST_V1) owned by the integrity domain,Integrity domain (section 24) parity experiments,Y,1,integrity,INSUFFICIENT_EVIDENCE,EVIDENCE
DEC-INT-028,24; 32,EXP-ECO-007; EXP-ECO-008; EXP-INT-004; EXP-INT-009,,,Y,4,integrity,INSUFFICIENT_EVIDENCE,EVIDENCE
DEC-INT-029,11; 12; 24,EXP-CON-003; EXP-INT-015; EXP-REMOTE-007,,,Y,3,integrity,INSUFFICIENT_EVIDENCE,EVIDENCE
DEC-INT-030,8.8; 24; 28,EXP-CONF-001; EXP-INT-014; EXP-INT-019; EXP-RECON-008; EXP-RECON-010; EXP-RECON-011; EXP-RECON-012,,,Y,7,integrity,INSUFFICIENT_EVIDENCE,EVIDENCE
DEC-INT-031,24; 30; 33,EXP-INT-005; EXP-INT-010; EXP-INT-012; EXP-INT-018,"Repair semantics are decided by wrong-reconstruction injection, crash injection for in-place variants (HC-18) and repair success rates; repair and parity decoders do not exist yet, so no fuzz target applies. || Repair output semantics need wrong-reconstruction and crash injection owned by the integrity domain","integrity domain (program §24) and HC-18 kill-injection experiments; fuzz target added to EXP-CONF-009 when a repair implementation exists || Integrity domain (sections 24, 30)",Y,4,integrity,INSUFFICIENT_EVIDENCE,EVIDENCE
DEC-INT-032,22.4; 23,EXP-CRYPTO-014; EXP-CRYPTO-021; EXP-INT-007,,,Y,3,integrity,INSUFFICIENT_EVIDENCE,EVIDENCE
DEC-INT-033,22.5; 24,EXP-CRYPTO-010; EXP-CRYPTO-021; EXP-INT-016,,,Y,3,integrity,INSUFFICIENT_EVIDENCE,EVIDENCE
DEC-INT-034,21; 24; 33,EXP-INT-011; EXP-INT-012; EXP-INT-019; EXP-INT-020; EXP-PLAT-012; EXP-PLAT-022,Salvage marker survival and platform feasibility are integrity and platform measurements; salvage is not implemented,Integrity domain (section 24) and platform domain (section 21),Y,6,integrity,INSUFFICIENT_EVIDENCE,EVIDENCE
DEC-INT-035,24; 30; 33; 34,EXP-EVAL-008; EXP-INT-012,"Salvage is not implemented at the research baseline, so there is no salvage parser to fuzz; recovery and false-recovery rates are integrity measurements. || Salvage scope needs damaged-archive corpora measurements owned by the integrity domain","integrity domain (program §24) damaged-archive recovery experiments; fuzz target T27 (salvage parser) is added to the EXP-CONF-009 inventory if salvage is implemented || Integrity domain (sections 24, 30)",Y,2,integrity,INSUFFICIENT_EVIDENCE,EVIDENCE
DEC-INT-036,23; 32,EXP-ECO-006; EXP-INT-008,,,Y,2,integrity,INSUFFICIENT_EVIDENCE,EVIDENCE
DEC-INT-037,23; 28; 32; 34,EXP-CONF-003; EXP-ECO-006; EXP-EVAL-008; EXP-INT-007; EXP-INT-008,,,Y,5,integrity,INSUFFICIENT_EVIDENCE,EVIDENCE
DEC-INT-038,22.4; 24; 33,EXP-CRYPTO-014; EXP-ECO-019; EXP-ECO-021; EXP-INT-003,,,Y,4,integrity,INSUFFICIENT_EVIDENCE,EVIDENCE
DEC-INT-039,13; 21; 24,EXP-INT-005; EXP-INT-006; EXP-INT-018; EXP-INT-019; EXP-PLAT-017; EXP-SCALE-004; EXP-SCALE-008,,,Y,7,integrity,INSUFFICIENT_EVIDENCE,EVIDENCE
DEC-INT-040,24; 28; 29,EXP-CONF-002; EXP-CONF-004; EXP-CONF-010; EXP-INT-002,,,Y,4,integrity,INSUFFICIENT_EVIDENCE,EVIDENCE
DEC-INT-041,11; 24,EXP-INT-002; EXP-INT-012,Truncation reporting mechanisms are evaluated by the integrity truncation campaign,"EXP-INT-002 (truncation, appended-data and boundary-cut campaign; intact-prefix reporting)",Y,2,integrity,INSUFFICIENT_EVIDENCE,EVIDENCE
DEC-INT-042,24; 28; 33,EXP-CONF-001; EXP-CONF-002; EXP-CONF-004; EXP-ECO-019; EXP-ECO-020; EXP-INT-003,,,Y,6,integrity,INSUFFICIENT_EVIDENCE,EVIDENCE
DEC-INT-043,13; 24; 33,EXP-ECO-018; EXP-INT-004; EXP-SCALE-001; EXP-SCALE-008,,,Y,4,integrity,INSUFFICIENT_EVIDENCE,EVIDENCE
DEC-INT-044,12; 24; 33,EXP-INT-003; EXP-REMOTE-010,Scoping of verification report flags needs a code audit and mutation tests owned by the integrity and access domains,Integrity domain (section 24) and remote domain (section 12),Y,2,integrity,INSUFFICIENT_EVIDENCE,EVIDENCE
DEC-INT-045,24; 32; 33,EXP-ECO-007; EXP-ECO-008; EXP-INT-008; EXP-INT-017,,,Y,4,integrity,INSUFFICIENT_EVIDENCE,EVIDENCE
DEC-INT-046,9; 14; 24,EXP-INT-009; EXP-INT-019; EXP-PLANNER-010; EXP-PLANNER-012; EXP-SCALE-005,,,Y,5,integrity,INSUFFICIENT_EVIDENCE,EVIDENCE
DEC-INT-047,23; 34,EXP-EVAL-008; EXP-INT-005; EXP-INT-018,,,Y,3,integrity,INSUFFICIENT_EVIDENCE,EVIDENCE
DEC-LEG-001,25; 29; 30,EXP-CONF-011; EXP-LEGACY-001; EXP-LEGACY-002; EXP-LEGACY-005,,,Y,4,legacy,INSUFFICIENT_EVIDENCE,EVIDENCE
DEC-LEG-002,11; 13; 25,EXP-LEGACY-040; EXP-SCALE-002; EXP-SCALE-009,Conversion-evidence scaling to 1e6-entry ZIPs is designed by the scale domain,"EXP-SCALE-002 (legacy import at scale, status quo), EXP-SCALE-009 (bounded-memory converter prototypes incl. aggregated evidence)",Y,3,legacy,INSUFFICIENT_EVIDENCE,EVIDENCE
DEC-LEG-003,25; 28; 32,EXP-CONF-001; EXP-ECO-006; EXP-LEGACY-040; EXP-LEGACY-051,,,Y,4,legacy,INSUFFICIENT_EVIDENCE,EVIDENCE
DEC-LEG-004,25; 28; 29,EXP-CONF-001; EXP-CONF-002; EXP-CONF-003; EXP-LEGACY-051,,,Y,4,legacy,INSUFFICIENT_EVIDENCE,EVIDENCE
DEC-LEG-005,26,EXP-LEGACY-010; EXP-LEGACY-020; EXP-LEGACY-021,,,Y,3,legacy,INSUFFICIENT_EVIDENCE,EVIDENCE
DEC-LEG-006,25; 33,EXP-ECO-011; EXP-ECO-019; EXP-ECO-021; EXP-LEGACY-010; EXP-LEGACY-070,,,Y,5,legacy,INSUFFICIENT_EVIDENCE,HUMAN_PARTICIPANTS
DEC-LEG-007,25; 29; 31,EXP-CONF-011; EXP-LEGACY-004; EXP-LEGACY-041,Decoder-memory refusal outcome and reason codes need fixtures and measured decoder memory owned by the legacy domain,"Legacy domain (sections 25, 29)",Y,3,legacy,INSUFFICIENT_EVIDENCE,EVIDENCE
DEC-LEG-008,27; 29; 31,EXP-ECO-002; EXP-ECO-004; EXP-ECO-005; EXP-LEGACY-031; EXP-LEGACY-080,"Byte-identical export scope is measured by cross-platform and cross-dependency golden vectors of export profiles, owned by the legacy export domain; no conformance-reader evidence decides it.","legacy domain (program §27) export golden-vector experiments across Windows, WSL, Docker (blocked) and emulated ARM64",Y,5,legacy,INSUFFICIENT_EVIDENCE,EVIDENCE
DEC-LEG-009,22.4; 24; 32,EXP-CRYPTO-019; EXP-ECO-007; EXP-ECO-008; EXP-INT-017,,,Y,4,legacy,INSUFFICIENT_EVIDENCE,EVIDENCE
DEC-LEG-010,27; 32; 34,EXP-ECO-006; EXP-ECO-022; EXP-EVAL-008; EXP-LEGACY-032; EXP-LEGACY-070,,,Y,5,legacy,INSUFFICIENT_EVIDENCE,EVIDENCE
DEC-LEG-011,22.5; 34,EXP-CRYPTO-019; EXP-EVAL-008,,,Y,2,legacy,INSUFFICIENT_EVIDENCE,EVIDENCE
DEC-LEG-012,22.5; 25; 26,EXP-CRYPTO-019; EXP-LEGACY-001; EXP-LEGACY-003; EXP-LEGACY-010,,,Y,4,legacy,INSUFFICIENT_EVIDENCE,EVIDENCE
DEC-LEG-013,27; 33,EXP-ECO-018; EXP-ECO-019; EXP-ECO-021; EXP-LEGACY-070,,,Y,4,legacy,INSUFFICIENT_EVIDENCE,HUMAN_PARTICIPANTS
DEC-LEG-014,27; 32,EXP-ECO-014; EXP-ECO-021; EXP-LEGACY-031,,,Y,3,legacy,INSUFFICIENT_EVIDENCE,EVIDENCE
DEC-LEG-015,16; 27,EXP-LEGACY-006; EXP-LEGACY-030; EXP-PLAT-002,,,Y,3,legacy,INSUFFICIENT_EVIDENCE,EVIDENCE
DEC-LEG-016,8.5; 27,EXP-CROSSFILE-013; EXP-LEGACY-031,,,Y,2,legacy,INSUFFICIENT_EVIDENCE,EVIDENCE
DEC-LEG-017,27; 32; 33,EXP-ECO-006; EXP-ECO-022; EXP-LEGACY-032; EXP-LEGACY-070,,,Y,4,legacy,INSUFFICIENT_EVIDENCE,EVIDENCE
DEC-LEG-018,27; 28; 32,EXP-CONF-012; EXP-ECO-006; EXP-ECO-007; EXP-LEGACY-031; EXP-LEGACY-032; EXP-LEGACY-034,,,Y,6,legacy,INSUFFICIENT_EVIDENCE,EVIDENCE
DEC-LEG-019,13; 27,EXP-LEGACY-032; EXP-SCALE-002; EXP-SCALE-009,,,Y,3,legacy,INSUFFICIENT_EVIDENCE,EVIDENCE
DEC-LEG-020,15; 25; 29,EXP-CONF-011; EXP-LEGACY-002; EXP-PLAT-010,,,Y,3,legacy,INSUFFICIENT_EVIDENCE,EVIDENCE
DEC-LEG-021,13; 24; 29,EXP-CONF-011; EXP-INT-013; EXP-SCALE-002,,,Y,3,legacy,INSUFFICIENT_EVIDENCE,EVIDENCE
DEC-LEG-022,13; 25; 30; 35,EXP-CONF-011; EXP-EVAL-012; EXP-LEGACY-010; EXP-LEGACY-040; EXP-LEGACY-041; EXP-SCALE-002; EXP-SCALE-003; EXP-SCALE-009,,,Y,8,legacy,INSUFFICIENT_EVIDENCE,EVIDENCE
DEC-LEG-023,25,EXP-LEGACY-051,,,Y,1,legacy,INSUFFICIENT_EVIDENCE,EVIDENCE
DEC-LEG-024,5; 26; 31; 34,EXP-ECO-001; EXP-ECO-011; EXP-EVAL-008; EXP-LEGACY-010; EXP-LEGACY-020; EXP-LEGACY-021,,,Y,6,legacy,INSUFFICIENT_EVIDENCE,EVIDENCE
DEC-LEG-025,23; 26; 27,EXP-INT-008; EXP-LEGACY-050,,,Y,2,legacy,INSUFFICIENT_EVIDENCE,EVIDENCE
DEC-LEG-026,26; 27; 29; 33,EXP-CONF-003; EXP-CONF-011; EXP-ECO-015; EXP-LEGACY-070,,,Y,4,legacy,INSUFFICIENT_EVIDENCE,EVIDENCE
DEC-LEG-027,6; 8.6; 27,EXP-CODEC-008; EXP-LEGACY-033,"Frozen export codec parameter choice is a codec/export parameter sweep (size, speed, consumer acceptance), not incumbent baselining.",codecs domain (program 8.6) parameter sweeps and legacy domain (program 27) export-fidelity experiments.,Y,2,legacy,INSUFFICIENT_EVIDENCE,EVIDENCE
DEC-LEG-028,27; 29; 35,EXP-EVAL-012; EXP-LEGACY-030; EXP-LEGACY-080,Export readability by incumbent readers is an export-fidelity matrix (OD-19 M19.4) owned by the legacy export domain.,"legacy domain (program §27, §35) export acceptance matrix per profile and platform",Y,3,legacy,INSUFFICIENT_EVIDENCE,EVIDENCE
DEC-LEG-029,27; 32; 34,EXP-ECO-006; EXP-ECO-022; EXP-EVAL-008; EXP-LEGACY-006; EXP-LEGACY-020; EXP-LEGACY-021; EXP-LEGACY-030,,,Y,7,legacy,INSUFFICIENT_EVIDENCE,HUMAN_PARTICIPANTS
DEC-LEG-030,13; 32; 33,EXP-ECO-006; EXP-ECO-013; EXP-SCALE-002; EXP-SCALE-009,,,Y,4,legacy,INSUFFICIENT_EVIDENCE,EVIDENCE
DEC-LEG-031,25; 29; 30,EXP-CONF-011; EXP-LEGACY-001; EXP-LEGACY-003; EXP-LEGACY-010,,,Y,4,legacy,INSUFFICIENT_EVIDENCE,EVIDENCE
DEC-LEG-032,18; 25; 26,EXP-LEGACY-001; EXP-LEGACY-003; EXP-LEGACY-006; EXP-LEGACY-010; EXP-PLAT-003,,,Y,5,legacy,INSUFFICIENT_EVIDENCE,EVIDENCE
DEC-LEG-033,15; 16; 25,EXP-LEGACY-010; EXP-LEGACY-030; EXP-LEGACY-051; EXP-PLAT-003,,,Y,4,legacy,INSUFFICIENT_EVIDENCE,EVIDENCE
DEC-LEG-034,25; 26; 28; 34,EXP-CONF-001; EXP-EVAL-008; EXP-LEGACY-020; EXP-LEGACY-051,,,Y,4,legacy,INSUFFICIENT_EVIDENCE,EVIDENCE
DEC-LEG-035,26; 30; 31,EXP-ECO-001; EXP-LEGACY-010; EXP-LEGACY-020; EXP-LEGACY-021,"POST_V1 long-tail format strategy rests on published fuzz coverage and CVE distributions of libarchive (literature), sandboxing cost and prevalence; no adapter exists to test.",literature review of OSS-Fuzz libarchive coverage and CVE records (decision-method §9.3 primary sources) plus legacy domain prevalence measurement (program §26),Y,4,legacy,INSUFFICIENT_EVIDENCE,EVIDENCE
DEC-LEG-036,27; 32; 33,EXP-ECO-006; EXP-ECO-021; EXP-LEGACY-006; EXP-LEGACY-030,,,Y,4,legacy,INSUFFICIENT_EVIDENCE,HUMAN_PARTICIPANTS
DEC-LEG-037,26; 31,EXP-ECO-001; EXP-ECO-011; EXP-LEGACY-004; EXP-LEGACY-010; EXP-LEGACY-020; EXP-LEGACY-021,,,Y,6,legacy,INSUFFICIENT_EVIDENCE,EVIDENCE
DEC-LEG-038,24; 28; 32,EXP-ECO-006; EXP-INT-005,"Migration-report semantics are decided by failure-path tests of migration workflows and report reproducibility across machines, owned by the legacy migration domain.","legacy/migration domain (program §24, §32) failure-injection and report reproducibility experiments",Y,2,legacy,INSUFFICIENT_EVIDENCE,EVIDENCE
DEC-LEG-039,26; 27,EXP-LEGACY-010; EXP-LEGACY-020; EXP-LEGACY-021,,,Y,3,legacy,INSUFFICIENT_EVIDENCE,EVIDENCE
DEC-LEG-040,22.4; 23; 34,EXP-CRYPTO-015; EXP-EVAL-008; EXP-INT-009,,,Y,3,legacy,INSUFFICIENT_EVIDENCE,EVIDENCE
DEC-LEG-041,26; 27; 29,EXP-LEGACY-030,POST_V1 container-layer export profile depends on OCI roadmap status (external literature) and unpacker acceptance matrices owned by the legacy export domain.,"legacy domain (program §26, §27) unpacker acceptance matrix; OCI image-spec roadmap review",Y,1,legacy,INSUFFICIENT_EVIDENCE,EVIDENCE
DEC-LEG-042,26; 32,EXP-ECO-011; EXP-LEGACY-010; EXP-LEGACY-020; EXP-LEGACY-021,,,Y,4,legacy,INSUFFICIENT_EVIDENCE,EVIDENCE
DEC-LEG-043,25; 33; 35,EXP-ECO-011; EXP-EVAL-012; EXP-LEGACY-010,,,Y,3,legacy,INSUFFICIENT_EVIDENCE,EVIDENCE
DEC-LEG-044,25,EXP-LEGACY-050,,,Y,1,legacy,INSUFFICIENT_EVIDENCE,EVIDENCE
DEC-LEG-045,27; 32; 34,EXP-ECO-007; EXP-EVAL-008; EXP-LEGACY-034,,,Y,3,legacy,INSUFFICIENT_EVIDENCE,EVIDENCE
DEC-LEG-046,22.4; 23; 33,EXP-INT-009,Strip-provenance / no-embed convert receipt is a legacy-domain decision; its encryption/signature-composition cell is in EXP-CRYPTO-015 || No-embed provenance and strip-provenance repack depend on privacy needs of users (human evidence) and signature invalidation semantics owned by the legacy and model domains,legacy-domain provenance experiment || Legacy/model domains; human privacy-needs evidence via EXP-ECO-022 route when unblocked,Y,1,legacy,INSUFFICIENT_EVIDENCE,EVIDENCE
DEC-LEG-047,26; 30; 31,EXP-ECO-001; EXP-LEGACY-010; EXP-LEGACY-020; EXP-LEGACY-021,RAR5 adapter justification requires a legal reading of the UnRAR licence (external review) and CVE history (literature); no adapter exists to fuzz.,external licence/legal review (decision-method §8.3) and legacy domain prevalence data (program §26); fuzzing only if an adapter is built,Y,4,legacy,INSUFFICIENT_EVIDENCE,EVIDENCE
DEC-LEG-048,28; 29,EXP-CONF-012,,,Y,1,legacy,INSUFFICIENT_EVIDENCE,EVIDENCE
DEC-LEG-049,25,EXP-LEGACY-003; EXP-LEGACY-010; EXP-LEGACY-051,,,Y,3,legacy,INSUFFICIENT_EVIDENCE,EVIDENCE
DEC-LEG-050,25; 29,EXP-CONF-011; EXP-LEGACY-003; EXP-LEGACY-010,,,Y,3,legacy,INSUFFICIENT_EVIDENCE,EVIDENCE
DEC-LEG-051,27; 34,EXP-EVAL-008; EXP-LEGACY-020,,,Y,2,legacy,INSUFFICIENT_EVIDENCE,EVIDENCE
DEC-LEG-052,8.6; 25; 26; 31,EXP-ECO-001; EXP-LEGACY-003; EXP-LEGACY-010; EXP-LEGACY-021,"7z coder/filter import scope (distribution in real corpora, reader support, AES KDF confirmation, decoder crate audit, import memory and bombs) is designed by the legacy and ecosystem domains and is not duplicated here. Codecs-domain input: specification availability of PPMd, BCJ2, bzip2 and related coders (EXP-CODEC-005).","EXP-LEGACY-003, EXP-LEGACY-010, EXP-LEGACY-021, EXP-LEGACY-040, EXP-ECO-001",Y,4,legacy,INSUFFICIENT_EVIDENCE,EVIDENCE
DEC-LEG-053,25,EXP-LEGACY-051,,,Y,1,legacy,INSUFFICIENT_EVIDENCE,EVIDENCE
DEC-LEG-054,16; 25,EXP-LEGACY-003; EXP-LEGACY-010; EXP-PLAT-002,,,Y,3,legacy,INSUFFICIENT_EVIDENCE,EVIDENCE
DEC-LEG-055,15; 25,EXP-LEGACY-003; EXP-LEGACY-010; EXP-PLAT-013,,,Y,3,legacy,INSUFFICIENT_EVIDENCE,EVIDENCE
DEC-LEG-056,21; 23; 32; 34,EXP-ECO-006; EXP-EVAL-008; EXP-INT-008; EXP-INT-011; EXP-INT-019; EXP-PLAT-018,,,Y,6,legacy,INSUFFICIENT_EVIDENCE,EVIDENCE
DEC-LEG-057,26; 27,EXP-LEGACY-010; EXP-LEGACY-020; EXP-LEGACY-021,,,Y,3,legacy,INSUFFICIENT_EVIDENCE,EVIDENCE
DEC-LEG-058,5; 25; 35,EXP-EVAL-012; EXP-LEGACY-010,,,Y,2,legacy,INSUFFICIENT_EVIDENCE,EVIDENCE
DEC-LEG-059,13; 25; 30,EXP-CONF-009; EXP-CONF-011; EXP-LEGACY-040; EXP-LEGACY-041; EXP-SCALE-002; EXP-SCALE-003; EXP-SCALE-009,,,Y,7,legacy,INSUFFICIENT_EVIDENCE,EVIDENCE
DEC-LEG-060,22.5; 25; 32,EXP-ECO-006; EXP-LEGACY-050,Preservation for tar/7z is a legacy-domain storage decision; its encryption-composition cell is in EXP-CRYPTO-015,legacy-domain preservation experiment,Y,2,legacy,INSUFFICIENT_EVIDENCE,EVIDENCE
DEC-LEG-061,25; 29; 30,EXP-CONF-011; EXP-LEGACY-002; EXP-LEGACY-010,,,Y,3,legacy,INSUFFICIENT_EVIDENCE,EVIDENCE
DEC-LEG-062,25; 29,EXP-CONF-011; EXP-LEGACY-002; EXP-LEGACY-010,,,Y,3,legacy,INSUFFICIENT_EVIDENCE,EVIDENCE
DEC-LEG-063,25; 29; 34,EXP-CONF-011; EXP-CONF-014; EXP-EVAL-008; EXP-LEGACY-002; EXP-LEGACY-005,,,Y,5,legacy,INSUFFICIENT_EVIDENCE,EVIDENCE
DEC-LEG-064,25; 29; 30,EXP-CONF-009; EXP-CONF-011; EXP-LEGACY-002; EXP-LEGACY-010,,,Y,4,legacy,INSUFFICIENT_EVIDENCE,EVIDENCE
DEC-LEG-065,16; 25; 32,EXP-ECO-011; EXP-LEGACY-002; EXP-LEGACY-010; EXP-PLAT-003,,,Y,4,legacy,INSUFFICIENT_EVIDENCE,EVIDENCE
DEC-LEG-066,25; 29,EXP-CONF-011; EXP-LEGACY-002; EXP-LEGACY-010,,,Y,3,legacy,INSUFFICIENT_EVIDENCE,EVIDENCE
DEC-LEG-067,16; 25,EXP-LEGACY-002; EXP-LEGACY-006; EXP-LEGACY-010; EXP-PLAT-003,,,Y,4,legacy,INSUFFICIENT_EVIDENCE,EVIDENCE
DEC-LEG-068,15; 18; 19; 27,EXP-LEGACY-006; EXP-LEGACY-030; EXP-LEGACY-080; EXP-PLAT-004,,,Y,4,legacy,INSUFFICIENT_EVIDENCE,EVIDENCE
DEC-LEG-069,25,EXP-LEGACY-002; EXP-LEGACY-004; EXP-LEGACY-010,,,Y,3,legacy,INSUFFICIENT_EVIDENCE,EVIDENCE
DEC-LEG-070,15; 25,EXP-LEGACY-001; EXP-LEGACY-010; EXP-PLAT-003,,,Y,3,legacy,INSUFFICIENT_EVIDENCE,EVIDENCE
DEC-LEG-071,28; 32; 34,EXP-ECO-020; EXP-EVAL-008,"Transparent legacy read adapters are an API-surface and demand question (usability review, bounded-memory feasibility, consumer demand), not a conformance measurement.","ecosystem/API domain (program §32, §34) API review and access domain bounded-memory feasibility; demand evidence is human-facing",Y,2,legacy,INSUFFICIENT_EVIDENCE,EVIDENCE
DEC-LEG-072,25; 29,EXP-CONF-011; EXP-LEGACY-004; EXP-LEGACY-010,,,Y,3,legacy,INSUFFICIENT_EVIDENCE,EVIDENCE
DEC-LEG-073,26,EXP-LEGACY-010; EXP-LEGACY-020; EXP-LEGACY-021,,,Y,3,legacy,INSUFFICIENT_EVIDENCE,EVIDENCE
DEC-LEG-074,25; 33,EXP-LEGACY-004; EXP-LEGACY-010,Explicit projection for ambiguous compressed-stream children needs false-detection rates over compressed corpora owned by the legacy domain,Legacy domain (section 25),Y,2,legacy,INSUFFICIENT_EVIDENCE,EVIDENCE
DEC-LEG-075,25; 31,EXP-ECO-001; EXP-ECO-011; EXP-LEGACY-004; EXP-LEGACY-010; EXP-LEGACY-021,,,Y,5,legacy,INSUFFICIENT_EVIDENCE,EVIDENCE
DEC-LEG-076,15; 17; 25,EXP-LEGACY-010; EXP-LEGACY-080; EXP-PLAT-003; EXP-PLAT-022,,,Y,4,legacy,INSUFFICIENT_EVIDENCE,EVIDENCE
DEC-LEG-077,16; 25,EXP-LEGACY-001; EXP-LEGACY-010; EXP-PLAT-002,,,Y,3,legacy,INSUFFICIENT_EVIDENCE,EVIDENCE
DEC-LEG-078,24; 25,EXP-INT-013; EXP-LEGACY-001; EXP-LEGACY-005,,,Y,3,legacy,INSUFFICIENT_EVIDENCE,EVIDENCE
DEC-LEG-079,16; 25,EXP-LEGACY-001; EXP-PLAT-002,,,Y,2,legacy,INSUFFICIENT_EVIDENCE,EVIDENCE
DEC-LEG-080,25,EXP-LEGACY-001,,,Y,1,legacy,INSUFFICIENT_EVIDENCE,EVIDENCE
DEC-LEG-081,25; 29; 30,EXP-CONF-011; EXP-LEGACY-001; EXP-LEGACY-005,,,Y,3,legacy,INSUFFICIENT_EVIDENCE,EVIDENCE
DEC-LEG-082,25; 26; 29,EXP-CONF-011; EXP-CONF-014; EXP-LEGACY-001; EXP-LEGACY-005; EXP-LEGACY-021; EXP-LEGACY-080,,,Y,6,legacy,INSUFFICIENT_EVIDENCE,EVIDENCE
DEC-LEG-083,25; 30,EXP-CONF-011; EXP-LEGACY-001; EXP-LEGACY-041,,,Y,3,legacy,INSUFFICIENT_EVIDENCE,EVIDENCE
DEC-LEG-084,18; 25; 29,EXP-CONF-011; EXP-LEGACY-001,"Whether every ZIP compatibility profile refuses non-regular Unix entry types before projection is a legacy-adapter conformance test over constructed external attributes (0o120777, 0o010644) and pinned runtime probes; EXP-PLAT-009 special-file feasibility results only inform the safety rationale.",legacy domain differential testing (program §25) using tools/zip-compat matrices,Y,2,legacy,INSUFFICIENT_EVIDENCE,EVIDENCE
DEC-LEG-085,8.6; 25; 31,EXP-ECO-001; EXP-ECO-011; EXP-LEGACY-001; EXP-LEGACY-010; EXP-LEGACY-021; EXP-LEGACY-041,"ZIP compression-method import scope (method distribution, runtime support, decoder dependency audit, bomb behaviour) is designed by the legacy and ecosystem domains and is not duplicated here. Codecs-domain input: specification availability and decoder size of Deflate64, bzip2, LZMA, XZ, PPMd and zstd (EXP-CODEC-005).","EXP-LEGACY-001, EXP-LEGACY-010, EXP-LEGACY-021, EXP-LEGACY-040, EXP-ECO-001",Y,6,legacy,INSUFFICIENT_EVIDENCE,EVIDENCE
DEC-LEG-086,25,EXP-LEGACY-001,,,Y,1,legacy,INSUFFICIENT_EVIDENCE,EVIDENCE
DEC-LEG-087,25; 29; 30,EXP-CONF-011; EXP-LEGACY-001; EXP-LEGACY-005,,,Y,3,legacy,INSUFFICIENT_EVIDENCE,EVIDENCE
DEC-LEG-088,15; 25,EXP-LEGACY-010; EXP-LEGACY-051; EXP-PLAT-003; EXP-PLAT-006,,,Y,4,legacy,INSUFFICIENT_EVIDENCE,HUMAN_PARTICIPANTS
DEC-LEG-089,22.1; 25,EXP-CRYPTO-019; EXP-CRYPTO-021; EXP-LEGACY-001; EXP-LEGACY-010,,,Y,4,legacy,INSUFFICIENT_EVIDENCE,EVIDENCE
DEC-LEG-090,25; 29,EXP-CONF-011; EXP-LEGACY-001; EXP-LEGACY-010,,,Y,3,legacy,INSUFFICIENT_EVIDENCE,EVIDENCE
DEC-LEG-091,15; 27,EXP-LEGACY-030; EXP-LEGACY-080; EXP-PLAT-013,,,Y,3,legacy,INSUFFICIENT_EVIDENCE,EVIDENCE
DEC-LEG-092,15; 25,EXP-LEGACY-001; EXP-LEGACY-010; EXP-LEGACY-051; EXP-PLAT-003,,,Y,4,legacy,INSUFFICIENT_EVIDENCE,EVIDENCE
DEC-LEG-093,25,EXP-LEGACY-010; EXP-LEGACY-040; EXP-LEGACY-041,,,Y,3,legacy,INSUFFICIENT_EVIDENCE,EVIDENCE
DEC-LEG-094,16; 25,EXP-LEGACY-001; EXP-LEGACY-006; EXP-LEGACY-010; EXP-PLAT-003,,,Y,4,legacy,INSUFFICIENT_EVIDENCE,EVIDENCE
DEC-LEG-095,25; 29,EXP-CONF-009; EXP-CONF-011; EXP-LEGACY-001; EXP-LEGACY-010; EXP-LEGACY-041,,,Y,5,legacy,INSUFFICIENT_EVIDENCE,EVIDENCE
DEC-LEG-096,22.5; 25; 27,EXP-LEGACY-040; EXP-LEGACY-050,Preserved-source storage format is a legacy-domain decision (size/recovery); no crypto-specific cell,legacy-domain preservation experiment,Y,2,legacy,INSUFFICIENT_EVIDENCE,EVIDENCE
DEC-LEG-097,22.5; 25,EXP-LEGACY-050,Preserve coupling to compat profile is a legacy-domain decision,legacy-domain preservation experiment,Y,1,legacy,INSUFFICIENT_EVIDENCE,EVIDENCE
DEC-LEG-098,22.5; 25,EXP-LEGACY-050,Preserved-source recovery API placement is a legacy-domain/model-API decision,legacy-domain + model API-surface experiment,Y,1,legacy,INSUFFICIENT_EVIDENCE,EVIDENCE
DEC-LEG-099,25,EXP-LEGACY-010; EXP-LEGACY-070,,,Y,2,legacy,INSUFFICIENT_EVIDENCE,HUMAN_PARTICIPANTS
DEC-LEG-100,25; 29,EXP-LEGACY-070,HUMAN_PARTICIPANTS: user testing with release engineers is required; the report prototype belongs to the legacy domain.,legacy domain prototype report (program §25) plus human or external evaluation (decision-method §4.16); simulated sessions are heuristic only,Y,1,legacy,INSUFFICIENT_EVIDENCE,HUMAN_PARTICIPANTS
DEC-LEG-101,25,EXP-LEGACY-040,,,Y,1,legacy,INSUFFICIENT_EVIDENCE,EVIDENCE
DEC-LEG-102,25; 29,EXP-CONF-011; EXP-LEGACY-001; EXP-LEGACY-010,,,Y,3,legacy,INSUFFICIENT_EVIDENCE,EVIDENCE
DEC-LEG-103,25; 29,EXP-CONF-011; EXP-LEGACY-001; EXP-LEGACY-010; EXP-LEGACY-050,,,Y,4,legacy,INSUFFICIENT_EVIDENCE,EVIDENCE
DEC-LEG-104,16; 25,EXP-LEGACY-001; EXP-LEGACY-010,"Handling of stale, flag-clear, central-directory-only and multiple Info-ZIP Unicode Path extras is decided by pinned runtime probes and ZIP corpus frequency; no filesystem or OS behaviour is involved.",legacy domain runtime differential and ZIP corpus census (program §25),Y,2,legacy,INSUFFICIENT_EVIDENCE,EVIDENCE
DEC-LEG-105,25; 29,EXP-CONF-011; EXP-LEGACY-001; EXP-LEGACY-010,,,Y,3,legacy,INSUFFICIENT_EVIDENCE,EVIDENCE
DEC-LEG-106,8.4; 25,EXP-CROSSFILE-014; EXP-LEGACY-004; EXP-LEGACY-010,,,Y,3,legacy,INSUFFICIENT_EVIDENCE,EVIDENCE
DEC-LEG-107,25; 29,EXP-CONF-011; EXP-LEGACY-004; EXP-LEGACY-010,,,Y,3,legacy,INSUFFICIENT_EVIDENCE,EVIDENCE
DEC-LEG-108,13; 27,EXP-LEGACY-030; EXP-LEGACY-032; EXP-SCALE-002; EXP-SCALE-009,,,Y,4,legacy,INSUFFICIENT_EVIDENCE,EVIDENCE
DEC-MOD-001,23; 34,EXP-EVAL-008; EXP-INT-007; EXP-INT-008,,,Y,3,model,INSUFFICIENT_EVIDENCE,EVIDENCE
DEC-MOD-002,7; 15; 19,EXP-PLAT-005; EXP-PLAT-010; EXP-PLAT-019; EXP-PLAT-024,"Host-dependent AUX inputs in deterministic mode (sparse maps, fidelity strings, Windows creation times) are platform/metadata determinism questions (findings F-0001/F-0002 follow-ups).",platform domain (program 15-21) cross-host identity and AUX determinism experiments.,Y,4,model,INSUFFICIENT_EVIDENCE,EVIDENCE
DEC-MOD-003,28; 29,EXP-CONF-001; EXP-CONF-004,,,Y,2,model,INSUFFICIENT_EVIDENCE,EVIDENCE
DEC-MOD-004,11; 13; 28; 29,EXP-CON-001; EXP-CONF-001; EXP-CONF-002; EXP-SCALE-001; EXP-SCALE-007,,,Y,5,model,INSUFFICIENT_EVIDENCE,EVIDENCE
DEC-MOD-005,7; 32; 34,EXP-ECO-014; EXP-ECO-022; EXP-EVAL-008,,,Y,3,model,INSUFFICIENT_EVIDENCE,EVIDENCE
DEC-MOD-006,11; 28; 29; 30; 34,EXP-CON-001; EXP-CONF-001; EXP-CONF-002; EXP-CONF-009; EXP-CONF-010; EXP-EVAL-008,,,Y,6,model,INSUFFICIENT_EVIDENCE,EVIDENCE
DEC-MOD-007,11; 12; 24,EXP-CON-003; EXP-INT-015; EXP-REMOTE-007,,,Y,3,model,INSUFFICIENT_EVIDENCE,EVIDENCE
DEC-MOD-008,8.1; 29; 34,EXP-CHUNK-011; EXP-CONF-004; EXP-CONF-006; EXP-EVAL-008,,,Y,4,model,INSUFFICIENT_EVIDENCE,EVIDENCE
DEC-MOD-009,15; 17; 34,EXP-EVAL-008; EXP-PLAT-004; EXP-PLAT-019,,,Y,3,model,INSUFFICIENT_EVIDENCE,EVIDENCE
DEC-MOD-010,16; 29; 34,EXP-EVAL-008; EXP-PLAT-002; EXP-PLAT-003; EXP-PLAT-015,"Hostility-summary fields are decided by collision/hostility prevalence on corpora, reader computation cost and Unicode-version stability across platforms, owned by the model and platform domains.","model and platform domains (program §16, §34) prevalence and cost measurements; if a summary field is adopted, its validation cases enter ebcc-v1.1",Y,4,model,INSUFFICIENT_EVIDENCE,EVIDENCE
DEC-MOD-011,7; 14; 31; 35,EXP-ECO-002; EXP-ECO-004; EXP-ECO-005; EXP-EVAL-012; EXP-SCALE-005; EXP-SCALE-011; EXP-SCALE-014; EXP-SCALE-015,,,Y,8,model,INSUFFICIENT_EVIDENCE,EVIDENCE
DEC-MOD-012,14; 22.2; 22.5,EXP-CRYPTO-002; EXP-CRYPTO-007; EXP-SCALE-005,,,Y,3,model,INSUFFICIENT_EVIDENCE,EVIDENCE
DEC-MOD-013,7; 14,EXP-SCALE-005; EXP-SCALE-011; EXP-SCALE-012; EXP-SCALE-014; EXP-SCALE-015,Determinism under parallel hashing/chunking/codec evaluation/compression/verification is a scale-domain byte-identity experiment across worker counts.,scale domain (program 13-14) deterministic parallelism prototypes with repeated runs across worker counts.,Y,5,model,INSUFFICIENT_EVIDENCE,EVIDENCE
DEC-MOD-014,24; 29; 33,EXP-CONF-003; EXP-CONF-004; EXP-ECO-015; EXP-INT-001; EXP-INT-003,,,Y,5,model,INSUFFICIENT_EVIDENCE,EVIDENCE
DEC-MOD-015,12; 33,EXP-ECO-019; EXP-ECO-021,"Identity-status semantics for remote diff (whether remote LAI SAME is qualified as declared, AUX status, diff-tier placement of Entry-v3 changes). Required evidence is a user-comprehension test (HUMAN_PARTICIPANTS) and diff tests over Entry-v3 archives aligned with repack identity rules (model/platform domains); the normative tier rule is FORMAL. Remote fetching adds no trade-off beyond the status-quo metadata-only fetch that EXP-REMOTE-002 records.",FORMAL rule derivation from SPEC section 8.0 identity table (model domain) with independent sign-off; model/platform-domain diff test matrix over Entry-v3 archives; human comprehension routed to external review / human participants (blocked),Y,2,model,INSUFFICIENT_EVIDENCE,EVIDENCE
DEC-MOD-016,11; 22.1; 28; 34,EXP-CRYPTO-004; EXP-CRYPTO-012; EXP-CRYPTO-020; EXP-CRYPTO-021; EXP-EVAL-008,"EXTERNAL_REVIEW_REQUIRED digest-algorithm selection rests on throughput benchmarks, standards review and independent security review; no conformance measurement discriminates candidates. || Digest algorithm selection is EXTERNAL_REVIEW_REQUIRED and its throughput and standards evidence is designed by the crypto domain","model/crypto domains (program §11, §22.1) throughput benchmarks and standards review, then external review dossier || EXP-CRYPTO-004, EXP-CRYPTO-012, EXP-CRYPTO-020, EXP-CRYPTO-021 (primitive benchmarks and review dossier); proof-shape effects of tree-native digests: EXP-CON-003 s10 (descriptive)",Y,5,model,EXTERNAL_REVIEW_REQUIRED,EXTERNAL_REVIEW
DEC-MOD-017,32; 35,EXP-ECO-014; EXP-ECO-022; EXP-EVAL-012,,,Y,3,model,INSUFFICIENT_EVIDENCE,EVIDENCE
DEC-MOD-018,28; 34,EXP-CONF-001; EXP-EVAL-008,,,Y,2,model,INSUFFICIENT_EVIDENCE,EVIDENCE
DEC-MOD-019,16; 25,EXP-LEGACY-006; EXP-LEGACY-051; EXP-PLAT-005,,,Y,3,model,INSUFFICIENT_EVIDENCE,EVIDENCE
DEC-MOD-020,23; 34,EXP-EVAL-008; EXP-INT-007,,,Y,2,model,INSUFFICIENT_EVIDENCE,EVIDENCE
DEC-MOD-021,17; 18; 34,EXP-EVAL-008; EXP-PLAT-008; EXP-PLAT-009,,,Y,3,model,INSUFFICIENT_EVIDENCE,EVIDENCE
DEC-MOD-022,15; 19; 25,EXP-LEGACY-051; EXP-PLAT-005,,,Y,2,model,INSUFFICIENT_EVIDENCE,EVIDENCE
DEC-MOD-023,33,EXP-ECO-019,,,Y,1,model,INSUFFICIENT_EVIDENCE,EVIDENCE
DEC-MOD-024,11; 34,EXP-CON-007; EXP-EVAL-008,,,Y,2,model,INSUFFICIENT_EVIDENCE,EVIDENCE
DEC-MOD-025,15; 19,EXP-PLAT-005,,,Y,1,model,INSUFFICIENT_EVIDENCE,EVIDENCE
DEC-MOD-026,8.1; 13; 15,EXP-CHUNK-014; EXP-PLAT-010; EXP-SCALE-001; EXP-SCALE-003,,,Y,4,model,INSUFFICIENT_EVIDENCE,EVIDENCE
DEC-MOD-027,11; 22.4; 28; 34,EXP-CONF-002; EXP-CONF-012; EXP-CRYPTO-014; EXP-EVAL-008,Identity descriptor field bindings are a formal and crypto-review question with conformance vectors,"EXP-CRYPTO-014, EXP-CONF-002, EXP-CONF-012 (identity-root vectors and survival matrix); FORMAL analysis with external crypto cross-review",Y,4,model,INSUFFICIENT_EVIDENCE,EVIDENCE
DEC-MOD-028,15; 19; 34,EXP-EVAL-008; EXP-PLAT-005; EXP-PLAT-007,,,Y,3,model,INSUFFICIENT_EVIDENCE,HUMAN_PARTICIPANTS
DEC-MOD-029,22.4; 22.5; 29,EXP-CONF-004; EXP-CRYPTO-014; EXP-CRYPTO-015,,,Y,3,model,INSUFFICIENT_EVIDENCE,EVIDENCE
DEC-MOD-030,17; 19; 20; 22.4; 34,EXP-EVAL-008; EXP-PLAT-005,"LAI metadata participation is a model/platform-fidelity decision (cross-host stability, fidelity levels); owned by the model domain",model-domain LAI-participation experiment (cross-host stability),Y,2,model,INSUFFICIENT_EVIDENCE,EVIDENCE
DEC-MOD-031,2; 29; 34,EXP-CONF-003; EXP-EVAL-008,,,Y,2,model,INSUFFICIENT_EVIDENCE,EVIDENCE
DEC-MOD-032,12; 13; 29; 33,EXP-CONF-004; EXP-ECO-015; EXP-REMOTE-009; EXP-SCALE-004,,,Y,4,model,INSUFFICIENT_EVIDENCE,EVIDENCE
DEC-MOD-033,28; 33; 34,EXP-ECO-020; EXP-ECO-021; EXP-EVAL-008,"The library API surface is an API design and usability question (type-level guarantees, simulated integrator sessions, semver cost), not a conformance, reader or fuzzing measurement.","ecosystem/API domain (program §33, §34) API review, compile-fail guarantee mapping and simulated (heuristic) integrator sessions",Y,3,model,INSUFFICIENT_EVIDENCE,EVIDENCE
DEC-MOD-034,11; 12; 22.1; 28,EXP-CON-003; EXP-CONF-012; EXP-CRYPTO-012; EXP-REMOTE-007,,,Y,4,model,INSUFFICIENT_EVIDENCE,EVIDENCE
DEC-MOD-035,17; 18; 19; 20; 22.5,EXP-PLAT-004; EXP-PLAT-005; EXP-PLAT-012,Metadata-class-to-identity-root assignment is a model/platform-fidelity decision; only its AUX-under-signature security note is crypto-adjacent (EXP-CRYPTO-014/015),model/platform-domain per-class fidelity experiments,Y,3,model,INSUFFICIENT_EVIDENCE,EVIDENCE
DEC-MOD-036,16; 30; 34,EXP-CONF-007; EXP-EVAL-008; EXP-PLAT-002; EXP-PLAT-003; EXP-PLAT-021,,,Y,5,model,INSUFFICIENT_EVIDENCE,EVIDENCE
DEC-MOD-037,19; 22.4,EXP-CRYPTO-014,POST_V1 and purely analytical until a second identity profile exists: per-signature identity profiles are a signature-trust semantics question (program §22.4) with no platform measurement.,crypto domain analysis after DEC-MOD-028 creates a second identity profile (program §22.4),Y,1,model,INSUFFICIENT_EVIDENCE,EVIDENCE
DEC-MOD-038,15; 16; 29; 34,EXP-CONF-009; EXP-EVAL-008; EXP-LEGACY-006; EXP-PLAT-002; EXP-PLAT-003; EXP-PLAT-014,,,Y,6,model,INSUFFICIENT_EVIDENCE,EVIDENCE
DEC-MOD-039,8.1; 10; 22.2,EXP-CHUNK-002; EXP-CHUNK-004; EXP-CHUNK-005; EXP-CHUNK-011; EXP-CHUNK-012; EXP-CRYPTO-003; EXP-PLANNER-001; EXP-PLANNER-005; EXP-PLANNER-012,,,Y,9,model,INSUFFICIENT_EVIDENCE,EVIDENCE
DEC-MOD-040,8.8; 29,EXP-CONF-004; EXP-RECON-010; EXP-RECON-011,,,Y,3,model,INSUFFICIENT_EVIDENCE,EVIDENCE
DEC-MOD-041,29; 33; 34,EXP-CONF-002; EXP-CONF-003; EXP-CONF-004; EXP-ECO-015; EXP-EVAL-008,,,Y,5,model,INSUFFICIENT_EVIDENCE,EVIDENCE
DEC-MOD-042,11; 28; 29,EXP-CONF-001; EXP-CONF-003,Normative registry document and record-evolution convention are evidenced by the conformance domain's independent reader and registry audit,"EXP-CONF-001 (reader from docs only, ambiguity count), EXP-CONF-003 (collision and gap audit of types, versions, TLV codes, domains)",Y,2,model,INSUFFICIENT_EVIDENCE,EVIDENCE
DEC-MOD-043,32; 33; 34,EXP-ECO-006; EXP-ECO-021; EXP-EVAL-008,,,Y,3,model,INSUFFICIENT_EVIDENCE,EVIDENCE
DEC-MOD-044,15; 17; 18,EXP-PLAT-013; EXP-PLAT-019,,,Y,2,model,INSUFFICIENT_EVIDENCE,EVIDENCE
DEC-MOD-045,7; 9,EXP-EVAL-003,"Infrastructure decision about the default-off research-internals feature. Byte-identity evidence already exists from Phase B2; the remaining evidence (which experiments need which internals, overhead of a whole-archive-only path) is a census over committed designs, not a planner measurement. Every planner experiment from EXP-PLANNER-002 onward depends on entrybound::research::planner, so a whole-archive-only policy would make them infeasible.",research/harness/internals-identity-check.md and harness-review-round1.md verdict (a); evaluation domain EXP-EVAL-003 (id at design time); census of tooling_to_build fields across research/experiments/_index/*.jsonl,Y,1,model,INSUFFICIENT_EVIDENCE,EVIDENCE
DEC-MOD-046,23; 25,EXP-INT-008; EXP-LEGACY-051,,,Y,2,model,INSUFFICIENT_EVIDENCE,EVIDENCE
DEC-MOD-047,11; 28; 30,EXP-CON-001; EXP-CONF-004,,,Y,2,model,INSUFFICIENT_EVIDENCE,EVIDENCE
DEC-MOD-048,29; 30,EXP-CONF-004,,,Y,1,model,INSUFFICIENT_EVIDENCE,EVIDENCE
DEC-MOD-049,15; 16; 19,EXP-PLAT-005; EXP-PLAT-025,,,Y,2,model,INSUFFICIENT_EVIDENCE,EVIDENCE
DEC-MOD-050,15; 19,EXP-PLAT-005; EXP-PLAT-006,,,Y,2,model,INSUFFICIENT_EVIDENCE,EVIDENCE
DEC-PLT-001,15; 29; 33,EXP-ECO-015; EXP-ECO-016; EXP-PLAT-003; EXP-PLAT-008; EXP-PLAT-014,"Symlink target extraction policy is decided by extraction behaviour, downstream-following threat analysis, prevalence and an incumbent extraction matrix; these are extraction-policy measurements.","platform domain extraction and capture experiments (program §15, §16, §21: objective MVT-05 escape suite and race injection, MVT-07/MVT-08 restore matrices)",Y,5,platform,INSUFFICIENT_EVIDENCE,EVIDENCE
DEC-PLT-002,15; 29,EXP-CONF-007; EXP-PLAT-003; EXP-PLAT-011; EXP-PLAT-021,,,Y,4,platform,INSUFFICIENT_EVIDENCE,EVIDENCE
DEC-PLT-003,15; 21,EXP-PLAT-001; EXP-PLAT-005; EXP-PLAT-006; EXP-PLAT-016,,,Y,4,platform,INSUFFICIENT_EVIDENCE,EVIDENCE
DEC-PLT-004,15; 21; 33,EXP-ECO-018; EXP-ECO-019; EXP-PLAT-014; EXP-PLAT-024,,,Y,4,platform,INSUFFICIENT_EVIDENCE,EVIDENCE
DEC-PLT-005,15; 16; 21; 30,EXP-PLAT-014; EXP-PLAT-015; EXP-PLAT-022; EXP-PLAT-024,"Containment primitive selection is decided by mechanism tables, race-injection results and syscall cost per platform (objective MVT-05); macOS is PLATFORM_BLOCKED; no archive-parser fuzzing decides it.","platform domain extraction and capture experiments (program §15, §16, §21: objective MVT-05 escape suite and race injection, MVT-07/MVT-08 restore matrices)",Y,4,platform,INSUFFICIENT_EVIDENCE,EVIDENCE
DEC-PLT-006,21; 29,EXP-PLAT-014,Bounded EAGAIN retry and NO_XDEV defaults are decided by adversarial rename-race liveness measurements and cap-primitives audit in the extraction path.,"platform domain extraction and capture experiments (program §15, §16, §21: objective MVT-05 escape suite and race injection, MVT-07/MVT-08 restore matrices)",Y,1,platform,INSUFFICIENT_EVIDENCE,EVIDENCE
DEC-PLT-007,15; 18; 19; 29; 33; 34,EXP-ECO-016; EXP-ECO-018; EXP-ECO-019; EXP-ECO-021; EXP-EVAL-008; EXP-PLAT-007; EXP-PLAT-008; EXP-PLAT-022,"Default extraction grants are decided by incumbent default matrices, threat models and compatibility cost of restoration classes, plus human-facing usability; not by conformance cases.","platform domain extraction and capture experiments (program §15, §16, §21: objective MVT-05 escape suite and race injection, MVT-07/MVT-08 restore matrices); usability parts per decision-method §4.16",Y,8,platform,INSUFFICIENT_EVIDENCE,EVIDENCE
DEC-PLT-008,15; 17; 21,EXP-PLAT-004; EXP-PLAT-013; EXP-PLAT-022,,,Y,3,platform,INSUFFICIENT_EVIDENCE,EVIDENCE
DEC-PLT-009,15; 33,EXP-ECO-016; EXP-ECO-019; EXP-PLAT-008; EXP-PLAT-014,,,Y,4,platform,INSUFFICIENT_EVIDENCE,EVIDENCE
DEC-PLT-010,25; 29,EXP-CONF-011; EXP-LEGACY-001; EXP-LEGACY-002; EXP-LEGACY-003,,,Y,4,platform,INSUFFICIENT_EVIDENCE,EVIDENCE
DEC-PLT-011,13; 15; 33; 34,EXP-EVAL-008; EXP-PLAT-002; EXP-PLAT-017; EXP-SCALE-004,Preflight refusal classes and staged extraction need failure-share and staging-cost measurements owned by the platform domain,"Platform domain (sections 13, 15)",Y,4,platform,INSUFFICIENT_EVIDENCE,EVIDENCE
DEC-PLT-012,29; 33,EXP-CONF-004; EXP-ECO-016; EXP-ECO-018; EXP-ECO-019,,,Y,4,platform,INSUFFICIENT_EVIDENCE,EVIDENCE
DEC-PLT-013,15; 33; 34,EXP-ECO-015; EXP-ECO-019; EXP-EVAL-008; EXP-PLAT-019,,,Y,4,platform,INSUFFICIENT_EVIDENCE,EVIDENCE
DEC-PLT-014,15; 16; 21,EXP-PLAT-001; EXP-PLAT-016,,,Y,2,platform,INSUFFICIENT_EVIDENCE,EVIDENCE
DEC-PLT-015,15; 29; 33,EXP-CONF-001; EXP-ECO-015; EXP-ECO-019; EXP-PLAT-019,,,Y,4,platform,INSUFFICIENT_EVIDENCE,EVIDENCE
DEC-PLT-016,15; 21,EXP-PLAT-004; EXP-PLAT-008; EXP-PLAT-016; EXP-PLAT-021; EXP-PLAT-022,,,Y,5,platform,INSUFFICIENT_EVIDENCE,EVIDENCE
DEC-PLT-017,15; 21; 30; 31,EXP-ECO-001; EXP-PLAT-014; EXP-PLAT-016; EXP-PLAT-022; EXP-PLAT-024,"Handle-relative, no-follow operation choice is decided by API coverage tables, race tests during capture and extraction and unsafe-code audit; not by archive conformance or parser fuzzing.","platform domain extraction and capture experiments (program §15, §16, §21: objective MVT-05 escape suite and race injection, MVT-07/MVT-08 restore matrices)",Y,5,platform,INSUFFICIENT_EVIDENCE,EVIDENCE
DEC-PLT-018,15,EXP-PLAT-003; EXP-PLAT-009; EXP-PLAT-017; EXP-PLAT-023,,,Y,4,platform,INSUFFICIENT_EVIDENCE,EVIDENCE
DEC-PLT-019,15; 28; 29,EXP-CONF-004; EXP-PLAT-009,,,Y,2,platform,INSUFFICIENT_EVIDENCE,EVIDENCE
DEC-PLT-020,25; 27,EXP-LEGACY-030; EXP-LEGACY-080,,,Y,2,platform,INSUFFICIENT_EVIDENCE,EVIDENCE
DEC-PLT-021,25; 26; 27,EXP-LEGACY-002; EXP-LEGACY-003; EXP-LEGACY-006; EXP-LEGACY-010,,,Y,4,platform,INSUFFICIENT_EVIDENCE,EVIDENCE
DEC-PLT-022,15; 33,EXP-ECO-015; EXP-ECO-018; EXP-ECO-019; EXP-PLAT-004; EXP-PLAT-005; EXP-PLAT-019,,,Y,6,platform,INSUFFICIENT_EVIDENCE,EVIDENCE
DEC-PLT-023,29; 33,EXP-CONF-004; EXP-ECO-019,,,Y,2,platform,INSUFFICIENT_EVIDENCE,EVIDENCE
DEC-PLT-024,15; 35,EXP-EVAL-006; EXP-EVAL-012; EXP-EVAL-013; EXP-PLAT-004; EXP-PLAT-022,,,Y,5,platform,INSUFFICIENT_EVIDENCE,EVIDENCE
DEC-PLT-025,15; 17; 34,EXP-EVAL-008; EXP-PLAT-004; EXP-PLAT-019,,,Y,3,platform,INSUFFICIENT_EVIDENCE,EVIDENCE
DEC-PLT-026,15; 21; 29,EXP-PLAT-008,"Restore order is decided by filesystem experiments with ACLs, setuid, ownership and read-only directories on ext4/XFS/btrfs/NTFS.","platform domain extraction and capture experiments (program §15, §16, §21: objective MVT-05 escape suite and race injection, MVT-07/MVT-08 restore matrices)",Y,1,platform,INSUFFICIENT_EVIDENCE,EVIDENCE
DEC-PLT-027,15; 17; 21,EXP-PLAT-012; EXP-PLAT-022,,,Y,2,platform,INSUFFICIENT_EVIDENCE,EVIDENCE
DEC-PLT-028,15; 16; 29,EXP-PLAT-002; EXP-PLAT-003; EXP-PLAT-021; EXP-PLAT-022; EXP-PLAT-023,LogicalPath-to-native-name mapping is decided by per-filesystem native path behaviour matrices and prevalence of hazard classes (Task 16).,"platform domain extraction and capture experiments (program §15, §16, §21: objective MVT-05 escape suite and race injection, MVT-07/MVT-08 restore matrices)",Y,5,platform,INSUFFICIENT_EVIDENCE,EVIDENCE
DEC-PLT-029,15; 21,EXP-PLAT-011; EXP-PLAT-016; EXP-PLAT-021; EXP-PLAT-022,,,Y,4,platform,INSUFFICIENT_EVIDENCE,EVIDENCE
DEC-PLT-030,15; 21; 31,EXP-ECO-001; EXP-PLAT-013; EXP-PLAT-016; EXP-PLAT-023,,,Y,4,platform,INSUFFICIENT_EVIDENCE,EVIDENCE
DEC-PLT-031,17; 20; 21,EXP-PLAT-012; EXP-PLAT-016; EXP-PLAT-022,,,Y,3,platform,INSUFFICIENT_EVIDENCE,EVIDENCE
DEC-PLT-032,15; 19; 21,EXP-PLAT-007; EXP-PLAT-024,,,Y,2,platform,INSUFFICIENT_EVIDENCE,EVIDENCE
DEC-PLT-033,15; 21,EXP-PLAT-003; EXP-PLAT-009; EXP-PLAT-013; EXP-PLAT-016,,,Y,4,platform,INSUFFICIENT_EVIDENCE,EVIDENCE
DEC-PLT-034,15; 29; 30,EXP-CONF-011; EXP-PLAT-014,,,Y,2,platform,INSUFFICIENT_EVIDENCE,EVIDENCE
DEC-PLT-035,15; 34; 35,EXP-EVAL-008; EXP-EVAL-012; EXP-EVAL-013; EXP-PLAT-004; EXP-PLAT-022; EXP-PLAT-023; EXP-PLAT-024,,,Y,7,platform,INSUFFICIENT_EVIDENCE,EVIDENCE
DEC-PLT-036,15; 21; 29,EXP-CONF-004; EXP-PLAT-011; EXP-PLAT-019; EXP-PLAT-021,,,Y,4,platform,INSUFFICIENT_EVIDENCE,EVIDENCE
DEC-PLT-037,15; 32,EXP-ECO-006; EXP-PLAT-016; EXP-PLAT-017; EXP-PLAT-023,,,Y,4,platform,INSUFFICIENT_EVIDENCE,EVIDENCE
DEC-PLT-038,15; 21; 29,EXP-CONF-004; EXP-PLAT-013; EXP-PLAT-019; EXP-PLAT-021; EXP-PLAT-023,,,Y,5,platform,INSUFFICIENT_EVIDENCE,EVIDENCE
DEC-PLT-039,15; 32; 35,EXP-EVAL-006; EXP-EVAL-012; EXP-PLAT-014,Safe-extraction claim wording depends on confinement-race evaluations owned by the platform domain and a claims review,Platform domain (section 15) and evaluation domain (section 35),Y,3,platform,INSUFFICIENT_EVIDENCE,EVIDENCE
DEC-PLT-040,15; 21; 31,EXP-ECO-001; EXP-PLAT-016; EXP-PLAT-022,,,Y,3,platform,INSUFFICIENT_EVIDENCE,PLATFORM
DEC-PLT-041,15; 29; 30,EXP-PLAT-003; EXP-PLAT-014; EXP-PLAT-015; EXP-PLAT-022,"Symlink-policy strength is decided by adversarial symlink-chain extraction against kernel resolution on ext4 and NTFS (APFS blocked) and compatibility cost; this is an extraction-confinement oracle (MVT-05), not a reader-conformance oracle.","platform domain extraction and capture experiments (program §15, §16, §21: objective MVT-05 escape suite and race injection, MVT-07/MVT-08 restore matrices)",Y,4,platform,INSUFFICIENT_EVIDENCE,EVIDENCE
DEC-PLT-042,21; 33,EXP-ECO-017; EXP-PLAT-013; EXP-PLAT-016; EXP-PLAT-020,,,Y,4,platform,INSUFFICIENT_EVIDENCE,EVIDENCE
DEC-PLT-043,15; 29; 33,EXP-ECO-016; EXP-ECO-019; EXP-PLAT-008,Special-bit stripping defaults are decided by root and non-root extraction matrices across incumbents and filesystem behaviour of chown and setuid.,"platform domain extraction and capture experiments (program §15, §16, §21: objective MVT-05 escape suite and race injection, MVT-07/MVT-08 restore matrices); usability parts per decision-method §4.16",Y,3,platform,INSUFFICIENT_EVIDENCE,EVIDENCE
DEC-PLT-044,15; 21,EXP-PLAT-016; EXP-PLAT-018; EXP-PLAT-023,,,Y,3,platform,INSUFFICIENT_EVIDENCE,EVIDENCE
DEC-PLT-045,15; 21; 29,EXP-CONF-007; EXP-PLAT-003; EXP-PLAT-010; EXP-PLAT-016; EXP-PLAT-022,,,Y,5,platform,INSUFFICIENT_EVIDENCE,EVIDENCE
DEC-PLT-046,15; 18; 34,EXP-EVAL-008; EXP-PLAT-003; EXP-PLAT-008; EXP-PLAT-009; EXP-PLAT-021; EXP-PLAT-024,,,Y,6,platform,INSUFFICIENT_EVIDENCE,EVIDENCE
DEC-PLT-047,21; 34,EXP-EVAL-008; EXP-PLAT-001; EXP-PLAT-014; EXP-PLAT-021; EXP-PLAT-022,,,Y,5,platform,INSUFFICIENT_EVIDENCE,EVIDENCE
DEC-PLT-048,15; 16; 29,EXP-PLAT-002; EXP-PLAT-003; EXP-PLAT-015; EXP-PLAT-021; EXP-PLAT-022; EXP-PLAT-023,"Collision-class detection is decided by per-filesystem collision behaviour (NTFS upcase, ext4 casefold, APFS blocked), false-positive/negative rates on corpora and detection cost.","platform domain extraction and capture experiments (program §15, §16, §21: objective MVT-05 escape suite and race injection, MVT-07/MVT-08 restore matrices)",Y,6,platform,INSUFFICIENT_EVIDENCE,EVIDENCE
DEC-PLT-049,15; 21; 34,EXP-EVAL-008; EXP-PLAT-004; EXP-PLAT-005; EXP-PLAT-006; EXP-PLAT-016; EXP-PLAT-022,,,Y,6,platform,INSUFFICIENT_EVIDENCE,EVIDENCE
DEC-PLT-050,15; 28; 29,EXP-CONF-001; EXP-CONF-004; EXP-CONF-012; EXP-PLAT-006; EXP-PLAT-021,,,Y,5,platform,INSUFFICIENT_EVIDENCE,EVIDENCE
DEC-PLT-051,15; 25; 29,EXP-LEGACY-002; EXP-LEGACY-010; EXP-LEGACY-051; EXP-PLAT-006,Timestamp precision classes are decided by granularity surveys across filesystems and legacy writers and diff false-change rates (platform and legacy measurements).,"platform domain extraction and capture experiments (program §15, §16, §21: objective MVT-05 escape suite and race injection, MVT-07/MVT-08 restore matrices) and legacy domain (program §25) writer surveys",Y,4,platform,INSUFFICIENT_EVIDENCE,EVIDENCE
DEC-PLT-052,15; 29,EXP-LEGACY-006; EXP-PLAT-008; EXP-PLAT-011,Trivial POSIX ACL handling is decided by Linux capture and restore observations and AUX churn frequency on real trees.,"platform domain extraction and capture experiments (program §15, §16, §21: objective MVT-05 escape suite and race injection, MVT-07/MVT-08 restore matrices)",Y,3,platform,INSUFFICIENT_EVIDENCE,EVIDENCE
DEC-PLT-053,28; 34,EXP-CONF-004; EXP-EVAL-008,,,Y,2,platform,INSUFFICIENT_EVIDENCE,EVIDENCE
DEC-PLT-054,15; 30,EXP-CONF-009; EXP-PLAT-011,,,Y,2,platform,INSUFFICIENT_EVIDENCE,EVIDENCE
DEC-PLT-055,15; 21,EXP-PLAT-004; EXP-PLAT-013; EXP-PLAT-016; EXP-PLAT-023,,,Y,4,platform,INSUFFICIENT_EVIDENCE,EVIDENCE
DEC-PLT-056,15; 21; 33,EXP-ECO-019; EXP-PLAT-013; EXP-PLAT-023,,,Y,3,platform,INSUFFICIENT_EVIDENCE,EVIDENCE
DEC-PLT-057,15; 19; 21,EXP-PLAT-013; EXP-PLAT-016; EXP-PLAT-023,,,Y,3,platform,INSUFFICIENT_EVIDENCE,EVIDENCE
DEC-PLT-058,15; 21; 33,EXP-PLAT-013; EXP-PLAT-023,Windows symlink type and privilege handling needs NTFS tests with Developer Mode states owned by the platform domain,"Platform domain (sections 15, 21)",Y,2,platform,INSUFFICIENT_EVIDENCE,EVIDENCE
DEC-PLT-059,16; 33,EXP-ECO-015; EXP-ECO-019; EXP-PLAT-002; EXP-PLAT-003,,,Y,4,platform,INSUFFICIENT_EVIDENCE,EVIDENCE
DEC-PLT-060,15; 17; 29,EXP-CONF-007; EXP-PLAT-003; EXP-PLAT-012; EXP-PLAT-021,,,Y,4,platform,INSUFFICIENT_EVIDENCE,EVIDENCE
DEC-PLT-061,15; 29,EXP-PLAT-008; EXP-PLAT-022,xattr namespace restoration filtering is decided by restore experiments as root and non-root and incumbent behaviour surveys (capture/extraction policy).,"platform domain extraction and capture experiments (program §15, §16, §21: objective MVT-05 escape suite and race injection, MVT-07/MVT-08 restore matrices)",Y,2,platform,INSUFFICIENT_EVIDENCE,EVIDENCE
DEC-PLT-062,15; 21; 34,EXP-EVAL-008; EXP-EVAL-013; EXP-PLAT-001; EXP-PLAT-005; EXP-PLAT-022; EXP-PLAT-023; EXP-PLAT-024; EXP-PLAT-025,,,Y,8,platform,INSUFFICIENT_EVIDENCE,EVIDENCE
