experiment_id,domain,status,title,program_sections,decision_ids,decision_count,platforms,compute_hours_estimate,disk_gb_estimate,requires_timing,runner_driven,runner_driven_declared,spec_files,tooling_to_build,blocked_reason,protocol_ok,spec_ok,source_index_file
EXP-CHUNK-001,chunking,READY,CDC algorithm screen at the frozen presets (single- and few-file items),8.1; 10; 11; 14; 22.2; 35,DEC-CMP-001; DEC-CMP-002,2,"wsl2-ubuntu-24.04-x86_64 (ext4, /root/eb-research)",10,2,False,True,,,research/experiments/EXP-CHUNK-001/analyze_screen.py,runnable now with a fresh ebr-chunk build and the checked-in screen_item.py; tuning screen only (not decision-grade until G-A/G-B),True,True,chunking.jsonl
EXP-CHUNK-002,chunking,NEEDS_TOOLING,Tree-level CDC construction and size-grid screen,8.1; 9; 10; 11; 14; 22.2; 35,DEC-CMP-001; DEC-CMP-002; DEC-CMP-003; DEC-MOD-039,4,"wsl2-ubuntu-24.04-x86_64 (ext4, /root/eb-research)",50,30,False,True,,,"ebr-chunk tree-dedup subcommand; ebr-chunk algorithms gear_spread.rs, seqcdc.rs, vram_scalar.rs, chonkers.rs; arbitrary min/target/max support in Algorithm::from_options; research/experiments/EXP-CHUNK-002/incumbent-presets.json (cited upstream parameters); research/experiments/EXP-CHUNK-002/analyze_stage.py; research/experiments/EXP-CHUNK-002/make_stage_b_spec.py","needs ebr-chunk tree-dedup, arbitrary sizes, new algorithm modules (gear-spread NC-1..3, SeqCDC, VRAM scalar, Chonkers), cited incumbent presets; decision-grade analysis additionally needs gate G-A (constraint crosswalk, ledger schema v2, look registry) and G-B (research/tools/decide, workload-mix.json, frozen held-out lock)",True,True,chunking.jsonl
EXP-CHUNK-003,chunking,NEEDS_TOOLING,Boundary stability and update locality under edits and real versions,8.1; 8.2; 10; 11; 13; 14; 22.2; 22.3; 23; 35,DEC-CMP-001; DEC-CMP-002; DEC-CMP-017,3,"wsl2-ubuntu-24.04-x86_64 (ext4, /root/eb-research)",60,10,False,True,,,ebr-chunk edit-sweep subcommand; research/experiments/EXP-CHUNK-003/make_pairing.py + committed pairing/*.json; research/experiments/EXP-CHUNK-003/analyze_edits.py,"needs ebr-chunk edit-sweep (local re-chunking with verification), version pairing manifests, EXP-CHUNK-002 algorithms; decision-grade analysis additionally needs gate G-A (constraint crosswalk, ledger schema v2, look registry) and G-B (research/tools/decide, workload-mix.json, frozen held-out lock)",True,True,chunking.jsonl
EXP-CHUNK-004,chunking,NEEDS_TOOLING,End-to-end archive cost of chunking constructions and size policies (anchor; validation look and held-out placeholder),8.1; 8.2; 9; 10; 11; 13; 14; 22.2; 22.3; 23; 35,DEC-CMP-001; DEC-CMP-002; DEC-CMP-003; DEC-CMP-004; DEC-CMP-017; DEC-MOD-039; DEC-ACC-029,7,"wsl2-ubuntu-24.04-x86_64 (ext4, /root/eb-research)",325,135,False,True,,,research-internals entrybound::research::archive::plan_directory_with_ranges (+ per-object range selector) with internals-identity-check PASS; ebr-cdcpack binary (ebr-pack crate); research/experiments/EXP-CHUNK-004/roundtrip_eb.py; research/experiments/EXP-CHUNK-004/fixed_overhead_refs.py; research/experiments/EXP-CHUNK-004/make_arm_specs.py; research/tools/decide (decision-method section 14 item 2); research/methods/workload-mix.json (section 14 item 13); research/decisions/validation-looks.jsonl (section 14 item 14); cost-tier scripts (section 14 item 7),"needs research-internals plan_directory_with_ranges (default-off, identity re-proof), ebr-cdcpack, roundtrip_eb.py, fixed_overhead_refs.py, make_arm_specs.py; DEC-CMP-002 cannot become DECIDED before DEC-CMP-035 fixes profile bounds; decision-grade analysis additionally needs gate G-A (constraint crosswalk, ledger schema v2, look registry) and G-B (research/tools/decide, workload-mix.json, frozen held-out lock)",True,True,chunking.jsonl
EXP-CHUNK-005,chunking,NEEDS_TOOLING,"Chunking selection rule, parameter granularity and categoriser",8.1; 9; 10; 11; 22.2,DEC-CMP-003; DEC-CMP-004; DEC-MOD-039; DEC-CMP-002,4,"wsl2-ubuntu-24.04-x86_64 (ext4, /root/eb-research)",362,10,False,True,,,"ebr-cdcpack --selection/--granularity modes and selection traces; ebr-chunk categorise (c1-magic-entropy-v0, c2-dwarfs-like-v0); research/experiments/EXP-CHUNK-005/fit_constants.py; research/experiments/EXP-CHUNK-005/make_stream_pass_spec.py; research/experiments/EXP-CHUNK-005/make_categoriser_spec.py","needs ebr-cdcpack selection/granularity modes, per-object range selector, categorisers C1/C2, fit_constants.py and size-sets.json from EXP-CHUNK-004; decision-grade analysis additionally needs gate G-A (constraint crosswalk, ledger schema v2, look registry) and G-B (research/tools/decide, workload-mix.json, frozen held-out lock)",True,True,chunking.jsonl
EXP-CHUNK-006,chunking,NEEDS_TOOLING,"Keyed boundary modes under encryption: HC-14 screen, dedup, locality and encrypted size",8.1; 8.2; 13; 14; 22.2; 22.3; 22.5; 23; 33; 35,DEC-CRY-023; DEC-CMP-001; DEC-CRY-025; DEC-CMP-017,4,"wsl2-ubuntu-24.04-x86_64 (ext4, /root/eb-research)",345,20,False,True,,,"ebr-chunk --boundary-mode/--key-count (tree-dedup, edit-sweep); ebr-chunk mvt14e subcommand; ebr-pack --chunk-boundary default|keyed-prf and --pad bucketed|none|max; research/experiments/EXP-CHUNK-006/make_specs.py; research/experiments/EXP-CHUNK-006/padding_model.py","needs keyed modes in ebr-chunk, ebr-chunk mvt14e, ebr-pack --chunk-boundary/--pad, padding model; leakage metrics owned by crypto domain; security of new keyed constructions EXPERT_REVIEW_REQUIRED; decision-grade analysis additionally needs gate G-A (constraint crosswalk, ledger schema v2, look registry) and G-B (research/tools/decide, workload-mix.json, frozen held-out lock)",True,True,chunking.jsonl
EXP-CHUNK-007,chunking,NEEDS_TOOLING,"Deduplication scope: net benefit, break-even, windows and extraction cost",8.1; 8.2; 9; 13; 22.3; 22.5; 23; 35,DEC-CMP-017; DEC-CRY-025; DEC-ACC-029,3,"wsl2-ubuntu-24.04-x86_64 (ext4, /root/eb-research) (privileged: read-only loop mounts)",66,5,False,True,,,research/experiments/EXP-CHUNK-007/scope_model.py; ebr-chunk tree-dedup --scope concatenated|concatenated-forced-file-cuts; ebr-codec aggregate compression mode; research/experiments/EXP-CHUNK-007/xattr_census.py; ebr-chunk dedup-index-probe + ebr-common counting allocator; research/experiments/EXP-CHUNK-007/make_index_memory_spec.py; research/experiments/EXP-CHUNK-007/incumbent_strata.py,"needs scope_model.py over EXP-CHUNK-004 occurrence tables, concatenated-scope chunking, aggregate compression mode, xattr census (read-only loop mounts as WSL root), counting allocator (section 14 item 17); modelled winners must be implemented before freeze; decision-grade analysis additionally needs gate G-A (constraint crosswalk, ledger schema v2, look registry) and G-B (research/tools/decide, workload-mix.json, frozen held-out lock)",True,True,chunking.jsonl
EXP-CHUNK-008,chunking,NEEDS_TOOLING,"Chunking throughput, pack CPU and pack memory (timing campaign)",8.1; 9; 10; 11; 14; 22.2; 33; 35,DEC-CMP-001; DEC-CMP-002; DEC-CMP-003; DEC-CMP-004; DEC-CRY-023,5,"windows-11-host-x86_64 (NTFS, non-admin) st-p/st-e; wsl2-ubuntu-24.04-x86_64 (ext4, /root/eb-research) st-v (VIRTUALIZED)",415,10,True,True,,,ebr-chunk throughput subcommand; gear-norm-v1-copy algorithm module; soft-AES build profile (RUSTFLAGS --cfg aes_force_soft) with backend verification; ebr-cdcpack in-process phase timers + scoped memory; research/experiments/EXP-CHUNK-008/precision_step.py; research/experiments/EXP-CHUNK-008/make_specs.py; runner additions (decision-method section 14 item 3); calibration experiments (section 4.7),"needs ebr-chunk throughput, gear-norm-v1-copy codegen control, soft-AES build, ebr-cdcpack phase timers and counting allocator; decision-grade timing needs runner additions (section 14 item 3) and calibration EXP-CAL-*-<env> (section 4.7); exclusive quiet timing windows; decision-grade analysis additionally needs gate G-A (constraint crosswalk, ledger schema v2, look registry) and G-B (research/tools/decide, workload-mix.json, frozen held-out lock)",True,True,chunking.jsonl
EXP-CHUNK-009,chunking,NEEDS_TOOLING,Local and remote access cost by chunk size policy,8.1; 8.2; 10; 11; 13; 14; 22.2; 22.3; 23; 35,DEC-CMP-002; DEC-CMP-001; DEC-CMP-017,3,"wsl2-ubuntu-24.04-x86_64 (ext4, /root/eb-research) (loopback origin; application-level netem); windows-11-host-x86_64 (NTFS, non-admin) st-p (timing arm)",140,3,True,True,,,"ebr-access --mode archive (--archive-path, --source-kind http-spawn-origin, --verified-range, --batch-ops, --request-log-out, --latency-model, --connection-model); section 4.15 latency model module (shared with remote domain); research/raw/EXP-NETEM-CAL/connection-model.json; research/experiments/EXP-CHUNK-009/make_specs.py","needs ebr-access --mode archive with spawned loopback origin and request logs, section 4.15 latency model, EXP-NETEM-CAL connection model regenerated in a quiet window; timing arm needs runner additions and calibration; emulator lacks slow start (R1-14); decision-grade analysis additionally needs gate G-A (constraint crosswalk, ledger schema v2, look registry) and G-B (research/tools/decide, workload-mix.json, frozen held-out lock)",True,True,chunking.jsonl
EXP-CHUNK-010,chunking,NEEDS_TOOLING,"Chunking x reconstruction: stream containment, stream-aligned chunking and region conflicts",8.1; 8.2; 8.3; 8.8; 9,DEC-CMP-042; DEC-CMP-039,2,"wsl2-ubuntu-24.04-x86_64 (ext4, /root/eb-research)",105,4,False,True,,,ebr-chunk stream-containment subcommand; ebr-cdcpack --align; ebr-planner region-order; research/experiments/EXP-CHUNK-010/gen_photo_library.py; research/experiments/EXP-CHUNK-010/make_specs.py,"needs ebr-chunk stream-containment (detectors, forced cuts, reconstruction probe), ebr-cdcpack --align, ebr-planner region-order, generated photo-library item (jpegtran from libjpeg-turbo-progs); decision-grade analysis additionally needs gate G-A (constraint crosswalk, ledger schema v2, look registry) and G-B (research/tools/decide, workload-mix.json, frozen held-out lock)",True,True,chunking.jsonl
EXP-CHUNK-011,chunking,READY,chunker_id producer audit and pack/replan identity,8.1; 10; 22.2; 28; 29; 34,DEC-MOD-008; DEC-CMP-005; DEC-MOD-039,3,"wsl2-ubuntu-24.04-x86_64 (ext4, /root/eb-research); windows-11-host-x86_64 (NTFS, non-admin) (PCR/chunker_id replication)",10,5,False,True,,,research/experiments/EXP-CHUNK-011/cell_table.py,runnable now with production ebound and harness ebr-pack builds plus checked-in audit_item.py (feasibility smoke results disclosed in protocol); binary HC test,True,True,chunking.jsonl
EXP-CHUNK-012,chunking,NEEDS_TOOLING,"Chunker conformance: vectors, clean-room reimplementation, streaming and cross-host identity, chunker_id grammar, PCR binding",8.1; 9; 10; 13; 14; 22.2; 28; 29; 33; 35,DEC-CMP-005; DEC-CMP-001; DEC-MOD-039; DEC-ACC-029; DEC-CRY-023,5,"wsl2-ubuntu-24.04-x86_64 (ext4, /root/eb-research); windows-11-host-x86_64 (NTFS, non-admin); wsl nightly-2026-08-01 cargo-fuzz",52,2,False,True,,,ebr-chunk stream-identity; ebr-chunk vectors; ebr-chunk chunker-id-parse + fuzz_chunker_id_parse; ebr-cdcpack --chunker-id-override + override_archives.py; research/experiments/EXP-CHUNK-012/cleanroom_differential.py; research/experiments/EXP-CHUNK-012/pcr_census.py; research/experiments/EXP-CHUNK-012/pcr_binding_counterexample.py; research/independent-reader/chunker-cleanroom (independent session),"needs ebr-chunk stream-identity/vectors/chunker-id-parse, ebr-cdcpack --chunker-id-override, cargo-fuzz target, Windows build, PCR census scripts and an independent clean-room session (this design session read chunker.rs); final HC-12 assurance EXTERNAL_REVIEW_REQUIRED",True,True,chunking.jsonl
EXP-CHUNK-013,chunking,BLOCKED,Cross-architecture boundary identity and ARM64 chunking throughput,8.1; 14; 22.2; 28; 29; 33; 35,DEC-CMP-001; DEC-CMP-005; DEC-CRY-023,3,linux-aarch64-native (PLATFORM_BLOCKED); qemu-arm64 emulated (Docker unavailable; qemu-user-static route),140,5,True,True,,,aarch64 cross-build recipe + qemu-aarch64-static wrapper (make_specs.py --arm qemu); ebr-chunk throughput --accel scalar|simd-neon|hw-aes|soft-aes; research/experiments/EXP-CHUNK-013/compare_isa.py,(1) native ARM64 hardware PLATFORM_BLOCKED (no local ARM64; hosted runners declined); (2) QEMU arm64 emulation unavailable because Docker Desktop fails to start (stale AF_UNIX socket error 1920) - unblock route: qemu-user-static + aarch64 cross-build in WSL; (3) SIMD/VectorCDC accelerated path cannot be built under unsafe_code=forbid on stable Rust - needs owner decision for a research-only unsafe crate or nightly portable_simd,True,True,chunking.jsonl
EXP-CHUNK-014,chunking,NEEDS_TOOLING,Sparse files and zero runs: hole representation,8.1; 10; 11; 13; 15,DEC-MOD-026; DEC-CMP-002,2,"wsl2-ubuntu-24.04-x86_64 (ext4, /root/eb-research)",42,8,True,True,,,research/experiments/EXP-CHUNK-014/sparse_model.py; research/experiments/EXP-CHUNK-014/gen_sparse_probe.py; research/experiments/EXP-CHUNK-014/make_specs.py; ebr-unpack --sparse logical|restore flag + phase timers,"needs sparse_model.py with fadvise-cold SEEK_HOLE census, generated 8 GiB sparse probe, EXP-CHUNK-004 SQ occurrence tables, ebr-unpack --sparse flag and timing infrastructure; corpus supports only a sparse-family scope (minimum support); hole restore fidelity per platform owned by platform domain; decision-grade analysis additionally needs gate G-A (constraint crosswalk, ledger schema v2, look registry) and G-B (research/tools/decide, workload-mix.json, frozen held-out lock)",True,True,chunking.jsonl
EXP-CODEC-001,codecs,NEEDS_TOOLING,"Chunk-scope codec portfolio: size screen and exact portfolio cost (baseline sets, extended additions, zstd windows)",8.6; 10; 28; 31; 34,DEC-CMP-008; DEC-CMP-009; DEC-CMP-045,3,"wsl2-ubuntu-24.04-x86_64 (ext4, /root/eb-research)",180,30,False,True,,,"ebr-codec chunk-matrix extensions (--universe, --production-chunking object, --chunk-sample-bytes/--chunk-sample-seed, --detail-out, --summary-stdout, matrix_digest_sha256); ebr-codec external configurations: libdeflater, zopfli, libbsc C shim (research/harness/shims/bsc), brotli large-window, zstd explicit window_log series and negative levels, raw LZMA2 lc/lp/pb and extreme; research/tools/codecs/whole_object_cli.py (paq8px, zpaq, flac, fpzip, OpenZL zli); ebr-codec/src/typed.rs typed-layout extractor + pcodec; ebr-planner portfolio subcommand (CC-6 PCM with exact real-encode reconciliation); research/experiments/EXP-CODEC-001/screen.py; configs/typed-layouts.json and configs/derived-inputs.lock.json","needs ebr-codec chunk-matrix --universe/--production-chunking/--chunk-sample/--detail-out/--summary-stdout, new external codec configurations (libdeflate, zopfli, libbsc shim, brotli large-window, zstd window series), whole-object CLI runner (paq8px, zpaq, flac, fpzip, OpenZL), typed-layout extractor, ebr-planner portfolio (Chunk-stage portfolio cost model with exact reconciliation), screen.py; the stale harness release binary must be rebuilt (CC-1); decision-grade analysis additionally needs gate G-A (constraint crosswalk, ledger schema v2 hc_ids/od_ids/decision_type, validation-look registry) and G-B (research/tools/decide, workload-mix.json, frozen held-out lock)",True,True,codecs.jsonl
EXP-CODEC-002,codecs,NEEDS_TOOLING,"In-process encode/decode throughput of codec, transform and C-reference decoder configurations at chunk scope (WSL st-v and Windows st-p)",8.6; 8.7; 10; 28; 30; 31; 34,DEC-CMP-008; DEC-CMP-009; DEC-CMP-045; DEC-CMP-043; DEC-CMP-007,5,"wsl2-ubuntu-24.04-x86_64 (ext4, /root/eb-research); windows-11-x86_64-host (non-admin, NTFS)",150,8,True,True,,,"ebr-codec prepare-batches; ebr-codec bench (in-process batch timers, per-thread CPU, post-timing round-trip); ebr-codec external decoders: liblz4 block decode, liblzma raw LZMA2 decode (byte-identity check before timing); research/experiments/EXP-CODEC-002/make_candidates.py; decision-method 14 item 3 runner additions (shared); decision-method 4.7 calibration EXP-CAL-*-wsl-ubuntu and EXP-CAL-*-windows-host (shared)","needs ebr-codec prepare-batches and bench subcommands, liblzma raw LZMA2 decode binding, make_candidates.py; timing additionally needs decision-method 14 item 3 runner additions (adaptive rounds, cooldown, drift canary, host-side sampler; Windows power-throttling opt-out, PDH frequency covariate, SMT sibling check) and item 4 calibration (EXP-CAL-AA/AAP/KE/BG per environment); decision-grade analysis additionally needs gate G-A (constraint crosswalk, ledger schema v2 hc_ids/od_ids/decision_type, validation-look registry) and G-B (research/tools/decide, workload-mix.json, frozen held-out lock)",True,True,codecs.jsonl
EXP-CODEC-003,codecs,NEEDS_TOOLING,"Codec decoder memory: allocator-exact peaks per configuration, declared-requirement tightness and large-window refusals",8.5; 8.6; 8.7; 8.8; 10; 11; 28; 29; 31; 34,DEC-CMP-045; DEC-CMP-008; DEC-CMP-009; DEC-CMP-043; DEC-CON-004,5,"wsl2-ubuntu-24.04-x86_64 (ext4, /root/eb-research); windows-11-x86_64-host (non-admin, NTFS) (attribution cross-check, informational)",9,4,False,True,,,"research/harness/crates/ebr-alloc (shared with EXP-CONF-007); ebr-codec decode-memory subcommand (harness-alloc build); research/experiments/EXP-CODEC-003/window_frames.sh + window-v1.lock.json; research/experiments/EXP-CODEC-003/window_refusals.sh (zstd CLI, python-zstandard, libzstd default, ruzstd, production decode_payload)","needs the ebr-alloc counting allocator with allocation-site attribution (decision-method 14 item 17; shared with EXP-CONF-007), ebr-codec decode-memory, window_frames.sh and window_refusals.sh; decision-grade analysis additionally needs gate G-A (constraint crosswalk, ledger schema v2 hc_ids/od_ids/decision_type, validation-look registry) and G-B (research/tools/decide, workload-mix.json, frozen held-out lock)",True,True,codecs.jsonl
EXP-CODEC-004,codecs,NEEDS_TOOLING,"Structural transforms: gain per data class, false-positive cost and applicability-gate accuracy (BCJ family, delta distance, float split, stream split, combinations)",8.7,DEC-CMP-043,1,"wsl2-ubuntu-24.04-x86_64 (ext4, /root/eb-research)",290,16,False,True,,,"ebr-codec/src/transform.rs additions (float_field_split, delta_distance, BCJ family ports, pipeline runner); ebr-codec/src/applicability.rs (architecture and dtype signatures, frozen-probe adapter); ebr-codec transform-matrix and applicability-cost subcommands; ebr-planner portfolio --transform-set/--applicability; research/experiments/EXP-CODEC-004/gen_adversarial.py + lock file + adversarial-manifest.json; research/experiments/EXP-CODEC-004/screen.py","needs harness transforms (float split, delta distance, BCJ ARM32/Thumb/PPC/SPARC/IA-64, multi-step pipelines) with exhaustive tail-length tests and identity controls, applicability rules, ebr-codec transform-matrix and applicability-cost, ebr-planner portfolio --transform-set/--applicability, gen_adversarial.py, screen.py; decision-grade analysis additionally needs gate G-A (constraint crosswalk, ledger schema v2 hc_ids/od_ids/decision_type, validation-look registry) and G-B (research/tools/decide, workload-mix.json, frozen held-out lock)",True,True,codecs.jsonl
EXP-CODEC-005,codecs,NEEDS_TOOLING,"Codec and transform admission-criteria census: specification independence, test vectors, bound formulas, decoder size, float/VM dependence, incident and CVE history, registry governance",8.6; 8.7; 10; 24; 28; 30; 31; 34,DEC-CMP-008; DEC-CMP-009; DEC-CMP-010; DEC-CMP-043; DEC-CMP-044; DEC-INT-008,6,"wsl2-ubuntu-24.04-x86_64 (ext4, /root/eb-research) (network at retrieval time only); external review (specification independence, licence interpretation)",2,8,False,False,,,research/tools/codecs/census/fetch_sources.py; research/tools/codecs/census/loc_census.py (+ decoder-file-lists.json); research/tools/codecs/census/float_vm_audit.py; research/tools/codecs/census/cve_census.py; research/tools/codecs/census/incident_census.py (+ incident-repos.json); research/tools/codecs/census/registry_census.py; research/tools/codecs/census/build_matrix.py; research/experiments/EXP-CODEC-005/external-review-dossier.md,"needs research/tools/codecs/census scripts (fetch_sources, loc_census, float_vm_audit, cve_census, incident_census, registry_census, build_matrix) and two independent classifier sessions plus an adjudicator; specification-independence assurance and unusual licences are EXTERNAL_REVIEW_REQUIRED (no external reviewers available; dossier prepared)",True,True,codecs.jsonl
EXP-CODEC-006,codecs,NEEDS_TOOLING,Write-time verification scope: fault-injection detection and pack-time cost,8.7; 24,DEC-CMP-044; DEC-CMP-043,2,"wsl2-ubuntu-24.04-x86_64 (ext4, /root/eb-research); windows-11-x86_64-host (non-admin, NTFS)",225,11,True,True,,,ebr-pack --verify-scope status-quo|transformed|all|sampled:<q>|post-write --timing-mode in-process --sink memory; ebr-pack --inject-fault FM1..FM5 --fault-seed --fault-count --classify-outcome; research/experiments/EXP-CODEC-006/check_detection.py; decision-method 14 item 3 runner additions and 4.7 calibration (shared),"needs harness-only ebr-pack --verify-scope, --inject-fault/--classify-outcome, in-process timing mode with memory sink, check_detection.py; timing additionally needs decision-method 14 item 3 runner additions (adaptive rounds, cooldown, drift canary, host-side sampler; Windows power-throttling opt-out, PDH frequency covariate, SMT sibling check) and item 4 calibration (EXP-CAL-AA/AAP/KE/BG per environment); decision-grade analysis additionally needs gate G-A (constraint crosswalk, ledger schema v2 hc_ids/od_ids/decision_type, validation-look registry) and G-B (research/tools/decide, workload-mix.json, frozen held-out lock); the selection additionally depends on a SPEC clarification of the I31/T2 verification scope (REQ-CMP-0150)",True,True,codecs.jsonl
EXP-CODEC-007,codecs,NEEDS_TOOLING,"Canonical single-frame rule and STREAM stored-bytes checks: benign false refusals, size and CPU overhead, hostile-frame refusal cost",8.6; 24; 30,DEC-INT-008,1,"wsl2-ubuntu-24.04-x86_64 (ext4, /root/eb-research)",137,31,True,True,,,ebr-codec single-frame-check; ebr-pack --stream-digest-overhead none|crc32c|blake3|sha256 (in-process timing); ebr-codec stream-refusal (harness-alloc build); research/experiments/EXP-CODEC-007/gen_stream_hostile.py + lock file + stream-hostile-manifest.json; /root/eb-research/target/production ebound build (CC-2),"needs ebr-codec single-frame-check and stream-refusal, ebr-pack --stream-digest-overhead, gen_stream_hostile.py, production ebound build (CC-2), ebr-alloc build; timing additionally needs decision-method 14 item 3 runner additions (adaptive rounds, cooldown, drift canary, host-side sampler; Windows power-throttling opt-out, PDH frequency covariate, SMT sibling check) and item 4 calibration (EXP-CAL-AA/AAP/KE/BG per environment); decision-grade analysis additionally needs gate G-A (constraint crosswalk, ledger schema v2 hc_ids/od_ids/decision_type, validation-look registry) and G-B (research/tools/decide, workload-mix.json, frozen held-out lock)",True,True,codecs.jsonl
EXP-CODEC-008,codecs,NEEDS_TOOLING,"Legacy export wrapper codec parameters: level ladders, seekable and multi-block variants, reader acceptance and memory, cross-host byte identity",6; 7; 8.6; 27,DEC-LEG-027; DEC-CMP-024,2,"wsl2-ubuntu-24.04-x86_64 (ext4, /root/eb-research); windows-11-x86_64-host (non-admin, NTFS) (identity arm, Java readers)",180,66,True,True,,,ebr-codec export-ladder subcommand; research/experiments/EXP-CODEC-008/prepare_exports.sh; research/experiments/EXP-CODEC-008/read_variant.sh; research/experiments/EXP-CODEC-008/identity_windows.ps1; research/experiments/EXP-CODEC-008/spec-timing-large.yaml (derived),"needs ebr-codec export-ladder (production encoder crates, --variant members/blocks/seekable/bgzf, frozen identity gate, reference-reader timing), prepare_exports.sh, read_variant.sh, identity_windows.ps1, pinned python-zstandard and htslib bgzip; timing additionally needs decision-method 14 item 3 runner additions (adaptive rounds, cooldown, drift canary, host-side sampler; Windows power-throttling opt-out, PDH frequency covariate, SMT sibling check) and item 4 calibration (EXP-CAL-AA/AAP/KE/BG per environment) (timing arm only); decision-grade analysis additionally needs gate G-A (constraint crosswalk, ledger schema v2 hc_ids/od_ids/decision_type, validation-look registry) and G-B (research/tools/decide, workload-mix.json, frozen held-out lock)",True,True,codecs.jsonl
EXP-CODEC-009,codecs,BLOCKED,Native ARM64 codec and transform throughput (EXP-CODEC-002 arm on native aarch64),8.6; 8.7; 10; 28; 30; 31; 34,DEC-CMP-008; DEC-CMP-009; DEC-CMP-045; DEC-CMP-043; DEC-CMP-007,5,"native Linux aarch64 (required, unavailable); native macOS arm64 (optional, unavailable)",65,7,True,True,,,aarch64 cross-build of the EXP-CODEC-002 harness tooling; environment fingerprint and calibration EXP-CAL-*-arm64-native on the future host,PLATFORM_BLOCKED: no native ARM64 host (Linux aarch64 or macOS on Apple Silicon); hosted runners declined by the program owner (PROGRESS 2026-09-12); QEMU/Docker emulation is not admissible for timing (decision-method 4.1) and Docker is currently unavailable,True,True,codecs.jsonl
EXP-CON-001,container,NEEDS_TOOLING,Manifest representation and canonical record encoding at 1e3 to 1e7 entries,11; 7; 12; 13,DEC-CON-018; DEC-CON-028; DEC-MOD-006; DEC-MOD-047; DEC-MOD-004; DEC-ACC-018; DEC-CON-002,7,linux-x86_64 (WSL2 ext4); windows-x86_64 (timing replicate and hash cross-check),90,120,True,True,,,"ebr-container crate: ebr-eamgen (fit, model), ebr-manifest-repr; ebr_common::alloc counting allocator (CT-2, decision-method §14 item 17); research/tools/container/pack_cache.sh; research/tools/container/derive_spec.py; research/tools/container/fingerprint_generated.py; EXP-CON-001/representations.md byte-level definitions; decision tooling (§14 item 2)",,True,True,container.jsonl
EXP-CON-002,container,NEEDS_TOOLING,Index data structure and validation granularity at 1e3 to 1e7 Chunks,11; 12; 13,DEC-CON-015; DEC-ACC-019; DEC-CMP-002; DEC-ACC-018; DEC-CON-002,5,linux-x86_64 (WSL2 ext4); windows-x86_64 (timing replicate),75,150,True,True,,,ebr-container crate: ebr-index-repr (with --hostile-suite); ebr-eamgen models (shared with EXP-CON-001); CT-2 counting allocator; research/tools/container/pack_cache.sh; research/tools/container/derive_spec.py; EXP-CON-002/representations.md; decision tooling (§14 item 2),,True,True,container.jsonl
EXP-CON-003,container,NEEDS_TOOLING,"Merkle outboard layouts, tree construction and verified range proofs at scale",11; 12; 24,DEC-CON-020; DEC-INT-029; DEC-ACC-024; DEC-MOD-034; DEC-MOD-007; DEC-INT-024; DEC-INT-025,7,"linux-x86_64 (WSL2 ext4); windows-x86_64 (timing replicate); external cryptographic review (construction soundness sign-off, dossier)",110,30,True,True,,,"ebr-container crate: ebr-outboard (measure, formula, search, vectors); research/tools/container/merkle_ref.py (independent second implementation, different author); CT-2 counting allocator; research/tools/container/pack_cache.sh; research/tools/container/derive_spec.py; EXP-CON-003/representations.md; decision tooling (§14 item 2)",,True,True,container.jsonl
EXP-CON-004,container,NEEDS_TOOLING,Native ECF versus retrofit containers: capability-gap battery,11; 3; 6; 32; 34,DEC-CON-022; DEC-CON-002,2,linux-x86_64 (WSL2 ext4),22,30,False,True,,,"research/tools/container/retrofit/build_container.sh; research/tools/container/retrofit/capability_battery.py; research/tools/container/retrofit/{zstd_chunked,estargz,zip_digest_extra}.py (builders and prototype readers); research/tools/container/retrofit/FORMATS.md (primary-source citations)",,True,True,container.jsonl
EXP-CON-005,container,NEEDS_TOOLING,Production startup latency and parser memory at scale; bootstrap-policy scale limits,11; 13,DEC-CON-018; DEC-CON-015; DEC-CON-028; DEC-CON-006; DEC-CON-002,5,"linux-x86_64 (WSL2 ext4, cgroup memory cap); windows-x86_64 (NTFS, non-admin)",120,60,True,True,,,"ebr-container crate: ebr-openers (--mode bench, --policy); ebr-eamgen tree; CT-2 counting allocator; research/tools/container/pack_cache.sh and pack_cache.ps1; research/tools/container/scale_probe.sh; research/tools/container/materialize_generated.py; runner additions and calibration for timing (§14 items 3-4)",,True,True,container.jsonl
EXP-CON-006,container,NEEDS_TOOLING,"Default resource budgets from ecosystem populations, and allocation-path coverage of the budget fields",11; 5; 7; 15; 25; 27; 30,DEC-CON-006; DEC-CON-001,2,linux-x86_64 (WSL2; network for public population metadata downloads),5,3,False,False,,,research/tools/container/budgets/fetch_populations.sh; population_stats.py; metadata_bytes_model.py; policy_curves.py; alloc_audit.py; ebr-alloc-audit (harness helper using pinned syn); EXP-CON-006/candidate-rules.json and populations.json,,True,True,container.jsonl
EXP-CON-007,container,READY,"Feature-bit tier census (encrypted, conversion, Windows host) and minimal-reader acceptance under tier policies",11; 15; 34,DEC-CON-010; DEC-MOD-024,2,"linux-x86_64 (WSL2 ext4); windows-x86_64 (NTFS copies, non-admin)",45,20,False,True,,,"analysis-time only: research/tools/container/feature_tier_analysis.py and EXP-CON-007/bit-semantics.md (FORMAL table, two sessions); execution needs only existing ebound, ebr-inspect-bytes, ebr-pack, jq and the committed census_row.sh/.ps1 and stage_ntfs_copies.ps1",,True,True,container.jsonl
EXP-CON-008,container,NEEDS_TOOLING,Container format-revision justification: synthesis rule and migration-cost inventory,11; 28; 34,DEC-CON-002; DEC-CON-012,2,any host with Python 3.12 and the repository,1,0.1,False,False,,,research/tools/container/revision/binding_inventory.py; research/tools/container/revision/revision_synthesis.py; EXP-CON-008/synthesis-rule.json and inputs.json; decision tooling (§14 item 2); cost-accounting scripts C1-C3 (§14 item 7),,True,True,container.jsonl
EXP-CON-009,container,BLOCKED,"Native ARM64 low-memory devices: startup latency, parser memory and default decoder ceilings",11; 13; 17,DEC-CON-005; DEC-CON-018; DEC-CON-015,3,linux-aarch64 native (missing),80,40,True,True,,,research/tools/container/arm64_probe.sh; native aarch64 ebound-prod build; device environment capture and calibration EXP-CAL-*-<device>,"PLATFORM_BLOCKED: no native ARM64 hardware (2 GiB and 4 GiB RAM Linux arm64 devices with root, Ubuntu 24.04, Rust 1.98.1); QEMU arm64 is EMULATED and invalid for memory and timing",True,True,container.jsonl
EXP-CON-010,container,BLOCKED,Platform identification of .eb files on macOS and in web browsers,11; 32,DEC-CON-021; DEC-CON-019; DEC-CON-017,3,macOS (missing); headless Chromium and Firefox with automation (missing),4,0.1,False,False,,,research/tools/container/platform-ident/macos_probe.sh; test UTI app bundle; research/tools/container/platform-ident/browser_probe.py; EXP-CON-010/test-files.json,"PLATFORM_BLOCKED: macOS host unavailable (Launch Services, UTI, mdls, Quick Look); no browser automation environment (Chromium is snap-only in WSL Ubuntu 24.04, no automatable browser on the host)",True,True,container.jsonl
EXP-CONF-001,conformance,NEEDS_TOOLING,"Clean-room independent minimal reader built from the written specification, with provenance control and ambiguity log",28; 29; 31,DEC-ECO-032; DEC-ECO-038; DEC-CMP-008; DEC-CMP-038; DEC-CON-002; DEC-CON-003; DEC-CON-012; DEC-CON-018; DEC-CON-026; DEC-CON-029; DEC-CON-030; DEC-CRY-020; DEC-CRY-047; DEC-ECO-012; DEC-ECO-045; DEC-INT-030; DEC-INT-042; DEC-LEG-003; DEC-LEG-004; DEC-LEG-034; DEC-MOD-003; DEC-MOD-004; DEC-MOD-006; DEC-MOD-018; DEC-MOD-042; DEC-PLT-015; DEC-PLT-050,27,linux-x86_64 (WSL2 Ubuntu 24.04),3,3,False,False,,,"research/independent-reader/cleanroom/make_cleanroom.sh (clean-room snapshot from git archive + hash-verified SPEC copy); research/independent-reader/cleanroom/run_builder.sh (strace file-access log per build/test command); research/independent-reader/cleanroom/audit_transcripts.py (forbidden path/URL scan of builder transcripts); research/independent-reader/tools/validate_ambiguity_log.py (schema ebr.ambiguity.v1); research/independent-reader/tools/{count_loc.sh (tokei 12.1.2, cloc), binary_size.sh, deps_audit.py, ambiguity_stats.py}; ebir: independent Go reader (research/independent-reader/go), built by clean-room agent sessions as the experiment's instrument; ebir-py: Python framing-only clean-room reader (research/independent-reader/python-framing)",,True,True,conformance.jsonl
EXP-CONF-002,conformance,NEEDS_TOOLING,"Production versus independent reader differential: conformance corpus pass, production-packed archives and exhaustive structural mutation class, with triage",28; 29,DEC-ECO-032; DEC-ECO-060; DEC-CON-002; DEC-CON-003; DEC-CON-012; DEC-CON-025; DEC-CON-026; DEC-CON-030; DEC-ECO-038; DEC-INT-020; DEC-INT-040; DEC-INT-042; DEC-LEG-004; DEC-MOD-004; DEC-MOD-006; DEC-MOD-027; DEC-MOD-041,17,linux-x86_64 (WSL2 Ubuntu 24.04); windows-x86_64 host (packing arm only),150,25,False,True,,,"research/harness/crates/ebr-conformance binaries ebcc-readtuple, ebcc-mutate, ebcc-diff; field-level structural byte map in ebr-inspect-bytes (research/harness/crates/ebr-pack) and `ebir map`; research/conformance/tools/{check_items.py, pack_bases.py, pack_bases_windows.ps1, diff_tables.py}; triage log tooling (schema ebr.triage.v1); depends on frozen ebir v1/v2 (EXP-CONF-001) and ebcc-v1 (EXP-CONF-004)",,True,True,conformance.jsonl
EXP-CONF-003,conformance,NEEDS_TOOLING,"Normative-statement extraction with recall validation, rule-to-case traceability, and registry, reason-code and doc-code consistency census",28; 29,DEC-MOD-031; DEC-MOD-041; DEC-MOD-042; DEC-MOD-014; DEC-CON-003; DEC-CON-011; DEC-CON-029; DEC-ECO-012; DEC-ECO-013; DEC-ECO-045; DEC-INT-020; DEC-INT-037; DEC-CRY-012; DEC-CRY-047; DEC-CRY-077; DEC-CRY-085; DEC-LEG-004; DEC-LEG-026,18,windows-x86_64 host; linux-x86_64 (WSL2 Ubuntu 24.04),0.5,0.5,False,False,,,"research/conformance/traceability/{extract_normative.py (grammar mvt12b-v1), recall_sample.py, recall.py, map_cases.py, invariant_map.py}; research/conformance/traceability/{reason_code_census.py, registry_audit.py, doc_crossref.py}; research/conformance/traceability/{op_tier_matrix.py, role_surface.py, crypto_text_audit.py, legacy_string_census.py, make_all.sh}; labelling-criteria-v1.md and labelling templates",,True,True,conformance.jsonl
EXP-CONF-004,conformance,NEEDS_TOOLING,"Native conformance corpus `ebcc-v1`: generators, expectation classes and production outcome census across every reader path",28; 29; 30,DEC-ECO-013; DEC-ECO-042; DEC-ECO-012; DEC-MOD-041; DEC-INT-040; DEC-INT-020; DEC-INT-006; DEC-INT-008; DEC-INT-042; DEC-CON-003; DEC-CON-004; DEC-CON-009; DEC-CON-011; DEC-CON-012; DEC-CON-014; DEC-CON-023; DEC-CON-024; DEC-CON-025; DEC-CRY-012; DEC-CRY-020; DEC-CRY-029; DEC-CRY-065; DEC-CRY-071; DEC-CRY-076; DEC-CRY-077; DEC-CRY-085; DEC-CRY-103; DEC-ACC-021; DEC-ACC-036; DEC-MOD-003; DEC-MOD-008; DEC-MOD-014; DEC-MOD-029; DEC-MOD-032; DEC-MOD-040; DEC-MOD-047; DEC-MOD-048; DEC-PLT-012; DEC-PLT-019; DEC-PLT-023; DEC-PLT-036; DEC-PLT-038; DEC-PLT-050; DEC-PLT-053; DEC-CMP-005; DEC-CMP-010,46,"linux-x86_64 (WSL2 Ubuntu 24.04, root for loop mounts); windows-x86_64 host (CLI exit-status arm)",40,60,False,True,,,"research/harness/crates/ebr-conformance: ebcc-gen (valid-archive builder + byte builders), ebcc-census (all reader paths P-MEM..P-CANON); research/conformance/corpus/ebcc.case.v1.schema.json and research/conformance/tools/validate_manifest.py; research/conformance/tools/{census_tables.py, message_census.py}; F-ENV fixtures (loop-mounted 16 MiB ext4, permission-denied and closed-pipe destinations, ebr-origin misbehaviour modes); local test CA and RFC 3161 token builder for F-SIG (openssl 3.0.13)",,True,True,conformance.jsonl
EXP-CONF-005,conformance,NEEDS_TOOLING,"Conformance corpus schema, expectation taxonomy, release form and verifier interface",28; 29,DEC-ECO-012; DEC-ECO-013; DEC-ECO-014; DEC-ECO-042; DEC-ECO-046; DEC-ECO-010,6,linux-x86_64 (WSL2 Ubuntu 24.04); windows-x86_64 host; linux-arm64 EMULATED (qemu-user-static in WSL),12,15,False,True,,,"research/conformance/schema/{convert_<candidate>.py x6, audit_traceability.py, info_loss.py, run_arm_a.py}; research/conformance/taxonomy/{draw_sample.py, taxonomy-crosswalk-v1.json, score_ratings.py}; research/conformance/tools/{regen_check.py, golden_diff.py}; ebcc-verify with interface prototypes and adapters (ebound, ebir, bsdtar 3.7.2, Python 3.12 zipfile/tarfile); ebcc.report.v1 schema; qemu-user-static, gcc-aarch64-linux-gnu, Rust target aarch64-unknown-linux-gnu (toolchain 1.98.1)",,True,True,conformance.jsonl
EXP-CONF-006,conformance,NEEDS_TOOLING,Historical-generation stored-bytes corpus and frozen-identifier decode regression,28; 29,DEC-CON-013; DEC-CMP-025; DEC-MOD-008; DEC-CON-012; DEC-ECO-042,5,linux-x86_64 (WSL2 Ubuntu 24.04); windows-x86_64 host (Windows generation builds),45,25,False,True,,,"research/conformance/historical/{find_generation_commits.py, build_generations.sh (+ Windows variant), enumerate_options.py}; research/conformance/historical/{pack_and_check.py, frozen_id_diff.py, retained_surface.py (llvm-cov on nightly-2026-08-01), creation_api_inventory.py}",,True,True,conformance.jsonl
EXP-CONF-007,conformance,NEEDS_TOOLING,"Resource ceilings of conformance cases: counting-allocator bounds, refusal cost and caller-policy presets",29; 30,DEC-CON-001; DEC-CON-004; DEC-CON-005; DEC-CON-006; DEC-CON-009; DEC-CRY-013; DEC-CRY-015; DEC-CRY-029; DEC-CRY-067; DEC-ACC-036; DEC-ACC-057; DEC-MOD-036; DEC-PLT-002; DEC-PLT-045; DEC-PLT-060; DEC-CMP-016,16,"linux-x86_64 (WSL2 Ubuntu 24.04, pinned vCPU st-v, VIRTUALIZED)",62,50,True,True,,,"research/harness/crates/ebr-alloc: counting global allocator with allocation-site attribution (decision-method §14 item 17); research-internals hooks in ebound-research: research::alloc_tag (untrusted-size tags), research::kdf_counter; MVT-16(c) identity proof extension; byte-counting Source/Read wrapper; ebcc-resource driver (modes timing, deterministic, memlimit); research/conformance/resource/{compute_h.py, derive_presets.py} producing h-v1.json and presets-v1.json; runner additions decision-method §14 item 3 and calibration EXP-CAL-*-wsl-ubuntu (method domain) for the timing arm",,True,True,conformance.jsonl
EXP-CONF-008,conformance,NEEDS_TOOLING,"Fuzz target inventory, harness modes and coverage-adequacy criterion calibration with injected defects",30,DEC-ECO-028; DEC-ECO-029; DEC-CRY-017,3,"linux-x86_64 (WSL2 Ubuntu 24.04, nightly-2026-08-01, cargo-fuzz 0.13.2)",900,40,False,True,,,"research/harness/fuzz: cargo-fuzz crate with targets T01-T26 (structure-aware variants for T02, T04, T13); research/harness/fuzz/patches/bypass.patch (cfg(fuzzing) digest/CRC/AEAD bypass) and defects/<target>.patch (D1-D5 per calibration target); research/harness/fuzz/tools/{prepare_source.sh, seed_prep.py, campaign.py, criteria_eval.py}; seed-corpora-v1.json; criteria-v1.json; coverage checkpoint replayer (cargo fuzz coverage + llvm-cov export) and reason-code recording build; AFL++ via cargo-afl at a pinned tag (engine arm)",,True,True,conformance.jsonl
EXP-CONF-009,conformance,NEEDS_TOOLING,"Persistent coverage-guided fuzzing to the adequacy ceiling, with minimization, triage and regression promotion",29; 30,DEC-ECO-029; DEC-ECO-028; DEC-CRY-006; DEC-CRY-016; DEC-CRY-017; DEC-CMP-005; DEC-CMP-010; DEC-CMP-016; DEC-CMP-037; DEC-CON-018; DEC-INT-008; DEC-ACC-057; DEC-CRY-029; DEC-CRY-067; DEC-LEG-059; DEC-LEG-064; DEC-LEG-095; DEC-MOD-006; DEC-MOD-038; DEC-PLT-054,20,"linux-x86_64 (WSL2 Ubuntu 24.04, nightly-2026-08-01, cargo-fuzz 0.13.2)",2430,80,False,True,,,"all targets and campaign tooling of EXP-CONF-008 (resume support); research/harness/fuzz/tools/{dedup.py, minimize_all.py, promote.py, replay_regressions.sh}; research/conformance/regressions.jsonl ledger and private finding store /root/eb-research/conformance/findings-private (conventions CC8)",,True,True,conformance.jsonl
EXP-CONF-010,conformance,NEEDS_TOOLING,"Differential and property fuzzing across production reader paths, codec backends and the independent reader",28; 30,DEC-ECO-029; DEC-ECO-032; DEC-CON-014; DEC-CON-018; DEC-CON-025; DEC-CRY-054; DEC-CRY-065; DEC-CMP-007; DEC-ECO-041; DEC-INT-019; DEC-INT-040; DEC-MOD-006,12,"linux-x86_64 (WSL2 Ubuntu 24.04, nightly-2026-08-01, cargo-fuzz 0.13.2)",330,30,False,True,,,"differential fuzz targets DF1-DF9 in research/harness/fuzz with a structure-aware EAM generator; ebir persistent batch mode (length-prefixed stdin) from EXP-CONF-001; codec comparison shims: ruzstd, xz2 (raw LZMA2), lz4 C binding, pinned; ebound-research key/nonce logging hook (F-24) with MVT-16(c) proof; research/harness/fuzz/tools/diff_triage_prep.py",,True,True,conformance.jsonl
EXP-CONF-011,conformance,NEEDS_TOOLING,"Legacy adapter conformance tier: expectation classes, asserted outcomes, versioned observed-outcome matrix, and compatibility-model generalisation fuzzing",29; 30,DEC-ECO-013; DEC-ECO-021; DEC-ECO-046; DEC-ECO-047; DEC-CON-023; DEC-LEG-001; DEC-LEG-007; DEC-LEG-020; DEC-LEG-021; DEC-LEG-022; DEC-LEG-026; DEC-LEG-031; DEC-LEG-050; DEC-LEG-059; DEC-LEG-061; DEC-LEG-062; DEC-LEG-063; DEC-LEG-064; DEC-LEG-066; DEC-LEG-072; DEC-LEG-081; DEC-LEG-082; DEC-LEG-083; DEC-LEG-084; DEC-LEG-087; DEC-LEG-090; DEC-LEG-095; DEC-LEG-102; DEC-LEG-103; DEC-LEG-105; DEC-LEG-107; DEC-PLT-010; DEC-PLT-034,33,"linux-x86_64 (WSL2 Ubuntu 24.04, sandboxed extraction); windows-x86_64 host runtimes via WSL interop (correctness only)",70,60,False,True,,,"research/conformance/adapters/{build_manifest.py, replay.py, bind_matrix.py, emit_regression_tests.py}; research/conformance/adapters/{zipvariants.py, tarvariants.py, model_fuzz.py} with batch runtime probes; reused from the legacy domain: research/tools/legacy/materialize_cases.py, case generators, runtime registry and lock (research/experiments/_legacy/conventions.md C4-C5)",,True,True,conformance.jsonl
EXP-CONF-012,conformance,NEEDS_TOOLING,"Clean-room reproduction of permanent vectors and cross-implementation checks of primitives, identity roots and canonical encodings",28; 29,DEC-CRY-014; DEC-CRY-016; DEC-CRY-017; DEC-CRY-020; DEC-CRY-021; DEC-CRY-051; DEC-CRY-079; DEC-CRY-106; DEC-INT-024; DEC-MOD-027; DEC-MOD-034; DEC-CMP-005; DEC-LEG-018; DEC-LEG-048; DEC-ECO-010; DEC-PLT-050,16,"linux-x86_64 (WSL2 Ubuntu 24.04; Python 3.12, Go 1.22.2, Node 22, Java 21, Rust 1.98.1)",12,5,False,True,,,"research/conformance/vectors/{fetch_pinned.sh, pins-v1.json} (Wycheproof, ed25519-speccheck, RFC 5869/4231/9106 KATs, X-Wing draft-10 KATs and C reference); clean-room reproducers vec_py, ident_py, chunk_py, chunk_go, crypto_go, seg_py, json_py, order_py (built by clean-room sessions); V5 Ed25519 probe harness across dalek, Go, PyNaCl, cryptography, Node, Java; V6 interop probe crate with libcrux-kem; research/conformance/vectors/{run_arm.py, tables.py}",,True,True,conformance.jsonl
EXP-CONF-013,conformance,BLOCKED,"Organizationally independent implementation and external review of the specification, conformance corpus and fuzzing adequacy (BLOCKED)",28; 29; 30,DEC-ECO-032; DEC-ECO-038; DEC-ECO-014; DEC-ECO-042; DEC-ECO-028; DEC-CRY-016; DEC-CRY-017,7,linux-x86_64 (WSL2) for program-side differential runs; external implementer and reviewers (humans),160,25,False,False,,,"publishable package (spec snapshot, vectors, exported ebcc-v1, report schema, adapter protocol); EXP-CONF-002 spec variant with the external reader as `other`","Requires external human implementers without Entrybound source access and external specification/security reviewers; the program has no human participants or external reviewers (PROGRESS known limitations; decision-method §8.3), and owner approval to publish a specification/corpus package and contact external parties.",True,True,conformance.jsonl
EXP-CONF-014,conformance,BLOCKED,"Container, native-architecture, macOS and hosted-infrastructure arms of corpus regeneration, reader conformance, pinned incumbent matrix and continuous fuzzing (BLOCKED)",28; 29; 30,DEC-ECO-042; DEC-ECO-047; DEC-ECO-029; DEC-ECO-014; DEC-ECO-041; DEC-LEG-063; DEC-LEG-082; DEC-CON-005; DEC-CRY-013,9,docker linux/amd64 (pinned images); native linux-arm64; macOS/APFS arm64; hosted fuzzing infrastructure; >=128 GB RAM host,180,150,False,True,,,"research/conformance/containers/{images-v1.json, Dockerfiles, run_in_container.py}; native ARM64 and macOS builds of ebcc-gen, ebcc-census, ebir, ebound; hosted fuzzing onboarding and weekly finding export","Docker Desktop unavailable on this host (startup fails on stale AF_UNIX socket reparse points, Win32 error 1920; PROGRESS 2026-09-16); macOS/APFS and native ARM64 PLATFORM_BLOCKED (no hardware; hosted runners declined 2026-09-12); hosted fuzzing (OSS-Fuzz) declined by the same standing decision; ZipDiff harness needs >= 128 GB RAM and >= 300 GB storage (host 64 GB, WSL VM 31 GB).",True,True,conformance.jsonl
EXP-CROSSFILE-001,crossfile,NEEDS_TOOLING,Similarity method and parameter sweep: cohort quality and complete-cost archive bytes,8.3,DEC-CMP-041; DEC-CMP-006,2,linux-x86_64-wsl2,300,10,False,True,,,"ebr-crossfile (research/harness/crates/ebr-crossfile; design research/harness/ebr-crossfile-DESIGN.md) subcommand similarity (bottom-k grid, MinHash-LSH, SimHash, TLSH, Nilsimsa/DwarFS ordering, Finesse and N-transform super-features, content-defined sampling, cheap type/path, exact-Jaccard oracle); decision-analysis tooling (decision-method section 14 item 2)",,True,True,crossfile.jsonl
EXP-CROSSFILE-002,crossfile,NEEDS_TOOLING,"Base physical order and clustering mode per profile: bytes, HTTP range requests per remote task, STREAM window",8.3,DEC-CMP-006,1,"linux-x86_64-wsl2; loopback-http (ebr-origin, exact counts; latency modelled per section 4.15)",60,7,False,True,,,ebr-crossfile (research/harness/crates/ebr-crossfile; design research/harness/ebr-crossfile-DESIGN.md) subcommand order with --remote-tasks; EXP-NETEM-CAL connection model per profile (section 14 item 18) before modelled latency is decision-grade; decision-analysis tooling (decision-method section 14 item 2),,True,True,crossfile.jsonl
EXP-CROSSFILE-003,crossfile,NEEDS_TOOLING,"Dictionary policy sweep charging dictionary bytes, decoder memory and random/remote fetch (plus post-v1 LZMA2/LZ4/transform arms)",8.4; 8.6; 8.7,DEC-CMP-020; DEC-CMP-014; DEC-CMP-013; DEC-CON-004,4,"linux-x86_64-wsl2; loopback-http (ebr-origin, exact counts)",300,10,False,True,,,"ebr-crossfile (research/harness/crates/ebr-crossfile; design research/harness/ebr-crossfile-DESIGN.md) subcommand dict-sweep (COVER/fastCOVER/legacy trainers via zstd-sys experimental bindings, raw-content, per-archive/per-category/supplied scopes, LZMA2 preset and LZ4 block dictionary arms, adversarial supplied-dictionary set); counting allocator (pinned GlobalAlloc wrapper crate); decision-analysis tooling (decision-method section 14 item 2)",,True,True,crossfile.jsonl
EXP-CROSSFILE-004,crossfile,NEEDS_TOOLING,"Chunk-group lookback and dependency topology sweep: ratio vs access amplification, dependency bytes, declared vs transitive cost, parallelism bound, corruption propagation",8.5; 8.4,DEC-CMP-027; DEC-ACC-025; DEC-INT-002; DEC-ACC-001; DEC-CMP-013; DEC-CON-004,6,linux-x86_64-wsl2,260,15,False,True,,,"ebr-crossfile (research/harness/crates/ebr-crossfile; design research/harness/ebr-crossfile-DESIGN.md) subcommand topology (research Zstandard prefix/LDM/star/restart/cap/anchor/bounded-solid encoders; exact closure, amplification, payload/dictionary blast radius, work-span bound, modelled remote cost; declaration, blast-definition and cost-model evaluation); decision-analysis tooling (decision-method section 14 item 2)",,True,True,crossfile.jsonl
EXP-CROSSFILE-005,crossfile,READY,"Incumbent block-bounded solid frontier: artifact bytes vs exact access granularity and amplification (7z, xz blocks, zstd --long, squashfs, DwarFS)",8.5,DEC-CMP-027,1,linux-x86_64-wsl2,70,4,False,True,,,,,True,True,crossfile.jsonl
EXP-CROSSFILE-006,crossfile,NEEDS_TOOLING,"Production-archive access cost, declaration honesty and seeded fault injection (measured validation of dependency models)",8.5; 8.4,DEC-ACC-001; DEC-ACC-025; DEC-INT-002; DEC-CON-004; DEC-CMP-027; DEC-CMP-020,6,"linux-x86_64-wsl2; loopback-http (ebr-origin, exact counts)",150,8,False,True,,,ebr-crossfile (research/harness/crates/ebr-crossfile; design research/harness/ebr-crossfile-DESIGN.md) subcommands access and inject; counting allocator (pinned GlobalAlloc wrapper crate); allocation-site attribution and bound H (section 14 item 17) for HC-06 records; decision-analysis tooling (decision-method section 14 item 2),,True,True,crossfile.jsonl
EXP-CROSSFILE-007,crossfile,NEEDS_TOOLING,"Planning-side cost of cross-file stages (similarity, ordering, training, lookback search, region order) and hostile-input CPU scaling",8.3; 8.4; 8.5,DEC-CMP-041; DEC-CMP-006; DEC-CMP-020; DEC-CMP-027; DEC-CMP-039,5,"linux-x86_64-wsl2 (st-v, VIRTUALIZED); windows-x86_64 st-p (informational until runner additions)",100,1,True,True,,,"ebr-crossfile (research/harness/crates/ebr-crossfile; design research/harness/ebr-crossfile-DESIGN.md) subcommand plan-cost (in-process stage timers, allocator, --hostile-series); runner additions (decision-method section 14 item 3); calibration EXP-CAL-AA/AAP/KE/BG-wsl-ubuntu for time_cpu and memory_peak (section 4.7); decision-analysis tooling (decision-method section 14 item 2)",,True,True,crossfile.jsonl
EXP-CROSSFILE-008,crossfile,NEEDS_TOOLING,Decode-side first-byte/random-entry latency and DAG-parallel decode speedup per lookback topology and dictionary policy,8.5; 8.4,DEC-CMP-027; DEC-ACC-025; DEC-CMP-020; DEC-CMP-014; DEC-CON-004,5,"linux-x86_64-wsl2 (st-v and mt-v-n, VIRTUALIZED); windows-x86_64 (decision-grade core-class speedup after runner additions); network-emulated (ebr-netem-proxy, corroboration only)",300,12,True,True,,,"ebr-crossfile (research/harness/crates/ebr-crossfile; design research/harness/ebr-crossfile-DESIGN.md) subcommand decode-bench (--prepare, iterative-bounded and dag-parallel research decoders, --speedup-pair); research/experiments/EXP-CROSSFILE-008/run_remote_corroboration.sh; runner additions (section 14 item 3); calibration incl. EXP-CAL-SPD-wsl-ubuntu (section 4.7); EXP-NETEM-CAL regenerated in a quiet window (section 14 item 18); decision-analysis tooling (decision-method section 14 item 2)",,True,True,crossfile.jsonl
EXP-CROSSFILE-009,crossfile,READY,Writer determinism of dictionary- and group-bearing archives on WSL2 ext4 and Windows NTFS (x86-64),8.4,DEC-CMP-021,1,linux-x86_64-wsl2; windows-x86_64,70,2,False,True,,,,,True,True,crossfile.jsonl
EXP-CROSSFILE-010,crossfile,NEEDS_TOOLING,"Dictionary trainer and archive determinism under emulated ARM64, restricted x86-64 CPU models and libzstd 1.5.x release drift",8.4,DEC-CMP-021,1,"linux-x86_64-wsl2; linux-arm64 (EMULATED, qemu-user); linux-x86_64 restricted CPU models (EMULATED, qemu-x86_64 -cpu)",85,7,False,True,,,"ebr-crossfile (research/harness/crates/ebr-crossfile; design research/harness/ebr-crossfile-DESIGN.md) subcommand determinism-cell and --emit-vectors; per-libzstd-release research builds (research/harness/zstd-drift, zstd-sys pins bundling libzstd 1.5.0-1.5.7); WSL packages qemu-user-static and gcc-aarch64-linux-gnu; rustup target aarch64-unknown-linux-gnu for toolchain 1.98.1",,True,True,crossfile.jsonl
EXP-CROSSFILE-011,crossfile,BLOCKED,"Dictionary- and group-bearing archive determinism on native ARM64 (Linux, macOS) and macOS x86-64",8.4,DEC-CMP-021,1,linux-arm64-native; macos-arm64-native; macos-x86_64-native,90,3,False,True,,,,PLATFORM_BLOCKED: no native ARM64 hardware and no macOS/APFS host; hosted runners declined by the program owner (PROGRESS.md standing decision 2026-09-12). Emulated ARM64 (EXP-CROSSFILE-010) cannot substitute.,True,True,crossfile.jsonl
EXP-CROSSFILE-012,crossfile,NEEDS_TOOLING,"Whole-object JPEG reconstruction region vs shared, cohort-dictionary or grouped Chunk conflicts",8.3; 8.2; 8.8,DEC-CMP-039,1,linux-x86_64-wsl2,80,3,False,True,,,ebr-crossfile (research/harness/crates/ebr-crossfile; design research/harness/ebr-crossfile-DESIGN.md) subcommand region-conflict; cost-accounting scripts for C1 (section 14 item 7); decision-analysis tooling (decision-method section 14 item 2),,True,True,crossfile.jsonl
EXP-CROSSFILE-013,crossfile,READY,Legacy export invariance to the source archive cross-file physical structure,8.5,DEC-LEG-016,1,linux-x86_64-wsl2,70,3,False,True,,,,,True,True,crossfile.jsonl
EXP-CROSSFILE-014,crossfile,NEEDS_TOOLING,Prevalence of dictionary-dependent Zstandard frames in corpus artifacts (census),8.4,DEC-LEG-106,1,linux-x86_64-wsl2,6,0.1,False,True,,,research/experiments/EXP-CROSSFILE-014/zstd_dictid_census.py (stdlib recursive RFC 8878 frame census with unit tests),,True,True,crossfile.jsonl
EXP-CRYPTO-001,crypto,NEEDS_TOOLING,Observer model and CDC attack-suite validation against reference keyed-chunking schemes,22.1; 22.2; 22.3; 22.4; 22.5,,0,L; i; n; u; x; /; x; 8; 6; -; 6; 4,150,50,False,True,,,r; e; s; e; a; r; c; h; /; t; o; o; l; s; /; c; r; y; p; t; o; /; c; d; c; _; a; t; t; a; c; k; s; /; *; ;;  ; e; b; r; -; c; r; y; p; t; o;  ; a; t; t; a; c; k;  ; +;  ; r; e; f; e; r; e; n; c; e;  ; s; c; h; e; m; e; s,,True,True,crypto.jsonl
EXP-CRYPTO-002,crypto,NEEDS_TOOLING,"Boundary leakage of encrypted archives by padding, layout and compression",22.2; 22.3; 22.5,DEC-CRY-023; DEC-CRY-081; DEC-CRY-022; DEC-MOD-012,4,L; i; n; u; x; /; x; 8; 6; -; 6; 4,300,220,False,True,,,e; b; r; -; c; r; y; p; t; o;  ; o; b; s; e; r; v; e; ;;  ; r; e; s; e; a; r; c; h; -; i; n; t; e; r; n; a; l; s;  ; p; r; i; v; a; t; e; -; l; e; n; g; t; h;  ; a; c; c; e; s; s; o; r; ;;  ; l; e; a; k; a; g; e; _; m; e; t; r; i; c; s; .; p; y,,True,True,crypto.jsonl
EXP-CRYPTO-003,crypto,NEEDS_TOOLING,"Keyed-boundary CPU cost, boundary stability, dedup and MVT-14(e) on x86-64",22.2,DEC-CRY-023; DEC-CRY-005; DEC-CMP-001; DEC-MOD-039,4,W; i; n; d; o; w; s; +; L; i; n; u; x; /; x; 8; 6; -; 6; 4; ;;  ; r; e; q; u; i; r; e; s;  ; t; i; m; i; n; g;  ; c; a; l; i; b; r; a; t; i; o; n;  ; +;  ; r; u; n; n; e; r;  ; a; d; d; i; t; i; o; n; s,220,85,True,True,,,e; b; r; -; c; h; u; n; k;  ; -; -; k; e; y; -; s; e; e; d; ;;  ; e; b; r; -; c; r; y; p; t; o;  ; c; h; u; n; k; ;;  ; c; o; u; n; t; i; n; g;  ; a; l; l; o; c; a; t; o; r; ;;  ; r; u; n; n; e; r;  ; a; d; d; i; t; i; o; n; s;  ; (; m; e; t; h; o; d;  ; §; 1; 4;  ; i; t; e; m;  ; 3; ),,True,True,crypto.jsonl
EXP-CRYPTO-004,crypto,BLOCKED,Native ARM64 and constrained-platform crypto cost,22.1; 22.2,DEC-CRY-023; DEC-CRY-002; DEC-CRY-013; DEC-MOD-016,4,A; R; M; 6; 4; /; A; R; M; v; 7; /; m; a; c; O; S;  ; (; B; L; O; C; K; E; D; ),300,250,True,True,,,c; r; o; s; s; -; c; o; m; p; i; l; e; d;  ; e; b; r; -; c; r; y; p; t; o; /; e; b; o; u; n; d; ;;  ; p; e; r; -; d; e; v; i; c; e;  ; e; n; v; i; r; o; n; m; e; n; t;  ; c; a; p; t; u; r; e; s;  ; +;  ; c; a; l; i; b; r; a; t; i; o; n,Native ARM64/Apple-Silicon-macOS/mobile/32-bit hardware unavailable (PLATFORM_BLOCKED); hosted runners declined; QEMU never used for timing,True,True,crypto.jsonl
EXP-CRYPTO-005,crypto,NEEDS_TOOLING,Compression-context side channel under encryption (chosen-plaintext co-packing),22.2; 22.3; 22.5,DEC-CRY-028; DEC-CMP-029,2,L; i; n; u; x; /; x; 8; 6; -; 6; 4,70,30,False,True,,,r; e; s; e; a; r; c; h; -; i; n; t; e; r; n; a; l; s;  ; p; l; a; n; n; e; r;  ; s; w; i; t; c; h; e; s; ;;  ; c; o; p; a; c; k; _; a; t; t; a; c; k; .; p; y,,True,True,crypto.jsonl
EXP-CRYPTO-006,crypto,NEEDS_TOOLING,Padding schedule privacy vs overhead (exact length model + measured packs),22.3; 22.5,DEC-CRY-055; DEC-CMP-017; DEC-CRY-025; DEC-CRY-026; DEC-CRY-064,5,L; i; n; u; x; /; x; 8; 6; -; 6; 4,150,135,False,True,,,p; a; d; d; i; n; g; _; m; o; d; e; l; .; p; y; ;;  ; e; b; r; -; c; r; y; p; t; o;  ; o; b; s; e; r; v; e;  ; -; -; e; m; i; t; -; p; r; i; v; a; t; e; -; l; e; n; g; t; h; s; ;;  ; l; e; a; k; a; g; e; _; m; e; t; r; i; c; s; .; p; y,,True,True,crypto.jsonl
EXP-CRYPTO-007,crypto,NEEDS_TOOLING,Encrypted public-byte leakage inventory and count inference,22.2; 22.3; 22.4; 22.5,DEC-CRY-030; DEC-CRY-026; DEC-CRY-064; DEC-CRY-008; DEC-CRY-019; DEC-CRY-025; DEC-CMP-022; DEC-CMP-029; DEC-MOD-012,9,W; i; n; d; o; w; s; +; L; i; n; u; x; /; x; 8; 6; -; 6; 4,40,65,False,True,,,c; l; e; a; n; -; r; o; o; m;  ; p; u; b; l; i; c; _; i; n; v; e; n; t; o; r; y; .; p; y; ;;  ; b; y; t; e; s; c; a; n; .; p; y; ;;  ; c; o; u; n; t; _; i; n; f; e; r; e; n; c; e; .; p; y,,True,True,crypto.jsonl
EXP-CRYPTO-008,crypto,NEEDS_TOOLING,"Remote encrypted access: requests, bytes, modelled latency, access-pattern leakage",22.3; 22.4; 22.5,DEC-ACC-010; DEC-CRY-072; DEC-CRY-073; DEC-INT-010; DEC-CRY-030,5,L; i; n; u; x; /; x; 8; 6; -; 6; 4; ;;  ; a; p; p; l; i; c; a; t; i; o; n; -; l; e; v; e; l;  ; n; e; t; w; o; r; k,50,40,True,True,,,l; a; t; e; n; c; y; _; m; o; d; e; l; .; p; y; ;;  ; a; c; c; e; s; s; _; p; a; t; t; e; r; n; _; e; v; a; l; .; p; y; ;;  ; f; u; t; u; r; e; -; v; e; r; s; i; o; n;  ; w; r; i; t; e; r; s; ;;  ; E; X; P; -; N; E; T; E; M; -; C; A; L,Emulated latency needs EXP-NETEM-CAL; no TCP slow start (R1-14),True,True,crypto.jsonl
EXP-CRYPTO-009,crypto,NEEDS_TOOLING,Bounded memory of encrypted sessions and crypto-v1 structural-limit justification,22.1; 22.5,DEC-ACC-011; DEC-CON-009; DEC-CRY-013; DEC-CRY-015; DEC-ACC-009; DEC-CRY-027,6,L; i; n; u; x; /; x; 8; 6; -; 6; 4; ;;  ; c; g; r; o; u; p;  ; m; e; m; o; r; y;  ; c; a; p; s,200,200,False,True,,,c; o; u; n; t; i; n; g;  ; a; l; l; o; c; a; t; o; r;  ; (; m; e; t; h; o; d;  ; §; 1; 4;  ; i; t; e; m;  ; 1; 7; ); ;;  ; e; b; r; -; c; r; y; p; t; o;  ; m; e; m; ;;  ; s; t; r; e; a; m; i; n; g;  ; g; e; n; e; r; a; t; o; r; s; ;;  ; s; t; r; e; a; m; e; d; -; w; r; i; t; e; r;  ; p; r; o; t; o; t; y; p; e; s,,True,True,crypto.jsonl
EXP-CRYPTO-010,crypto,NEEDS_TOOLING,Encrypted partial-read tamper resistance and salvage (fault injection),22.1; 22.4; 22.5,DEC-INT-010; DEC-INT-021; DEC-INT-033; DEC-CRY-105; DEC-CRY-080; DEC-CRY-065; DEC-CRY-016,7,L; i; n; u; x; /; x; 8; 6; -; 6; 4,120,30,False,True,,,f; a; u; l; t; _; i; n; j; e; c; t; .; p; y; ;;  ; b; l; a; s; t; _; r; a; d; i; u; s; .; p; y; ;;  ; b; y; t; e; -; v; e; r; i; f; i; c; a; t; i; o; n;  ; l; o; g;  ; (; F; -; 2; 4; ); ;;  ; k; i; l; l;  ; i; n; j; e; c; t; o; r,,True,True,crypto.jsonl
EXP-CRYPTO-011,crypto,NEEDS_TOOLING,Primitive and construction vector/KAT evidence gate (FORMAL),22.1; 22.2,DEC-CRY-014; DEC-CRY-021; DEC-CRY-051; DEC-CRY-048; DEC-CRY-106,5,W; i; n; d; o; w; s; +; L; i; n; u; x; /; x; 8; 6; -; 6; 4,10,1,False,True,,,"v; e; c; t; o; r;  ; f; i; l; e; s;  ; (; o; w; n; e; r; -; f; e; t; c; h; e; d; ); ;;  ; e; b; r; -; c; r; y; p; t; o;  ; v; e; c; t; o; r; s; ;;  ; x; c; h; e; c; k; _; {; x; w; i; n; g; ,; g; c; m; s; i; v; ,; m; l; k; e; m; }; ;;  ; n; e; g; v; e; c; _; g; e; n; .; p; y",,True,True,crypto.jsonl
EXP-CRYPTO-012,crypto,NEEDS_TOOLING,"Digest, Merkle-tree and AEAD throughput and proof size",22.1,DEC-MOD-016; DEC-MOD-034; DEC-CRY-011; DEC-CRY-059,4,W; i; n; d; o; w; s; +; L; i; n; u; x; /; x; 8; 6; -; 6; 4,80,20,True,True,,,e; b; r; -; c; r; y; p; t; o;  ; b; e; n; c; h; /; t; r; e; e; ;;  ; p; i; n; n; e; d;  ; c; a; n; d; i; d; a; t; e;  ; c; r; a; t; e; s; ;;  ; l; o; c; k; _; p; a; r; i; t; y,Requires timing calibration; final primitive/tree/digest selection is external review,True,True,crypto.jsonl
EXP-CRYPTO-013,crypto,NEEDS_TOOLING,"RFC 3161 timestamp verification profile, dependency surface and fuzzing",22.1; 22.4,DEC-CRY-006; DEC-CRY-076; DEC-CRY-098; DEC-CRY-099; DEC-CRY-083; DEC-CRY-066; DEC-CRY-097; DEC-CRY-100,8,L; i; n; u; x; /; x; 8; 6; -; 6; 4,20,5,False,True,,,e; b; r; -; c; r; y; p; t; o;  ; t; s; v; e; r; i; f; y; ;;  ; r; e; a; l;  ; T; S; A;  ; t; o; k; e; n;  ; c; o; r; p; u; s;  ; (; o; w; n; e; r; -; f; e; t; c; h; e; d; ); ;;  ; n; e; g; a; t; i; v; e;  ; g; e; n; e; r; a; t; o; r; ;;  ; c; a; r; g; o; -; f; u; z; z;  ; t; a; r; g; e; t; s,Docker sandboxing unavailable (process-isolation substitute),True,True,crypto.jsonl
EXP-CRYPTO-014,crypto,NEEDS_TOOLING,Signature and trust-semantics conformance matrix,22.1; 22.4; 22.5,DEC-CRY-052; DEC-CRY-082; DEC-CRY-090; DEC-CRY-009; DEC-CRY-103; DEC-CRY-104; DEC-CRY-092; DEC-CRY-060; DEC-CRY-074; DEC-CRY-087; DEC-CRY-004; DEC-CRY-089; DEC-CRY-096; DEC-CRY-018; DEC-CRY-019; DEC-CRY-102; DEC-MOD-037; DEC-INT-038; DEC-MOD-027; DEC-MOD-029; DEC-ECO-063; DEC-INT-032; DEC-CRY-007; DEC-CRY-075; DEC-CRY-094,25,W; i; n; d; o; w; s; +; L; i; n; u; x; /; x; 8; 6; -; 6; 4,40,20,False,True,,,"e; b; r; -; c; r; y; p; t; o;  ; s; i; g; m; a; t; r; i; x; ;;  ; o; r; a; c; l; e; .; c; s; v; ;;  ; p; o; l; i; c; y;  ; p; r; o; t; o; t; y; p; e; s;  ; (; a; l; l; o; w; e; d; -; k; e; y; s; ,;  ; k; -; o; f; -; n; ,;  ; e; x; a; c; t; -; b; y; t; e;  ; s; i; g; n; i; n; g; )",,True,True,crypto.jsonl
EXP-CRYPTO-015,crypto,NEEDS_TOOLING,Feature-composition and mutation matrix; nonce/key uniqueness,22.1; 22.4; 22.5,DEC-CRY-010; DEC-MOD-029; DEC-CRY-054; DEC-CRY-050; DEC-CRY-069; DEC-CRY-031; DEC-CRY-045; DEC-ACC-049; DEC-CON-016; DEC-LEG-040; DEC-CRY-105; DEC-CRY-057,12,L; i; n; u; x; /; x; 8; 6; -; 6; 4,60,25,False,True,,,e; b; r; -; c; r; y; p; t; o;  ; c; o; m; p; o; s; e; ;;  ; n; o; n; c; e;  ; l; o; g; g; e; r;  ; (; F; -; 2; 4; ); ;;  ; o; r; a; c; l; e; ;;  ; k; i; l; l;  ; i; n; j; e; c; t; o; r,Interrupted-write cells need the HC-18 kill injector,True,True,crypto.jsonl
EXP-CRYPTO-016,crypto,NEEDS_TOOLING,Differential conformance of encrypted readers and version/deprecation gating (fuzzing),22.1; 22.5,DEC-CON-025; DEC-CRY-065; DEC-CRY-079; DEC-CON-012; DEC-CON-011; DEC-CON-008; DEC-CRY-071; DEC-CRY-104; DEC-CRY-032,9,L; i; n; u; x; /; x; 8; 6; -; 6; 4,30,10,False,True,,,e; b; r; -; c; r; y; p; t; o;  ; r; e; a; d; e; r; s; ;;  ; d; i; f; f; e; r; e; n; t; i; a; l; _; r; e; a; d; e; r; s;  ; f; u; z; z;  ; t; a; r; g; e; t; ;;  ; e; b; r; -; c; r; y; p; t; o;  ; c; r; a; f; t,,True,True,crypto.jsonl
EXP-CRYPTO-017,crypto,NEEDS_TOOLING,"Password-KDF cost, recipient/attempt budgets, password policy, indistinguishable failures",22.1; 22.3; 22.5,DEC-CRY-002; DEC-CRY-013; DEC-CRY-015; DEC-CRY-058; DEC-CRY-068; DEC-CRY-077; DEC-CRY-046; DEC-CRY-064,8,W; i; n; d; o; w; s; +; L; i; n; u; x; /; x; 8; 6; -; 6; 4; ;;  ; r; e; q; u; i; r; e; s;  ; c; a; l; i; b; r; a; t; i; o; n,40,5,True,True,,,e; b; r; -; c; r; y; p; t; o;  ; u; n; l; o; c; k; ;;  ; d; u; d; e; c; t; _; u; n; l; o; c; k; .; p; y; ;;  ; f; a; i; l; u; r; e; _; c; e; n; s; u; s; .; p; y,Timing indistinguishability HC_UNVERIFIED on this virtualized host; ARM cost is EXP-CRYPTO-004,True,True,crypto.jsonl
EXP-CRYPTO-018,crypto,NEEDS_TOOLING,"Secret hygiene, zeroization, memory residue and key-file protection",22.1; 22.2; 22.4,DEC-CRY-005; DEC-CRY-078; DEC-CRY-095; DEC-CRY-108; DEC-CRY-041,5,W; i; n; d; o; w; s; +; L; i; n; u; x; /; x; 8; 6; -; 6; 4,5,1,False,True,,,t; r; y; b; u; i; l; d;  ; h; y; g; i; e; n; e;  ; a; u; d; i; t; ;;  ; e; b; r; -; c; r; y; p; t; o;  ; r; e; s; i; d; u; e;  ; (; F; -; 2; 4; ); ;;  ; k; e; y; f; i; l; e; _; p; e; r; m; s;  ; r; u; n; n; e; r; ;;  ; d; e; p; _; z; e; r; o; i; z; e; _; a; u; d; i; t; .; p; y,,True,True,crypto.jsonl
EXP-CRYPTO-019,crypto,NEEDS_TOOLING,"Legacy encrypted import/export, downgrade recording, receipt verification",22.1; 22.4; 22.5,DEC-LEG-012; DEC-LEG-089; DEC-CRY-061; DEC-LEG-009; DEC-CRY-093; DEC-CRY-091; DEC-CRY-027; DEC-LEG-011,8,L; i; n; u; x; /; x; 8; 6; -; 6; 4,20,15,False,True,,,e; b; r; -; c; r; y; p; t; o;  ; l; e; g; a; c; y; ;;  ; r; e; c; e; i; p; t; _; v; e; r; i; f; y; .; p; y;  ; +;  ; f; o; r; g; e; r; y;  ; g; e; n; e; r; a; t; o; r,Decrypt-path soundness is EXTERNAL_REVIEW_REQUIRED,True,True,crypto.jsonl
EXP-CRYPTO-020,crypto,NEEDS_TOOLING,Primary-source primitive and standards-status review protocol (FORMAL/literature),22.1; 22.5,DEC-CRY-034; DEC-CRY-037; DEC-CRY-062; DEC-CRY-088; DEC-CRY-002; DEC-CRY-011; DEC-CRY-035; DEC-CRY-036; DEC-CRY-038; DEC-CRY-059; DEC-CRY-070; DEC-CRY-021; DEC-CRY-107; DEC-MOD-016,14,a; n; y;  ; h; o; s; t;  ; (; d; o; c; u; m; e; n; t; a; r; y; ),2,1,False,False,,,r; e; s; e; a; r; c; h; /; s; e; c; u; r; i; t; y; /; r; e; v; i; e; w; /; *;  ; r; e; c; o; r; d; s; ;;  ; s; o; u; r; c; e; s;  ; m; a; n; i; f; e; s; t; ;;  ; s; t; a; n; d; a; r; d; s; -; s; t; a; t; u; s; .; c; s; v; ;;  ; s; e; c; o; n; d; -; s; e; s; s; i; o; n;  ; r; e; v; i; e; w,Primary-source documents are owner-fetched (some sources 403 to automated fetch),True,True,crypto.jsonl
EXP-CRYPTO-021,crypto,BLOCKED,External cryptographic-review dossier assembly,22.1; 22.2; 22.3; 22.4; 22.5,DEC-CRY-002; DEC-CRY-011; DEC-CRY-016; DEC-CRY-035; DEC-CRY-036; DEC-CRY-038; DEC-CRY-039; DEC-CRY-049; DEC-CRY-053; DEC-CRY-055; DEC-CRY-059; DEC-CRY-070; DEC-CRY-080; DEC-CRY-084; DEC-CRY-088; DEC-MOD-016; DEC-CRY-023; DEC-CRY-026; DEC-CRY-037; DEC-CRY-048; DEC-CRY-054; DEC-CRY-062; DEC-CRY-106; DEC-INT-009; DEC-INT-010; DEC-INT-032; DEC-INT-033; DEC-ECO-022; DEC-ECO-072; DEC-CMP-001; DEC-LEG-089,31,a; n; y;  ; h; o; s; t;  ; (; a; s; s; e; m; b; l; y; ); ;;  ; e; x; t; e; r; n; a; l;  ; r; e; v; i; e; w; e; r;  ; (; B; L; O; C; K; E; D; ),2,1,False,False,,,r; e; s; e; a; r; c; h; /; s; e; c; u; r; i; t; y; /; d; o; s; s; i; e; r; /; *; ;;  ; b; u; i; l; d; _; d; o; s; s; i; e; r; .; p; y; ;;  ; t; h; r; e; a; t; -; m; o; d; e; l; -; t; r; a; c; e; a; b; i; l; i; t; y; .; c; s; v; ;;  ; f; o; r; m; a; l; -; t; a; r; g; e; t; s; .; m; d,Independent external cryptographic reviewers unavailable (SPEC §25.2 requires reviewers independent of the container designers; internal agents share a base model),True,True,crypto.jsonl
EXP-CRYPTO-022,crypto,NEEDS_TOOLING,Crypto CLI mechanical complexity and simulated first-use (HUMAN-FACING),22.1; 22.4; 22.5,DEC-CRY-090; DEC-INT-021; DEC-CRY-082; DEC-CRY-009; DEC-CRY-046; DEC-CRY-058; DEC-CRY-061; DEC-CRY-004; DEC-CRY-063; DEC-CRY-095; DEC-CRY-108; DEC-ECO-064; DEC-ECO-063; DEC-CRY-101; DEC-CRY-094,15,W; i; n; d; o; w; s; +; L; i; n; u; x; /; x; 8; 6; -; 6; 4,5,1,False,True,,,c; l; i; _; c; e; n; s; u; s; .; p; y; ;;  ; f; i; r; s; t; _; u; s; e; _; s; e; s; s; i; o; n; s;  ; h; a; r; n; e; s; s; ;;  ; C; L; I;  ; o; u; t; p; u; t;  ; p; r; o; t; o; t; y; p; e; s,Human comprehension/task-success/preference EXTERNAL_REVIEW_REQUIRED or removed; simulated sessions heuristic only,True,True,crypto.jsonl
EXP-ECO-001,ecosystem,READY,"Dependency census, capability classification and longevity signals",31; 32; 33,DEC-ECO-017; DEC-ECO-041; DEC-ECO-074; DEC-ECO-051; DEC-ECO-067; DEC-ECO-071; DEC-ACC-016; DEC-CMP-007; DEC-CMP-008; DEC-CMP-021; DEC-CMP-026; DEC-CMP-038; DEC-CON-007; DEC-CRY-006; DEC-CRY-014; DEC-CRY-106; DEC-INT-012; DEC-LEG-024; DEC-LEG-035; DEC-LEG-037; DEC-LEG-047; DEC-LEG-052; DEC-LEG-075; DEC-LEG-085; DEC-PLT-017; DEC-PLT-030; DEC-PLT-040; DEC-ECO-016; DEC-ECO-038; DEC-ECO-006; DEC-ACC-007; DEC-CRY-101,32,linux-wsl2-x86_64; windows-x86_64; network,6,15,False,False,,,"pinned installs: cargo-deny, cargo-vet, cargo-bloat, cargo-cyclonedx, cargo-sbom, tokei, askalono-cli; research/tools/ecosystem/depcensus/*.py (snapshot, resolve_candidates, graph, module_usage, classify, surface, licenses, maintenance, advisories, api_coverage, fixture_provenance, policy_eval); research/tools/ecosystem/unsafe-census (syn-based unsafe counter, own workspace); module-capability-map.csv authored and independently re-classified (judgment); codec-specs.csv citation table (judgment)",,True,True,ecosystem.jsonl
EXP-ECO-002,ecosystem,NEEDS_TOOLING,Encoder and decoder behaviour drift under dependency upgrades,31,DEC-ECO-051; DEC-CMP-031; DEC-MOD-011; DEC-LEG-008; DEC-CMP-021; DEC-CMP-038; DEC-CON-007; DEC-CMP-007,8,linux-wsl2-x86_64; windows-x86_64,30,60,False,True,,,"research/tools/ecosystem/drift/eco-drift-probe (Rust probe replaying reference plans per version arm); research/tools/ecosystem/drift/{make_arm.sh,reference.sh,golden_vectors.sh,export_bytes.sh,outcome_table.py}; per-arm research worktrees with cargo update --precise and backend patches",,True,True,ecosystem.jsonl
EXP-ECO-003,ecosystem,NEEDS_TOOLING,Crate and feature partition prototypes for a minimal-dependency reader,31,DEC-ECO-016; DEC-ACC-016; DEC-ECO-041; DEC-ECO-038; DEC-CMP-008; DEC-CMP-007,6,linux-wsl2-x86_64; windows-x86_64,29,40,True,True,,,"research-worktree feature-gate patches and ebound-read binary (EXP-ECO-003/patches); ruzstd decode switch and minimal HTTP/1.1 client prototype; research/tools/ecosystem/partition/{build_all.sh,probe_partition.py,zstd_frames.py,http_parity.sh,tree_equal.py}; program gate: EXP-CAL-*-wsl-ubuntu calibration for the timing arm",,True,True,ecosystem.jsonl
EXP-ECO-004,ecosystem,READY,"Toolchain and MSRV matrix, local merge gate, release reproducibility and packaging channels",31; 32,DEC-ECO-073; DEC-ECO-071; DEC-ECO-003; DEC-MOD-011; DEC-LEG-008,5,linux-wsl2-x86_64; windows-x86_64; linux-aarch64-emulated-qemu-user; network,25,80,False,True,,,"rustup toolchains 1.94.x, 1.97.1, latest stable; qemu-user and gcc-aarch64-linux-gnu (apt); debootstrap chroot; pinned installs: cargo-deb, cargo-generate-rpm; apt: lintian, rpmlint, diffoscope, debootstrap; venv: in-toto; research/tools/ecosystem/release/{toolchain_builds,pack_matrix,cross_host_compare,repro_release,merge_gate,distro_survey,distro_floor_build,packaging_dryrun,attest_offline,identity_matrix}; cross-host-rules.yaml pre-registered before cross-host outputs",,True,True,ecosystem.jsonl
EXP-ECO-005,ecosystem,BLOCKED,"macOS, native ARM64 and container-image arms of the toolchain, reproducibility and packaging matrix",31; 32,DEC-ECO-073; DEC-ECO-003; DEC-ECO-071; DEC-MOD-011; DEC-LEG-008; DEC-ECO-041,6,macos-arm64; macos-x86_64; linux-aarch64-native; docker-linux-amd64,30,80,False,True,,,none beyond EXP-ECO-004 scripts once platforms exist,"No macOS host (macOS/APFS PLATFORM_BLOCKED; hosted runners declined 2026-09-12); no native ARM64 machine (PLATFORM_BLOCKED); Docker Desktop fails to start on this host (stale AF_UNIX socket reparse points, Win32 error 1920), so pinned distribution images and the container-image channel cannot be built",True,True,ecosystem.jsonl
EXP-ECO-006,ecosystem,READY,"Release, distribution and legacy-migration workflow scenario matrix",32; 33,DEC-ECO-002; DEC-ECO-004; DEC-ECO-019; DEC-ECO-035; DEC-ECO-043; DEC-ECO-057; DEC-ECO-062; DEC-ECO-065; DEC-ECO-075; DEC-CON-022; DEC-ACC-008; DEC-INT-036; DEC-INT-037; DEC-LEG-003; DEC-LEG-010; DEC-LEG-017; DEC-LEG-018; DEC-LEG-029; DEC-LEG-030; DEC-LEG-036; DEC-LEG-038; DEC-LEG-056; DEC-LEG-060; DEC-MOD-043; DEC-PLT-037,25,linux-wsl2-x86_64; windows-x86_64,20,100,False,True,,,"research/tools/ecosystem/workflows/{run_workflow.py,check_<W>.py,derive_w14.py,make_specs.py}; step files steps/<W>/<variant>.sh authored and independently reviewed (judgment); vendored warehouse validation function at a pinned commit; pinned Go toolchain; nginx, strip-nondeterminism, samba (apt)",,True,True,ecosystem.jsonl
EXP-ECO-007,ecosystem,READY,"Verification, supply-chain composition and artifact-association workflows",32; 33,DEC-ECO-072; DEC-CRY-003; DEC-CRY-018; DEC-CRY-019; DEC-INT-011; DEC-INT-028; DEC-INT-045; DEC-LEG-009; DEC-LEG-045; DEC-LEG-018; DEC-ECO-062,11,linux-wsl2-x86_64; windows-x86_64,8,30,False,True,,,"research/tools/ecosystem/verification/{run_scenario.py,produce.sh,benign_ops.py,tamper_matrix.py,copy_channels.py,receipt_reproduce.py,receipt_size.sh,chain_assemble.py,gen_many_entries.py,matrix_report.py}; spec-8-1-expected.yaml transcription of SPEC 8.1 (two sessions); pinned downloads: cosign, MinIO server and mc; venv: in-toto, pycose; apt: minisign, signify-openbsd, gnupg, par2",,True,True,ecosystem.jsonl
EXP-ECO-008,ecosystem,READY,"CI artifact and cache hand-off, and verification-cost benchmark",32; 33,DEC-ECO-004; DEC-INT-028; DEC-INT-045; DEC-LEG-009,4,linux-wsl2-x86_64,45,60,True,True,,,"research/tools/ecosystem/ci/{prepare.sh,pick_subtree.py,adaptive.py,tree_equal.py,subtree_equal.py,restore_subtree_*.sh,sidecar_*.sh,reexport_byte_compare.sh,strict_import_lai_compare.sh,make_specs.py}; program gates: G-B, runner additions (decision-method 14 item 3), EXP-CAL-*-wsl-ubuntu calibration, exclusive quiet windows",,True,True,ecosystem.jsonl
EXP-ECO-009,ecosystem,READY,"Hosting, CDN and object-store range-behaviour compatibility",31; 32; 33,DEC-ACC-015; DEC-ECO-057; DEC-ACC-016,3,linux-wsl2-x86_64; network,4,5,False,True,,,"research/tools/ecosystem/hosting/{servers.sh,capture_proxy.py,live_run.py,range_policy_probe.py,http3_check.sh,public_probe.py,hosting_matrix.py}; server configuration files (EXP-ECO-009/servers); pinned downloads: Caddy, MinIO, Azurite (npm), fake-gcs-server; apt: nginx, apache2, lighttpd",,True,True,ecosystem.jsonl
EXP-ECO-010,ecosystem,BLOCKED,"Authenticated hosting arms: publishing .eb to real object stores, CDNs and release hosts",32; 33,DEC-ACC-015; DEC-ECO-057; DEC-INT-011,3,network; cloud-accounts; windows-admin,6,10,False,False,,,research/tools/ecosystem/hosting/real_publish.sh (official provider CLIs) once access exists,"No cloud or hosting accounts (S3/CloudFront, GCS, Azure Blob, R2, writable GitHub Releases); agents may not create accounts or authenticate, and publishing requires owner approval; IIS needs administrator rights on the Windows host",True,True,ecosystem.jsonl
EXP-ECO-011,ecosystem,READY,"Registry artifact tail scan: legacy-audit yield, strict-refusal prevalence and checker agreement",31; 32; 33,DEC-ECO-001; DEC-ECO-035; DEC-ECO-075; DEC-ECO-050; DEC-ECO-015; DEC-ECO-030; DEC-LEG-006; DEC-LEG-043; DEC-LEG-065; DEC-LEG-042; DEC-LEG-024; DEC-LEG-037; DEC-LEG-075; DEC-LEG-085,14,linux-wsl2-x86_64; network; large-storage,80,30,False,True,,,"research/tools/ecosystem/registry/{frames.py,sample.py,fetch_scan.py,check_artifact.py,analyze.py,reproduce_upstream.py,policy_drift.py}; rule-map.yaml mapping checker messages to rule ids (judgment); vendored warehouse validation at pinned commit; pinned Go toolchain, skopeo, python-build-standalone CPython 3.13.x and 3.14.x; owner-held sealed seed (SHA-256 committed before freeze) for the held-out block",,True,True,ecosystem.jsonl
EXP-ECO-012,ecosystem,READY,"Format identification and naming: magic, extension, media type, executable-name collisions, polyglots and scanners",32; 33,DEC-CON-017; DEC-CON-019; DEC-CON-021; DEC-CON-023; DEC-ECO-025; DEC-ECO-043; DEC-ECO-020; DEC-CRY-018; DEC-CRY-040,9,linux-wsl2-x86_64; windows-x86_64; network,6,20,False,True,,,"research/tools/ecosystem/identification/{fetch_dbs.sh,static_prefix.py,identify.py,make_test_sets.py,transport.py,glob_magic.py,extensions.py,polyglot_gen.py,polyglot.py,foreign_signatures.py,scanner.py,namespaces.py,registrations.py}; downloads: file/file Magdir, shared-mime-info, DROID signature files, Tika app, TrID defs (if terms permit), EasyBuild easyconfigs clone; apt: clamav, openjdk-21-jre-headless",,True,True,ecosystem.jsonl
EXP-ECO-013,ecosystem,READY,"Incumbent archive and signing CLI usage census from public build, packaging and CI scripts",32; 33,DEC-ECO-005; DEC-ECO-008; DEC-ECO-009; DEC-ECO-010; DEC-ECO-011; DEC-ECO-049; DEC-CMP-013; DEC-ACC-022; DEC-INT-021; DEC-ECO-044; DEC-LEG-030; DEC-ECO-004,12,linux-wsl2-x86_64; network; large-storage,8,40,False,False,,,"research/tools/ecosystem/usage/{frame.py,sample.py,fetch_extract.py,commands.py,normalize_flags.py,classify.py,report.py}; flag-tables/<tool>.yaml normalization tables from pinned manuals (judgment); venv: bashlex, PyYAML",,True,True,ecosystem.jsonl
EXP-ECO-014,ecosystem,READY,Ecosystem tree-digest and normalization interoperability,32,DEC-MOD-017; DEC-MOD-005; DEC-ECO-072; DEC-LEG-014; DEC-ECO-065,5,linux-wsl2-x86_64,6,20,False,True,,,"research/tools/ecosystem/digests/{digests.py,perturb_base.py,perturb_matrix.py,rb_usecases.py,normalizers/*,identities_under_normalization.py,stabilize_parity.py,matrix.py}; pinned: Go toolchain (dirhash), static Nix, swh.model, stabilize (OSS Rebuild at pinned commit); apt: mtree-netbsd, diffoscope; RB expected-verdict table from reproducible-builds documentation (judgment, reviewed)",,True,True,ecosystem.jsonl
EXP-ECO-015,ecosystem,READY,"CLI surface census: parser conformance, help coverage, exit statuses, diagnostics, machine-readable output and synopsis divergence",33,DEC-ECO-006; DEC-ECO-007; DEC-ECO-008; DEC-ECO-009; DEC-ECO-010; DEC-ECO-024; DEC-ECO-036; DEC-ECO-066; DEC-MOD-014; DEC-MOD-032; DEC-MOD-041; DEC-LEG-026; DEC-ACC-021; DEC-ACC-022; DEC-ACC-049; DEC-ACC-054; DEC-PLT-001; DEC-PLT-013; DEC-PLT-015; DEC-PLT-022; DEC-PLT-059; DEC-INT-021; DEC-CRY-086,23,linux-wsl2-x86_64; windows-x86_64,6,10,False,False,,,"research/tools/ecosystem/clisurface/{parsed_options.py,probe_options.py,help_coverage.py,scenarios.py,actionability.py,exit_mappings.py,json_census.py,divergence.py,code_coverage.py,ambient.py,volume.py,invert_digests.py,fixtures.py}; scenarios.yaml, option-effects.yaml, second actionability rule set, exit mapping tables (judgment); venv: rfc8785",,True,True,ecosystem.jsonl
EXP-ECO-016,ecosystem,READY,Default-safety census (unsafe_defaults) of the CLI against incumbent extractors and crypto tools,33,DEC-PLT-007; DEC-PLT-043; DEC-PLT-001; DEC-PLT-009; DEC-PLT-012; DEC-INT-004; DEC-CRY-082; DEC-CRY-061; DEC-CRY-019; DEC-CRY-058; DEC-INT-021; DEC-ECO-023,12,linux-wsl2-x86_64; windows-x86_64,4,5,False,True,,,"research/tools/ecosystem/safety/{fixtures.py,run_tool.py,oracle.py,census.py}; commands/<tool>.yaml minimal default commands and candidate-defaults.yaml (judgment, owner review); pinned: node-tar (npm), .NET SDK, cosign, age; apt: python3.12, gnupg, minisign",,True,True,ecosystem.jsonl
EXP-ECO-017,ecosystem,READY,"Secret material in automation: non-interactive password sources, unlock normalization, key-file permissions",32; 33,DEC-ECO-044; DEC-CRY-056; DEC-CRY-108; DEC-PLT-042; DEC-CRY-041; DEC-CRY-095,6,linux-wsl2-x86_64; windows-x86_64,3,1,False,False,,,"research/tools/ecosystem/secrets/{secret_source_probe.py,sources_matrix.py,automation_check.py,unicode_unlock.py,keyfile_matrix.py,windows_acl.ps1}; pywinpty in a Windows venv on D:; passwords.yaml (synthetic)",,True,True,ecosystem.jsonl
EXP-ECO-018,ecosystem,READY,Task-complexity metrics per first-use task for CLI candidates and incumbents,32; 33,DEC-ECO-011; DEC-ECO-023; DEC-ECO-049; DEC-ECO-005; DEC-ECO-007; DEC-ECO-066; DEC-ECO-062; DEC-ECO-009; DEC-ECO-055; DEC-ECO-063; DEC-ECO-044; DEC-ECO-083; DEC-CMP-013; DEC-ACC-051; DEC-ACC-008; DEC-INT-043; DEC-INT-004; DEC-CRY-040; DEC-CRY-086; DEC-CRY-101; DEC-CRY-063; DEC-CRY-082; DEC-CRY-009; DEC-LEG-013; DEC-PLT-022; DEC-PLT-004; DEC-PLT-007; DEC-PLT-012,28,linux-wsl2-x86_64; windows-x86_64,3,5,False,True,,,"research/tools/ecosystem/tasks/{fixtures.py,run_task.py,check_task.py,count_synopsis.py,aggregate.py}; task scripts per (tool, task) written and independently re-derived (two sessions); candidate synopses authored or approved by candidate owners; concepts.yaml; validation task set; sealed held-out task set",,True,True,ecosystem.jsonl
EXP-ECO-019,ecosystem,NEEDS_TOOLING,"Simulated first-use sessions, output-interpretation probes and the usability-method pilot (SIMULATED, heuristic)",32; 33,DEC-ECO-083; DEC-ECO-023; DEC-ECO-011; DEC-ECO-007; DEC-ECO-005; DEC-ECO-066; DEC-ECO-036; DEC-ECO-055; DEC-ECO-064; DEC-ECO-063; DEC-ECO-024; DEC-ECO-035; DEC-ECO-057; DEC-CMP-036; DEC-CMP-029; DEC-CMP-013; DEC-MOD-023; DEC-MOD-015; DEC-CRY-009; DEC-CRY-040; DEC-CRY-046; DEC-CRY-058; DEC-CRY-061; DEC-CRY-063; DEC-CRY-082; DEC-CRY-086; DEC-CRY-087; DEC-CRY-090; DEC-CRY-094; DEC-INT-004; DEC-INT-021; DEC-INT-038; DEC-INT-042; DEC-ACC-008; DEC-ACC-022; DEC-ACC-035; DEC-ACC-054; DEC-PLT-004; DEC-PLT-007; DEC-PLT-009; DEC-PLT-012; DEC-PLT-013; DEC-PLT-015; DEC-PLT-022; DEC-PLT-023; DEC-PLT-043; DEC-PLT-056; DEC-PLT-059; DEC-LEG-006; DEC-LEG-013,50,linux-wsl2-x86_64; agent-sessions,20,10,False,False,,,"research/tools/usability/{sandbox_shell.py,launch_sessions.py,render_variants.py,probe_checker.py,task_checker.py,code_failures.py}; argument shims (spec-aliases, restore-preset, split-verbs, workload-aliases) with help text; owner-authored output variant templates; session-prompt.md; codebook.yaml; walkthrough protocol; agent token budget: about 3,000 sessions staged (pilot, probes, operational)",,True,True,ecosystem.jsonl
EXP-ECO-020,ecosystem,NEEDS_TOOLING,"Library API shape prototypes: integration-task complexity, type-level verification guarantees and semver cost",32; 33,DEC-MOD-033; DEC-ACC-037; DEC-ACC-050; DEC-ACC-007; DEC-LEG-071; DEC-INT-042; DEC-ACC-039,7,linux-wsl2-x86_64; windows-x86_64; agent-sessions,10,20,False,False,,,"compile-checked API sketch crates per candidate (candidate owners) with integration examples IT01-IT09; trybuild compile-fail and static_assertions suites; research/tools/ecosystem/api/{build_sketches.sh,surface.py,task_complexity.py,deps.py,semver.sh}; pinned cargo-semver-checks; about 180 simulated integrator sessions via the EXP-ECO-019 harness",,True,True,ecosystem.jsonl
EXP-ECO-021,ecosystem,BLOCKED,Human first-use usability study and independent expert heuristic evaluation of the CLI,32; 33,DEC-ECO-005; DEC-ECO-007; DEC-ECO-010; DEC-ECO-011; DEC-ECO-020; DEC-ECO-023; DEC-ECO-036; DEC-ECO-055; DEC-ECO-057; DEC-ECO-064; DEC-ECO-066; DEC-ECO-083; DEC-ACC-035; DEC-ACC-039; DEC-CMP-036; DEC-CRY-009; DEC-CRY-040; DEC-CRY-057; DEC-CRY-061; DEC-CRY-082; DEC-CRY-090; DEC-CRY-094; DEC-CRY-101; DEC-INT-038; DEC-LEG-006; DEC-LEG-013; DEC-LEG-014; DEC-LEG-036; DEC-MOD-015; DEC-MOD-033; DEC-MOD-043; DEC-PLT-007,32,human-participants; external-reviewers; linux; windows,10,5,False,False,,,owner recruitment and consent procedure; remote sandbox terminal reuse of EXP-ECO-019 tooling,"No human participants available to the program (HUMAN_PARTICIPANTS); no independent external usability experts (internal agents are not independent reviewers, decision-method 8.3); recruitment, consent and incentives are owner-run processes outside agent authority",True,True,ecosystem.jsonl
EXP-ECO-022,ecosystem,BLOCKED,"Adopter, gatekeeper, maintainer and consumer field studies",32; 33,DEC-ECO-001; DEC-ECO-004; DEC-ECO-010; DEC-ECO-018; DEC-ECO-019; DEC-ECO-022; DEC-ECO-030; DEC-ECO-033; DEC-ECO-034; DEC-ECO-035; DEC-ECO-039; DEC-ECO-040; DEC-ECO-043; DEC-ECO-046; DEC-ECO-048; DEC-ECO-050; DEC-ECO-052; DEC-ECO-053; DEC-ECO-056; DEC-ECO-058; DEC-ECO-059; DEC-ECO-062; DEC-ECO-065; DEC-ECO-075; DEC-ACC-021; DEC-CRY-001; DEC-LEG-010; DEC-LEG-017; DEC-LEG-029; DEC-MOD-005; DEC-MOD-017,31,human-participants; owner-outreach; registry-accounts,40,20,False,False,,,"owner-led outreach list, interview guides, consent handling; pilots reuse EXP-ECO-006/007/008/011 scripts","No human participants (named adopter teams, registry gatekeepers, build-system maintainers, archivists, publishers, integrators); contacting external parties means sending messages on the owner's behalf, which agents may not do; Maven Central staging upload and registry pilots need owner accounts and publishing approval",True,True,ecosystem.jsonl
EXP-EVAL-001,evaluation,READY,"Incumbent baseline completion: size, determinism, round-trip (timing disabled)",6; 7,DEC-ECO-031; DEC-ECO-077; DEC-CMP-011; DEC-ECO-070; DEC-ECO-069,5,linux-wsl2-x86_64; large-storage,235,60,False,True,,,research/baselines/merge_size_pass.py (analysis only; execution needs nothing new),,True,True,evaluation.jsonl
EXP-EVAL-002,evaluation,NEEDS_TOOLING,"Whole-system deterministic comparison: REF-PROD vs capability-matched specialists (size, fixed overhead, determinism, round-trip, self-containment)",6; 34; 35,DEC-CMP-011; DEC-ECO-070; DEC-ECO-031; DEC-ECO-069; DEC-CON-022; DEC-ECO-043; DEC-CRY-042,7,linux-wsl2-x86_64; privileged-wsl-root; large-storage,180,80,False,True,,,"research/experiments/EXP-EVAL-002/refprod_sample.sh; research/experiments/EXP-EVAL-002/retrofit_sample.sh; research/baselines/probes/concat_stream_min.py; research/baselines/patch_from.py; research/experiments/EXP-EVAL-002/make_specs.py; REF-PROD build at 9e44608 (/root/eb-research/target/refprod); gates G-A (constraint-crosswalk.csv, ledger schema v2, validation-looks.jsonl) and G-B (frozen heldout-lock.json, workload-mix.json, research/tools/decide)",,True,True,evaluation.jsonl
EXP-EVAL-003,evaluation,NEEDS_TOOLING,"Measurement-instrument validation: R1-16 RSS accounting, Windows commit, write accounting, runner additions, harness-vs-CLI timing parity",7,DEC-ECO-082; DEC-MOD-045,2,linux-wsl2-x86_64; windows-11-x86_64-nonadmin; privileged-wsl-root; quiet-window,13,10,True,True,,,"ebr execute.py R1-16 fix (null max_rss without GNU time; labelled ru_maxrss); ebr runner additions (decision-method.md 14 item 3); research/experiments/EXP-EVAL-003/tools/alloc_child.py; research/experiments/EXP-EVAL-003/tools/write_child.py; ebr selftest hooks (EBR_SELFTEST_RUNNER_BALLAST_MIB, EBR_DISABLE_GNU_TIME) and Windows peak_commit_bytes resource metric; research/tools/tests/test_runner_controls.py; research/experiments/EXP-EVAL-003/run_windows.ps1; research/experiments/EXP-EVAL-003/spec-parity.yaml; research/harness/build-feature-off.sh; research/experiments/EXP-EVAL-003/analyze.py",,True,True,evaluation.jsonl
EXP-EVAL-004,evaluation,NEEDS_TOOLING,"Timing/memory protocol calibration per environment (A/A, A/A', known effect, background load, speedup A/A) and measurement-protocol comparison",7,DEC-ECO-082,1,linux-wsl2-x86_64; windows-11-x86_64-nonadmin; privileged-wsl-root; quiet-window,80,20,True,True,,,"ebr runner additions (decision-method.md 14 item 3; validated by EXP-EVAL-003); research/experiments/EXP-EVAL-004/prep_archives.sh; research/experiments/EXP-EVAL-004/ke_calibrate.py; research/experiments/EXP-EVAL-004/build_aap.sh; research/experiments/EXP-EVAL-004/make_arm_specs.py; research/experiments/EXP-EVAL-004/stage_windows_items.py; research/experiments/EXP-EVAL-004/run_windows_arm.ps1; research/experiments/EXP-EVAL-004/bgload.py; research/experiments/EXP-EVAL-004/protocols/{fixed_median.py,ci_width_stop.py,scenario_publish.sh}; research/tools/decide calibrate (decision-method.md 14 item 2); counting allocator (14 item 17) for alloc_peak_bytes arm",sub-arm P6 hardware counters PLATFORM_BLOCKED (no PMU in WSL2; Windows PMC needs admin),True,True,evaluation.jsonl
EXP-EVAL-005,evaluation,NEEDS_TOOLING,"Whole-system timing, memory and local-access baseline: REF-PROD vs capability-matched incumbents (quiet windows, production-built ebound)",7; 35,DEC-CMP-011; DEC-ECO-070; DEC-ACC-002; DEC-ECO-031; DEC-ECO-069; DEC-ECO-043; DEC-CRY-042,7,linux-wsl2-x86_64; windows-11-x86_64-nonadmin; privileged-wsl-root; quiet-window; large-storage,260,120,True,True,,,"prerequisite PASS: EXP-EVAL-003 (incl. arm P, P-access) and EXP-EVAL-004 per env/family; research/experiments/EXP-EVAL-005/prep_artifacts.sh; research/experiments/EXP-EVAL-005/make_specs.py; research/experiments/EXP-EVAL-005/ops/{extract.sh,verify.sh,list.sh,stream_unpack.sh}; research/experiments/EXP-EVAL-005/ops/incumbent_random_access.py (libarchive-c, zipfile); research/baselines/tool-versions-windows.json + Windows tool staging; gates G-A (constraint-crosswalk.csv, ledger schema v2, validation-looks.jsonl) and G-B (frozen heldout-lock.json, workload-mix.json, research/tools/decide)",squashfs/dwarfs FUSE access rows BLOCKED if /dev/fuse unavailable in WSL2; macOS/ARM64 scope in EXP-EVAL-013,True,True,evaluation.jsonl
EXP-EVAL-006,evaluation,NEEDS_TOOLING,"Capability-claim verification probes vs incumbents (tamper detection, encrypted names/size hiding, multi-recipient/PQ, signatures surviving recompression, fidelity, safe extraction, streaming/access marks, ubiquity)",6; 35,DEC-CRY-042; DEC-CRY-043; DEC-CRY-044; DEC-PLT-024; DEC-PLT-039; DEC-ACC-002; DEC-ECO-069; DEC-ECO-070; DEC-ECO-031,9,linux-wsl2-x86_64; windows-11-x86_64-nonadmin; privileged-wsl-root; network; external-review,30,40,False,True,,,"research/experiments/EXP-EVAL-006/acquire_tools.sh; research/experiments/EXP-EVAL-006/probes/{tamper_campaign.py,region_map.py,visibility_probe.py,length_observer.py,recipients_probe.py,signature_survival.py,fidelity_matrix.py,safe_extract.py,stream_access_marks.py,ubiquity_inventory.py}; research/experiments/EXP-EVAL-006/make_specs.py; research/experiments/EXP-EVAL-006/claims_table.py; specialist baseline configurations (decision-method.md 14 item 19); gates G-A (constraint-crosswalk.csv, ledger schema v2, validation-looks.jsonl) and G-B (frozen heldout-lock.json, workload-mix.json, research/tools/decide)",AEA/AA/APFS rows PLATFORM_BLOCKED (EXP-EVAL-013); RAR5 creation needs owner approval of RARLAB trial licence (fallback: existing fixtures); construction-security comparisons routed to external crypto review,True,True,evaluation.jsonl
EXP-EVAL-007,evaluation,NEEDS_TOOLING,"Corpus composition and weighting sensitivity, incumbent tuning parity, held-out and sealed-tranche power feasibility (incumbent-only analysis)",6; 35,DEC-ECO-077; DEC-ECO-031; DEC-ECO-076,3,any,1,0.1,False,False,,,research/experiments/EXP-EVAL-007/analyze.py; research/methods/workload-mix.json (decision-method.md 14 item 13; committed first); inputs: EXP-EVAL-001 complete + research/baselines/merge_size_pass.py,,True,True,evaluation.jsonl
EXP-EVAL-008,evaluation,NEEDS_TOOLING,"Stable-v1 boundary scoring method (disposition rubric counterexample search and robustness), evidence-classification scheme reliability, negative-results registry audit",34; 35,DEC-ACC-004; DEC-ACC-009; DEC-ACC-026; DEC-ACC-028; DEC-ACC-037; DEC-ACC-040; DEC-ACC-047; DEC-ACC-050; DEC-ACC-051; DEC-CMP-008; DEC-CMP-010; DEC-CMP-023; DEC-CMP-025; DEC-CON-002; DEC-CON-003; DEC-CON-008; DEC-CON-010; DEC-CON-011; DEC-CON-012; DEC-CON-013; DEC-CON-014; DEC-CON-016; DEC-CON-017; DEC-CON-019; DEC-CON-022; DEC-CON-029; DEC-CON-030; DEC-CRY-001; DEC-CRY-007; DEC-CRY-017; DEC-CRY-024; DEC-CRY-027; DEC-CRY-031; DEC-CRY-032; DEC-CRY-034; DEC-CRY-057; DEC-CRY-071; DEC-CRY-075; DEC-CRY-086; DEC-CRY-102; DEC-CRY-103; DEC-CRY-107; DEC-ECO-003; DEC-ECO-007; DEC-ECO-037; DEC-ECO-040; DEC-ECO-042; DEC-ECO-049; DEC-ECO-058; DEC-ECO-061; DEC-ECO-067; DEC-ECO-068; DEC-ECO-073; DEC-ECO-079; DEC-ECO-080; DEC-ECO-083; DEC-INT-035; DEC-INT-037; DEC-INT-047; DEC-LEG-010; DEC-LEG-011; DEC-LEG-024; DEC-LEG-029; DEC-LEG-034; DEC-LEG-040; DEC-LEG-045; DEC-LEG-051; DEC-LEG-056; DEC-LEG-063; DEC-LEG-071; DEC-MOD-001; DEC-MOD-005; DEC-MOD-006; DEC-MOD-008; DEC-MOD-009; DEC-MOD-010; DEC-MOD-016; DEC-MOD-018; DEC-MOD-020; DEC-MOD-021; DEC-MOD-024; DEC-MOD-027; DEC-MOD-028; DEC-MOD-030; DEC-MOD-031; DEC-MOD-033; DEC-MOD-036; DEC-MOD-038; DEC-MOD-041; DEC-MOD-043; DEC-PLT-007; DEC-PLT-011; DEC-PLT-013; DEC-PLT-025; DEC-PLT-035; DEC-PLT-046; DEC-PLT-047; DEC-PLT-049; DEC-PLT-053; DEC-PLT-062,100,any; agent-rater-sessions,2,1,False,False,,,"research/tools/decide/v1_scope.py (gen-synthetic, check, perturb, apply); research/experiments/EXP-EVAL-008/adversarial-scenarios.jsonl; research/experiments/EXP-EVAL-008/rater_packets.py; research/experiments/EXP-EVAL-008/kappa.py; research/experiments/EXP-EVAL-008/outcome_audit.py; ledger schema v2 + add_later_class + depends_on fields",,True,True,evaluation.jsonl
EXP-EVAL-009,evaluation,NEEDS_TOOLING,"Reproducibility-package drill: analysis-only regeneration, clean-host re-execution, non-reproducible-input inventory, bundle cost, hermetic Nix arm",7,DEC-ECO-081; DEC-ECO-031,2,linux-wsl2-x86_64; windows-11-x86_64-nonadmin; network; large-storage,12,60,False,True,,,"research/experiments/EXP-EVAL-009/regen_diff.py; research/experiments/EXP-EVAL-009/import_clean_distro.ps1; research/experiments/EXP-EVAL-009/clean_host_drill.sh; research/experiments/EXP-EVAL-009/cell_diff.py; research/experiments/EXP-EVAL-009/inventory.py; research/experiments/EXP-EVAL-009/nix/{flake.nix,flake.lock,run_nix_arm.sh}","Docker digest-pinned-image arm BLOCKED (Docker Desktop startup failure, AF_UNIX error 1920); external archive deposit and third-party replication are owner actions, not executed",True,True,evaluation.jsonl
EXP-EVAL-010,evaluation,NEEDS_TOOLING,"Held-out readiness audits before lock freeze and design freeze (content overlap and lineage, transcript exposure, materialization, same-upstream tuning, public-benchmark tagging, section 5.8 audits)",6; 35,DEC-ECO-076; DEC-ECO-077,2,linux-wsl2-x86_64; windows-11-x86_64-nonadmin; corpus-session-heldout-aware,3,1,False,False,,,research/corpus/tools/overlap_audit.py; research/corpus/tools/transcript_audit.py; research/corpus/tools/materialization_audit.py; research/corpus/tools/upstream_lineage_check.py; research/corpus/tools/benchmark_tag_audit.py; research/decisions/tools/freeze_audit.py; research/decisions/l7-exposures.jsonl,,True,True,evaluation.jsonl
EXP-EVAL-011,evaluation,NEEDS_TOOLING,"Sealed supplementary held-out tranche (method review G01): keyed post-freeze selection, sealing and custody procedure, seed revealed after runs",6; 35,DEC-ECO-076; DEC-ECO-077; DEC-ECO-031,3,linux-wsl2-x86_64; network; large-storage; owner-action,30,130,False,False,,,"research/corpus/tools/sealed_commit_seed.ps1; research/corpus/tools/sealed_select.py (select, --verify); research/corpus/sealed/pools.json; research/decisions/sealed-slot-plan.json (from EXP-EVAL-007); ebr support for manifest.public.json + private path map + split heldout-sealed guarded by EB_HELDOUT_UNLOCK; overlap_audit.py sealed mode (EXP-EVAL-010)",execution window opens only after design-freeze Commit A (before unlock Commit C); requires program-owner seed custody and non-agent execution,True,True,evaluation.jsonl
EXP-EVAL-012,evaluation,BLOCKED,"Final held-out whole-system evaluation (Phase D placeholder): R5 for every frozen decision, CC outcomes, capability-matched incumbent comparisons, workloads where Entrybound is not best",34; 35,DEC-ACC-002; DEC-ACC-034; DEC-ACC-041; DEC-CMP-001; DEC-CMP-011; DEC-CMP-017; DEC-CMP-027; DEC-CMP-032; DEC-CMP-034; DEC-CMP-035; DEC-CMP-036; DEC-CRY-042; DEC-CRY-043; DEC-CRY-044; DEC-ECO-031; DEC-ECO-043; DEC-ECO-055; DEC-ECO-058; DEC-ECO-069; DEC-ECO-070; DEC-ECO-076; DEC-ECO-077; DEC-ECO-080; DEC-INT-006; DEC-LEG-022; DEC-LEG-028; DEC-LEG-043; DEC-LEG-058; DEC-MOD-011; DEC-MOD-017; DEC-PLT-024; DEC-PLT-035; DEC-PLT-039,33,linux-wsl2-x86_64; windows-11-x86_64-nonadmin; privileged-wsl-root; quiet-window; network-emulation-app-level; large-storage; owner-action,500,250,True,False,,,research/decisions/tools/make_heldout_specs.py; research/tools/decide heldout-mde / heldout / system-eval; research/decisions/design-freeze.json and research/corpus/heldout-unlock.json procedures,"Phase D prerequisites unmet: design freeze Commits A/B, unlock Commit C, gates G-A/G-B/G-C, frozen heldout-lock, EXP-EVAL-010 audits, EXP-EVAL-011 sealed tranche; held-out access forbidden before Commit C (decision-method.md 5.4-5.5)",True,True,evaluation.jsonl
EXP-EVAL-013,evaluation,BLOCKED,"Claim-scope extension to macOS/APFS and native ARM64 (AEA/AA probes, APFS fidelity comparison, ARM64 timing direction and determinism)",35,DEC-CRY-042; DEC-CRY-043; DEC-CRY-044; DEC-PLT-024; DEC-PLT-035; DEC-PLT-062; DEC-CMP-011; DEC-ECO-070; DEC-ACC-002,9,macos-apfs-arm64; linux-arm64-native; quiet-window; network,150,150,True,False,,,"research/experiments/EXP-EVAL-013/macos/{build_refprod.sh,make_apfs_fixture.sh}; research/experiments/EXP-EVAL-013/det_compare.py; EXP-EVAL-004/005/006 generators with arm64 and macOS environments","PLATFORM_BLOCKED: requires macOS 14+ on Apple silicon with APFS, and a native aarch64 Linux host; hosted runners declined (2026-09-12); emulated ARM64 via Docker unavailable and never valid for timing",True,True,evaluation.jsonl
EXP-INT-001,integrity,NEEDS_TOOLING,"Region-stratified corruption campaign: detection, fault class, localization and blast radius",24; 8.5; 11; 29,DEC-INT-002; DEC-INT-006; DEC-INT-007; DEC-INT-018; DEC-INT-019; DEC-INT-020; DEC-CMP-027; DEC-MOD-014,8,"wsl-ubuntu (x86_64, ext4); windows-host (x86_64, NTFS on D:, non-admin) (informational cross-host subsample)",260,46,False,True,,,"ebr-int-campaign driver (new harness crate research/harness/crates/ebr-integrity); T1 ebr-int-map region and closure map; T2 ebr-int-inject; T3 ebr-int-probe with overlay optimization and equivalence precondition; T4 ebr-int-incumbent adapters; T5 verify-level and damage-map prototypes; T11(a) byte-verification log and T11(d) reader-option hooks (research-internals, additive); research/tools/integrity/verify_detail.py; damage-prevalence.md primary-source survey (before runs)",,True,True,integrity.jsonl
EXP-INT-002,integrity,NEEDS_TOOLING,"Truncation, appended-data and boundary-cut campaign: outcome precedence and intact-prefix reporting",24; 11; 28; 29,DEC-INT-040; DEC-INT-041; DEC-INT-006,3,"wsl-ubuntu (x86_64, ext4); windows-host (x86_64, NTFS on D:, non-admin) (informational cross-host subset)",100,22,False,True,,,T1 STREAM item walker and crypto-v1 framing walker; T2 truncation classes; T3 probes; T6 stream-forward-scan and intact-entry salvage prototypes; T11(a) check-trace hook; research/tools/integrity/replay_rules.py and rules/*.json; research/tools/integrity/truncation_info_model.py,,True,True,integrity.jsonl
EXP-INT-003,integrity,NEEDS_TOOLING,Verification-state honesty and status-vocabulary conformance matrix (MVT-15(a)),24; 12; 22.4; 33,DEC-INT-042; DEC-INT-044; DEC-ACC-035; DEC-INT-021; DEC-INT-038; DEC-CRY-090; DEC-INT-020; DEC-MOD-014,8,"wsl-ubuntu (x86_64, ext4); windows-host (x86_64, NTFS on D:, non-admin) (CLI subset)",45,11,False,True,,,ebr-int-statematrix driver; T11(a) byte-verification log hook; ebr-origin wrapper for one-shot matrix cells; state_api research schemas and trybuild compile-fail tests; research/tools/integrity/state_census.py; research/tools/integrity/exit_status_survey.sh; audit/flag-check-map.csv (independent session); patterns/exit-status-scripts.txt,,True,True,integrity.jsonl
EXP-INT-004,integrity,NEEDS_TOOLING,"Verification levels, continue-on-error damage maps and container-digest pre-checks: coverage, cost and hostile amplification",24; 13,DEC-INT-043; DEC-INT-007; DEC-INT-028,3,"wsl-ubuntu (x86_64, ext4); windows-host (x86_64, NTFS on D:, non-admin) (timing arm after runner additions)",60,16,True,True,,,"T5 ebr-int-verify-levels (levels, continue-collect, container-digest, stored-bytes-digest stand-in); counting allocator (decision-method section 14 item 17); research/tools/integrity/prepack.py; runner additions and EXP-CAL-* calibration (G-B timing gates)",,True,True,integrity.jsonl
EXP-INT-005,integrity,NEEDS_TOOLING,Crash consistency and failure-path matrix for every output path (MVT-18(a)),24; 21; 23,DEC-INT-003; DEC-INT-031; DEC-INT-039; DEC-LEG-038; DEC-INT-047,5,"wsl-ubuntu (x86_64, ext4) (root, loop ext4/XFS/btrfs, dm-error); windows-host (x86_64, NTFS on D:, non-admin)",126,40,False,True,,,"T7 ebr-int-kill (ptrace syscall stepper, ALICE-style crash-state generator, Windows job-object killer); T8 ebr-int-fsfault (loop filesystems, dm-error, rename-failure fixtures); ebr-int-txn transaction-pattern and extraction-policy shim",Sub-arms blocked: Windows disk-full and ReFS need admin; power loss is EXP-INT-018; APFS is EXP-INT-019,True,True,integrity.jsonl
EXP-INT-006,integrity,NEEDS_TOOLING,Verified extraction staging: disk and memory cost and time to first verified entry,24; 13,DEC-INT-039,1,"wsl-ubuntu (x86_64, ext4); windows-host (x86_64, NTFS on D:, non-admin) (after runner additions)",30,60,True,True,,,"ebr-int-extract (stage-then-materialize, per-entry streaming, temp-tree atomic move, marked streaming) with in-process first-entry timer; T12 crafted STREAM authority-contradiction archives; research/tools/integrity/tree_compare.py; research/tools/integrity/prepack.py; G-B timing gates",,True,True,integrity.jsonl
EXP-INT-007,integrity,NEEDS_TOOLING,"Incremental base-chain model: base references, chain resolution bounds, deletion representations and role confusion",23; 12; 34,DEC-INT-001; DEC-INT-016; DEC-INT-017; DEC-INT-032; DEC-INT-005; DEC-INT-037; DEC-MOD-001; DEC-MOD-020; DEC-ACC-038,9,"wsl-ubuntu (x86_64, ext4)",30,20,False,True,,,"T9 research/tools/integrity/ebr_chain.py (MODEL of Incremental role, resolvers, hostile chain generator, record-size model); Rust port of the resolver core for the HC-06 allocator oracle; role-parameterized LAI descriptor model",,True,True,integrity.jsonl
EXP-INT-008,integrity,NEEDS_TOOLING,"Sidecars and external references: missing/renamed/stale originals, locator resolution security, sidecar overhead",23; 25; 27; 32,DEC-INT-013; DEC-INT-014; DEC-INT-026; DEC-INT-036; DEC-INT-045; DEC-LEG-056; DEC-MOD-046; DEC-CRY-093; DEC-LEG-025; DEC-INT-005; DEC-INT-037; DEC-MOD-001,12,"wsl-ubuntu (x86_64, ext4); windows-host (x86_64, NTFS on D:, non-admin)",50,38,True,True,,,research/tools/integrity/sidecar_matrix.py; T9 content-free sidecar and External-reference model; T10 ebr-int-resolver-suite; MVT-07(d)-style mutator for concurrent modification; tar-split build (pinned commit),APFS arm is EXP-INT-019,True,True,integrity.jsonl
EXP-INT-009,integrity,READY,"Identity reproduction and binding staleness under rewrite, re-plan and substitution operations",23; 24; 14; 22.4,DEC-INT-016; DEC-INT-011; DEC-INT-028; DEC-CRY-033; DEC-LEG-040; DEC-LEG-046; DEC-INT-046,7,"wsl-ubuntu (x86_64, ext4); windows-host (x86_64, NTFS on D:, non-admin)",24,15,False,True,,,,Encrypted-operation sub-arm deferred (needs scriptable recipient identities; EXP-INT-016 tooling),True,True,integrity.jsonl
EXP-INT-010,integrity,NEEDS_TOOLING,"External parity: overhead versus recovery probability, verified repair and in-format comparison",24; 30; 31; 32,DEC-INT-012; DEC-INT-027; DEC-INT-015; DEC-INT-031,4,"wsl-ubuntu (x86_64, ext4)",155,60,False,True,,,"ebr-int-parity (RaptorQ and Reed-Solomon research containers, in-format chunk-aligned prototype, damage trials, analytic recovery model); par2cmdline-turbo and par3cmdline builds (approved downloads); research/tools/integrity/parity_curves.py; survey/parity-formats.md (primary sources, before runs)",,True,True,integrity.jsonl
EXP-INT-011,integrity,NEEDS_TOOLING,"Out-of-band carrier survival through copy, archive, HTTP and object-store transfers",24; 32,DEC-INT-011; DEC-INT-034; DEC-LEG-056,3,"wsl-ubuntu (x86_64, ext4); windows-host (x86_64, NTFS on D:, non-admin)",6,10,False,True,,,"T13 research/tools/integrity/carrier_matrix.py; MinIO server and mc client (approved downloads, localhost only)",Real cloud services and sync clients are EXP-INT-020; APFS and Finder are EXP-INT-019,True,True,integrity.jsonl
EXP-INT-012,integrity,NEEDS_TOOLING,Salvage prototypes: intact-entry recovery rate and false-recovery rate versus incumbent repair tools,24; 30; 33; 34,DEC-INT-035; DEC-INT-041; DEC-INT-015; DEC-INT-031; DEC-INT-034,5,"wsl-ubuntu (x86_64, ext4)",85,43,False,True,,,"T6 ebr-int-salvage (intact-entry, best-effort, chunk carving, ZIP local-header scan); ebr-int-campaign salvage mode; T4 incumbent repair adapters; gzrt build (reference tool)",,True,True,integrity.jsonl
EXP-INT-013,integrity,NEEDS_TOOLING,Stored-payload canonicality and legacy integrity-check strictness,24; 25; 29; 30,DEC-INT-008; DEC-INT-022; DEC-LEG-078; DEC-LEG-021,4,"wsl-ubuntu (x86_64, ext4)",23,30,False,True,,,"T12 ebr-int-reseal; T15 ebr-int-fixtures; research/tools/integrity/payload_arms.py (prevalence scanner included); reader-option prototypes (single-frame enforcement, stored-bytes checks, ISIZE comparisons); survey/decoder-cves.md",,True,True,integrity.jsonl
EXP-INT-014,integrity,NEEDS_TOOLING,Writer-side verification scope and reconstructive-transform differential decoding,24; 8.7; 8.8; 28,DEC-CMP-044; DEC-INT-030,2,"wsl-ubuntu (x86_64, ext4); windows-host (x86_64, NTFS on D:, non-admin); qemu-user aarch64 (EMULATED, correctness only)",93,25,True,True,,,"T11(b) encoder-output fault hook (research-internals, additive); research/tools/integrity/writer_scope_and_vectors.py; reconstruction vector extractor; C++ preflate reference and libjxl djxl builds; cross-compiled aarch64 ebound and qemu-user-static; survey/encoder-incidents.md",Native ARM64 arm is EXP-INT-019,True,True,integrity.jsonl
EXP-INT-015,integrity,NEEDS_TOOLING,Merkle and range-verification soundness counterexample search and structure cost model,24; 11; 12; 28,DEC-INT-024; DEC-MOD-007; DEC-INT-029; DEC-CON-020,4,"wsl-ubuntu (x86_64, ext4)",36,15,False,True,,,"T14 research/tools/integrity/ebr_int_merkle.py (independent model, counterexample generators, cost model); prototype outboards (Bao via bao or abao crate, paged subtree); T12 ebr-int-reseal; adversarial-search/protocol.md; formal/merkle-soundness.md with independent sign-off",,True,True,integrity.jsonl
EXP-INT-016,integrity,NEEDS_TOOLING,"Encrypted archive integrity: unread-segment tampering, truncation/reorder/splice, encrypted salvage, remote verification cost",24; 22.1; 22.4; 22.5; 12,DEC-INT-010; DEC-INT-033; DEC-CRY-080; DEC-CRY-073; DEC-CRY-033,5,"wsl-ubuntu (x86_64, ext4)",55,20,False,True,,,"research/tools/integrity/crypto_integrity.py; crypto-v1 framing walker and segment/stanza tamper operations; T11(a) and T11(e) research hooks (verification log, per-record decrypt); scriptable X-Wing test recipient identities; remote verification prototype and local TLS terminator over ebr-origin; research/tools/integrity/crypto_dossier_extract.py",Security adequacy of the segment construction (DEC-CRY-080) requires external review; real CDNs are EXP-INT-020,True,True,integrity.jsonl
EXP-INT-017,integrity,NEEDS_TOOLING,"Legacy-artifact provenance verification: re-export reproducibility, strict re-import comparison, LOSSY difference gate",24; 27; 32,DEC-LEG-009; DEC-INT-023; DEC-INT-045,3,"wsl-ubuntu (x86_64, ext4); windows-host (x86_64, NTFS on D:, non-admin)",28,40,True,True,,,T11(c) export-encoder mutation hook (ebr-int-export-hook); EAM diff tool mapping differences to typed issues; research/tools/integrity/export_provenance.py; targets.json capture,,True,True,integrity.jsonl
EXP-INT-018,integrity,BLOCKED,"Power-loss crash consistency on NTFS, ReFS and real block devices",24; 21,DEC-INT-003; DEC-INT-031; DEC-INT-039; DEC-INT-047,4,windows admin with Hyper-V (unavailable); linux kernel with dm-log-writes (unavailable); physical drives with power-cut rig (unavailable),100,100,False,False,,,block-log replay harness (CrashMonkey or xfstests replay-log); Hyper-V checkpoint and forced-reset automation; power-cut rig controller,Windows power-loss emulation needs admin and Hyper-V; WSL2 kernel lacks dm-log-writes and dm-flakey (checked 2026-09-17); no physical power-cut rig,True,True,integrity.jsonl
EXP-INT-019,integrity,BLOCKED,macOS/APFS and native ARM64 integrity arms,23; 24; 15; 21,DEC-INT-034; DEC-INT-003; DEC-INT-039; DEC-LEG-056; DEC-INT-013; DEC-INT-046; DEC-INT-030,7,macos-arm64 (PLATFORM_BLOCKED),20,30,False,True,,,research/tools/integrity/macos_arms.py; aarch64-apple-darwin B-PROD build,PLATFORM_BLOCKED: no macOS host and no native ARM64 host; hosted runners declined by the program owner,True,True,integrity.jsonl
EXP-INT-020,integrity,BLOCKED,"Real cloud object stores, CDNs and sync clients as carriers and remote origins",24; 12; 32,DEC-INT-011; DEC-INT-034; DEC-CRY-073; DEC-INT-026; DEC-INT-010,5,"external cloud services (unavailable); windows-host (x86_64, NTFS on D:, non-admin); wsl-ubuntu (x86_64, ext4)",10,50,False,False,,,"provider adapters for the carrier and remote drivers (aws, gcloud storage, azcopy, rclone)","Requires owner-provisioned cloud, CDN and sync-client accounts, owner-supplied credentials, spending approval, and real network paths (only application-level emulation exists)",True,True,integrity.jsonl
EXP-LEGACY-001,legacy,NEEDS_TOOLING,"ZIP runtime differential outcome matrix (primitive cases x pinned runtimes x Windows/WSL; Entrybound strict, compat, preserve)",25,DEC-ECO-047; DEC-LEG-001; DEC-LEG-012; DEC-LEG-031; DEC-LEG-032; DEC-LEG-070; DEC-LEG-077; DEC-LEG-078; DEC-LEG-079; DEC-LEG-080; DEC-LEG-081; DEC-LEG-082; DEC-LEG-083; DEC-LEG-084; DEC-LEG-085; DEC-LEG-086; DEC-LEG-087; DEC-LEG-089; DEC-LEG-090; DEC-LEG-092; DEC-LEG-094; DEC-LEG-095; DEC-LEG-102; DEC-LEG-103; DEC-LEG-104; DEC-LEG-105; DEC-INT-022; DEC-PLT-010,28,linux-x86_64-wsl2; windows-x86_64-nonadmin-interop; macos-columns-blocked(EXP-LEGACY-080),30,20,False,True,,,"research/tools/legacy/cases/zip_cases.py (C0-C14); research/tools/legacy/materialize_cases.py; research/tools/legacy/run_matrix.py; research/tools/legacy/ebound_import.py; research/tools/legacy/matrix.py; reader drivers: py_zip.py, ZipReaders.java, CommonsReaders.java, bsdtar.py, unzip.py, sevenzip.py, goread, DotnetRead, expand_archive.ps1, explorer_copyhere.ps1, noderead.mjs, warehouse_check.py; ebr-legacy-readers (zip2); research/tools/legacy/acquire_runtimes.py + runtime-lock.json; bubblewrap install in WSL; Linux builds: CPython 3.13.5, libarchive 3.8.8, JDK 25 download, 7-Zip 26 Windows, Go latest",,True,True,legacy.jsonl
EXP-LEGACY-002,legacy,NEEDS_TOOLING,"tar runtime differential and dialect matrix (GNU tar, libarchive, Python, Go, Rust, busybox, star, 7-Zip, .NET, Node, Commons; tar-strict/v1)",25,DEC-ECO-047; DEC-LEG-001; DEC-LEG-020; DEC-LEG-061; DEC-LEG-062; DEC-LEG-063; DEC-LEG-064; DEC-LEG-065; DEC-LEG-066; DEC-LEG-067; DEC-LEG-069; DEC-PLT-010; DEC-PLT-021; DEC-PLT-051,14,linux-x86_64-wsl2; windows-x86_64-nonadmin-interop,25,15,False,True,,,"research/tools/legacy/cases/tar_cases.py (T0-T13); research/tools/legacy/cases/tar_writer_matrix.py; drivers gnutar.py, py_tar.py, busybox.py, star.py, noderead.mjs, DotnetRead tar; ebr-legacy-readers (tar 0.4, astral-tokio-tar pre/post fix); research/tools/legacy/models/tar_model.py; builds: GNU tar 1.34, libarchive 3.8.8, schilytools star; busybox-static",,True,True,legacy.jsonl
EXP-LEGACY-003,legacy,NEEDS_TOOLING,7z implementation differential and coder/filter matrix,25; 26,DEC-ECO-047; DEC-LEG-012; DEC-LEG-031; DEC-LEG-032; DEC-LEG-049; DEC-LEG-050; DEC-LEG-052; DEC-LEG-054; DEC-LEG-055; DEC-PLT-010; DEC-PLT-021,11,linux-x86_64-wsl2; windows-x86_64-nonadmin-interop; onedrive-placeholder-capture-blocked(interactive session),10,20,False,True,,,"research/tools/legacy/cases/sevenz_cases.py (S1-S9); research/tools/legacy/cases/sevenz_writer_matrix.py; research/tools/legacy/source_cite.py; drivers sevenzip.py, py7zr_read.py; acquisition: 7-Zip 26 Windows and 7zz Linux, p7zip 16.02 build, 7-Zip-zstd fork, py7zr venv",,True,True,legacy.jsonl
EXP-LEGACY-004,legacy,NEEDS_TOOLING,"Compressed-transport differential, integrity checks, detection ambiguity and decoder memory",25; 26,DEC-LEG-007; DEC-LEG-037; DEC-LEG-069; DEC-LEG-072; DEC-LEG-074; DEC-LEG-075; DEC-LEG-106; DEC-LEG-107; DEC-INT-022,9,linux-x86_64-wsl2; windows-x86_64-nonadmin-interop,20,40,False,True,,,"research/tools/legacy/cases/transport_cases.py (X1-X10); ebr-legacy-decmem (counting allocator); drivers stream_cli.py, py_stream.py; builds: zstd 1.5.7 with legacy support, xz 5.8.x",,True,True,legacy.jsonl
EXP-LEGACY-005,legacy,NEEDS_TOOLING,Differential fuzzing of compat rule models against pinned runtimes (ZIP profiles; tar and 7z model prototypes),25,DEC-LEG-001; DEC-LEG-063; DEC-LEG-078; DEC-LEG-081; DEC-LEG-082; DEC-LEG-087; DEC-ECO-047,7,linux-x86_64-wsl2(24+ vCPU); windows-x86_64-nonadmin-interop(1% replay),190,30,False,True,,,"research/tools/legacy/fuzz/{zipmut.py,tarmut.py,sevenzmut.py,campaign.py,minimize.py,replay.py,server_py.py,ServerJava.java}; research/tools/legacy/models/{tar_model.py,sevenz_model.py}; ebr-legacy-import (in-process compat projection)",,True,True,legacy.jsonl
EXP-LEGACY-006,legacy,READY,"Baseline probe refusal findings: scope and cause of symlink export refusal, non-UTF-8 name refusal and POSIX ACL/mode refusal",27; 25,DEC-LEG-015; DEC-LEG-029; DEC-LEG-032; DEC-LEG-036; DEC-LEG-067; DEC-LEG-068; DEC-LEG-094; DEC-MOD-019; DEC-PLT-021; DEC-MOD-038; DEC-PLT-052,11,"linux-x86_64-wsl2(root, loop devices)",1,1,False,True,,,experiment-local: research/experiments/EXP-LEGACY-006/findings_cases.py and run_findings.py (fully specified in protocol section 7); ebound builds at 9e44608 and record HEAD (standard pinned-toolchain builds),,True,True,legacy.jsonl
EXP-LEGACY-010,legacy,NEEDS_TOOLING,"Real-world legacy artifact prevalence, per-rule strict refusal rates and reference-reader ambiguity (tail-sampled public ecosystems)",25; 26,DEC-LEG-058; DEC-LEG-043; DEC-LEG-102; DEC-LEG-103; DEC-LEG-104; DEC-LEG-105; DEC-LEG-090; DEC-LEG-092; DEC-LEG-094; DEC-LEG-077; DEC-LEG-070; DEC-LEG-085; DEC-LEG-088; DEC-LEG-089; DEC-LEG-099; DEC-LEG-012; DEC-LEG-031; DEC-LEG-032; DEC-LEG-033; DEC-LEG-095; DEC-LEG-061; DEC-LEG-062; DEC-LEG-064; DEC-LEG-065; DEC-LEG-066; DEC-LEG-067; DEC-LEG-069; DEC-LEG-049; DEC-LEG-050; DEC-LEG-052; DEC-LEG-054; DEC-LEG-055; DEC-LEG-072; DEC-LEG-074; DEC-LEG-075; DEC-LEG-106; DEC-LEG-107; DEC-INT-022; DEC-PLT-021; DEC-PLT-051; DEC-LEG-006; DEC-LEG-076; DEC-LEG-022; DEC-LEG-093; DEC-CON-006; DEC-CRY-091; DEC-LEG-024; DEC-LEG-005; DEC-LEG-035; DEC-LEG-037; DEC-LEG-039; DEC-LEG-042; DEC-LEG-047; DEC-LEG-057; DEC-LEG-073,55,linux-x86_64-wsl2(24+ vCPU); public-network-egress; large-storage(~200 GB on D:); windows-x86_64-nonadmin-interop(2% replay),200,200,False,True,,,"research/tools/legacy/prevalence/frames/<stratum>.py (22 strata); prevalence/{sample.py,fetch.py,unwrap.py,shard.py,scan_artifact.py,controls.py,prevalence.py}; research/tools/legacy/census/{zip_census.py,tar_census.py,sevenz_census.py,stream_census.py,other_census.py}",,True,True,legacy.jsonl
EXP-LEGACY-020,legacy,NEEDS_TOOLING,"Candidate adapter and export-profile formats: EAM fidelity mapping, hazard behaviour and writer determinism (cpio, ar, OCI, NAR, squashfs, WIM, RAR5, ISO, CAB, LHA, XAR, extra transports, 7z export)",26; 27,DEC-LEG-005; DEC-LEG-024; DEC-LEG-029; DEC-LEG-034; DEC-LEG-035; DEC-LEG-037; DEC-LEG-039; DEC-LEG-042; DEC-LEG-047; DEC-LEG-051; DEC-LEG-057; DEC-LEG-073,12,"linux-x86_64-wsl2(root, loop mounts, rootless podman); windows-x86_64-nonadmin-interop",15,30,False,True,,,"research/tools/legacy/cases/{adapter_fixture_tree.py,adapter_hazards.py}; research/tools/legacy/{adapter_probe.py,adapter_matrix.py,observe_tree.py,narhash_from_eam.py}; drivers cpio_ar.py, oci_unpack.py, nar.py, squashfs.py, wim.py, longtail.py; acquisition: nix static, umoci, crane, podman, unrar, squashfs-tools-ng, lhasa/lha, xar, cabextract, schilytools","sub-arms blocked: Windows DISM capture (admin), encrypted ESD fixtures (no public producer; Microsoft media licence acceptance is an owner action), macOS-created XAR/pkg (PLATFORM_BLOCKED)",True,True,legacy.jsonl
EXP-LEGACY-021,legacy,NEEDS_TOOLING,"Adapter priority scoring: evidence rules, decoder dependency audit and classification stability",26,DEC-LEG-024; DEC-LEG-005; DEC-LEG-029; DEC-LEG-035; DEC-LEG-037; DEC-LEG-039; DEC-LEG-042; DEC-LEG-047; DEC-LEG-057; DEC-LEG-073; DEC-LEG-052; DEC-LEG-075; DEC-LEG-082; DEC-LEG-085,14,linux-x86_64-wsl2; public-network-egress; external-review(licence),3,10,False,False,,,"research/tools/legacy/{adapter_score.py,dep_audit.py,osv_query.py}; cargo install cargo-geiger cargo-audit cargo-deny tokei (pinned); pinned RustSec advisory-db clone; research/experiments/EXP-LEGACY-021/{crates.lock.json,osv-packages.json,gatekeepers.md}","licence interpretation (RAR5/UnRAR, weak copyleft) and legacy-decrypt security review are EXTERNAL_REVIEW_REQUIRED parts",True,True,legacy.jsonl
EXP-LEGACY-030,legacy,NEEDS_TOOLING,Export fidelity and consuming-reader acceptance of frozen profiles and candidate profile prototypes on Linux and Windows,27,DEC-LEG-028; DEC-LEG-015; DEC-LEG-029; DEC-LEG-033; DEC-LEG-036; DEC-LEG-041; DEC-LEG-068; DEC-LEG-091; DEC-LEG-108; DEC-PLT-020; DEC-CRY-061,11,linux-x86_64-wsl2; windows-x86_64-nonadmin-interop,70,60,False,True,,,"research/tools/legacy/{export_matrix.py,export_analysis.py,observe_tree.py,observe_tree_ntfs.ps1}; research/tools/legacy/cases/export_stress_trees.py; research/tools/legacy/export_protos/* (12 prototype writers); readers/oci_unpack.py",macOS reader columns PLATFORM_BLOCKED (EXP-LEGACY-080),True,True,legacy.jsonl
EXP-LEGACY-031,legacy,NEEDS_TOOLING,"Byte-identical export scope: repetition, threads, environment, Windows/WSL, emulated arm64, source structure, backend and encoder-upgrade arms; golden vectors and receipt reproduction",27,DEC-LEG-008; DEC-CMP-024; DEC-LEG-016; DEC-LEG-014; DEC-LEG-018,5,linux-x86_64-wsl2; windows-x86_64-native-build; linux-arm64-qemu-user(EMULATED),56,40,False,True,,,"research/tools/legacy/{export_determinism.py,build_variants.sh,build_aarch64.sh,build_windows.ps1,receipt_reproduce.py,dimension_parity.py}; research/tools/legacy/cases/golden_sources.py; apt: qemu-user-static, gcc-aarch64-linux-gnu; rustup target aarch64-unknown-linux-gnu; diffoscope (pinned)",native ARM64 and macOS arms PLATFORM_BLOCKED (EXP-LEGACY-080); emulated arm64 is covered here,True,True,legacy.jsonl
EXP-LEGACY-032,legacy,NEEDS_TOOLING,"Export and multi-target publish at scale: memory, time, scratch, ZIP64 emission strategies, re-import cost and crash safety",27,DEC-ACC-013; DEC-LEG-019; DEC-LEG-108; DEC-LEG-018; DEC-LEG-010; DEC-LEG-017,6,linux-x86_64-wsl2(exclusive timing window); large-storage(~90 GB),150,90,True,True,,,"entrybound::research::legacy::export prototypes (research-internals, identity proof); ebr-legacy-export (counting allocator, sinks, strategies, receipt formats); research/tools/legacy/cases/scale_inputs.py; research/tools/legacy/crash_inject.py; research/tools/legacy/scratch_volume.sh; runner write accounting and calibration EXP-CAL-*-wsl-ubuntu (decision-method section 14 items 3-4)",,True,True,legacy.jsonl
EXP-LEGACY-033,legacy,NEEDS_TOOLING,"Export wrapper codec parameters: size, encode cost, consumer decode cost and decoder memory per level; block/seekable/BGZF variants",27,DEC-LEG-027; DEC-CMP-024,2,linux-x86_64-wsl2(exclusive timing window),80,50,True,True,,,"ebr-legacy-wrap (production wrapper crates at alternative levels, consumer decoder stage); research/tools/legacy/wrap_parity.py; calibration EXP-CAL-*-wsl-ubuntu and runner additions",,True,True,legacy.jsonl
EXP-LEGACY-034,legacy,NEEDS_TOOLING,"Export verification oracle: LOSSY-prediction mutation testing, receipt completeness, derivation-chain tampering and receipt signing cost",27,DEC-INT-023; DEC-LEG-045; DEC-CRY-093; DEC-LEG-018,4,linux-x86_64-wsl2,6,10,False,True,,,"entrybound::research::legacy::export_verify mutation hooks and comparator prototypes (identity proof); ebr-legacy-export --mutate; research/tools/legacy/{export_oracle.py,receipt_chain.py,receipt_sign.py,wording_census.py,comparator_audit.md}; pinned in-toto/securesystemslib venv",cryptographic adequacy of signed-receipt constructions is EXTERNAL_REVIEW_REQUIRED,True,True,legacy.jsonl
EXP-LEGACY-040,legacy,NEEDS_TOOLING,"Legacy import at scale: peak memory, time, spill, conversion-evidence growth and streaming import candidates",25,DEC-ACC-017; DEC-LEG-002; DEC-LEG-003; DEC-LEG-022; DEC-LEG-059; DEC-LEG-093; DEC-LEG-101; DEC-LEG-096,8,linux-x86_64-wsl2(exclusive timing window); large-storage(~200 GB),250,200,True,True,,,"research/tools/legacy/cases/scale_import_inputs.py (streaming generators); ebr-legacy-import (counting allocator with site attribution, strategies, evidence modes, policy files); entrybound::research::legacy::import prototypes (identity proof); research/tools/legacy/{provenance_sizes.py,lfh_vs_cd.py}; calibration EXP-CAL-*-wsl-ubuntu and runner write accounting",,True,True,legacy.jsonl
EXP-LEGACY-041,legacy,NEEDS_TOOLING,"Legacy import limit defaults: benign false refusals from real requirement vectors, bomb corpus refusal correctness and cost, compat revalidation, record-then-refuse",25,DEC-LEG-022; DEC-LEG-093; DEC-LEG-007; DEC-LEG-083; DEC-LEG-059; DEC-LEG-085; DEC-LEG-095; DEC-CON-006; DEC-CON-001,9,linux-x86_64-wsl2(cgroup v2 inside VM),32,30,True,True,,,"research/experiments/EXP-LEGACY-041/policies/*.json and incumbent-defaults.md; research/tools/legacy/{requirements.py,policy_eval.py,bomb_run.py}; research/tools/legacy/cases/bombs.py; ebr-legacy-import --policy-file --compat-revalidation --refusal-strategy --report-refusal-cost; compat revalidation and record-then-refuse prototypes (identity proof)",,True,True,legacy.jsonl
EXP-LEGACY-050,legacy,NEEDS_TOOLING,"Legacy preservation: size overhead, exact recovery, completeness, tar/7z recomposition, re-projection, composition with encryption/signing, signed legacy containers",25; 27,DEC-LEG-096; DEC-LEG-097; DEC-LEG-098; DEC-LEG-060; DEC-LEG-025; DEC-LEG-044; DEC-CRY-024; DEC-CON-010; DEC-CRY-091; DEC-LEG-103,10,linux-x86_64-wsl2,80,80,False,True,,,"research accessors for preserved-source recovery and observe() dumps; prototypes planner-compressed-source, dedup-against-decoded, strict-preserve, reproject-from-lom, detached-encrypted-provenance, cli-recover-command (identity proof); research/tools/legacy/{preserve_run.py,recompose.py,tar_split_size.py,signed_verify.py,feature_bits_census.py}; research/tools/legacy/cases/signed_containers.py; apt: apksigner, zipalign",encrypted-provenance construction review is EXTERNAL_REVIEW_REQUIRED,True,True,legacy.jsonl
EXP-LEGACY-051,legacy,NEEDS_TOOLING,"Conversion provenance and LOM evidence: emitted-value census, outcome-class consistency, identity stability across releases, declarations, executable derivation, 7z exactness, LOM generality, implicit directories, timestamp precision",25,DEC-LEG-003; DEC-LEG-004; DEC-LEG-023; DEC-LEG-033; DEC-LEG-034; DEC-LEG-049; DEC-LEG-053; DEC-LEG-088; DEC-LEG-092; DEC-MOD-019; DEC-MOD-022; DEC-MOD-046; DEC-PLT-051,13,linux-x86_64-wsl2; windows-x86_64-nonadmin-interop,33,40,False,True,,,"research/tools/legacy/{provenance_census.py,build_history.sh,lom_mapping_prototype.py,lom_history.py,precision_diff.py}; research/tools/legacy/cases/identity_cases.py; audit tables research/experiments/EXP-LEGACY-051/audits/*.md; implicit-directory and missing-MTime prototypes (identity proof)",,True,True,legacy.jsonl
EXP-LEGACY-070,legacy,NEEDS_TOOLING,"Legacy CLI surface, receipts, refusal messages and capability-matrix drift (mechanical census)",27; 25,DEC-LEG-013; DEC-LEG-017; DEC-LEG-026; DEC-LEG-100; DEC-LEG-006; DEC-LEG-099; DEC-LEG-010; DEC-CRY-061,8,linux-x86_64-wsl2,2,1,False,False,,,"research/experiments/EXP-LEGACY-070/{grammars/*.yaml,tasks.yaml,message-rubric.yaml}; research/tools/legacy/{flags_census.py,alias_drift.py,receipt_census.py,refusal_paths.py,message_census.py,audit_prototype.py,partial_import.py}; all-findings dry-run and partial-import prototypes (identity proof)",human comprehension/preference claims are EXTERNAL_REVIEW_REQUIRED (no human participants),True,True,legacy.jsonl
EXP-LEGACY-080,legacy,BLOCKED,"macOS-produced and macOS-consumed legacy archives, and native ARM64 export determinism",27; 25,DEC-LEG-028; DEC-LEG-068; DEC-LEG-076; DEC-LEG-082; DEC-LEG-091; DEC-PLT-020; DEC-LEG-008,7,macos-apfs-arm64(PLATFORM_BLOCKED); macos-apfs-x86_64(PLATFORM_BLOCKED); linux-arm64-native(PLATFORM_BLOCKED),30,30,False,True,,,"research/tools/legacy/{macos_run.py,readers/macos.sh,macos_writers.sh,observe_tree_macos.py}","PLATFORM_BLOCKED: requires a macOS host with APFS (Archive Utility, ditto, macOS unzip/bsdtar) and native ARM64 hardware (Apple Silicon macOS and native Linux arm64); hosted runners declined by standing decision 2026-09-12",True,True,legacy.jsonl
EXP-PLANNER-001,planner,READY,"Status-quo profile census: sizes, section bytes, plan usage, feature bits, identities",9; 10; 8.1; 8.6; 8.8; 11; 15; 22.2; 26; 33; 34; 35,DEC-CMP-036; DEC-CMP-034; DEC-CMP-035; DEC-CON-010; DEC-MOD-039,5,"linux-x86_64 (WSL2 Ubuntu 24.04, ext4)",420,41,False,True,,,none required to run (census_sample.py written and smoke-tested at design); optional throughput: TP-17 ebr run --shard i/K and research/planner/tools/shard_launch.py; decision-method section 14 item 2 decision-analysis tooling (shared gate G-B) for decision-grade use,,True,True,planner.jsonl
EXP-PLANNER-002,planner,NEEDS_TOOLING,Exhaustive planner oracle traces and status-quo regret by workload class,9; 10; 8.6; 35,DEC-CMP-032; DEC-CMP-034; DEC-CMP-009,3,"linux-x86_64 (WSL2 Ubuntu 24.04, ext4)",480,60,False,True,,,"TP-01 ebr-planner trace-tree (research/harness/crates/ebr-planner/src/tree.rs); TP-02 ebr-planner materialize; TP-03 research/planner/tools/replay.py (regret, reconcile-sample); TP-05 ebr-planner categorise (signature-v0); TP-15 research/planner/tools/make_psub.py; TP-17 ebr run --shard (recommended); decision-method section 14 item 2 decision-analysis tooling (shared gate G-B)",,True,True,planner.jsonl
EXP-PLANNER-003,planner,NEEDS_TOOLING,Search strategies and deterministic work budgets,9; 10; 35,DEC-CMP-032; DEC-CMP-033,2,"linux-x86_64 (WSL2 Ubuntu 24.04, ext4); windows-x86_64 (Windows 11 host, NTFS, non-admin)",320,20,True,True,,,TP-01 --sampled-costs 16x4096; TP-02; TP-03 strategies/budgets/fit-bounds/fit-tree; TP-05; TP-07 ebr-planner time-select; TP-08 counting allocator and ebr-unpack --alloc-peak; TP-20 research/planner/tools/make_timing_spec.py; decision-method section 14 item 3 runner additions (shared); decision-method section 4.7 calibration EXP-CAL-*-wsl-ubuntu and -windows-host (shared); decision-method section 14 item 2 decision-analysis tooling (shared gate G-B),,True,True,planner.jsonl
EXP-PLANNER-004,planner,NEEDS_TOOLING,"Candidate tables, gating probe, gain margins, dictionary acceptance and stage conflicts",9; 10; 8.2; 8.3; 8.4; 8.6; 8.7; 8.8; 12; 35,DEC-CMP-034; DEC-CMP-012; DEC-CMP-030; DEC-CMP-020; DEC-CMP-039; DEC-CMP-009,6,"linux-x86_64 (WSL2 Ubuntu 24.04, ext4); windows-x86_64 (Windows 11 host, NTFS, non-admin)",310,25,True,True,,,TP-01; TP-02; TP-03 tables/gating/margins/dictionary-rule/fit-tables/external-screen; TP-05; TP-06 ebr-planner param-plan --set stage_order; TP-07; TP-08; TP-20; decision-method section 14 item 3 runner additions (shared); decision-method section 4.7 calibration EXP-CAL-*-wsl-ubuntu and -windows-host (shared); decision-method section 14 item 2 decision-analysis tooling (shared gate G-B),,True,True,planner.jsonl
EXP-PLANNER-005,planner,NEEDS_TOOLING,"Chunking-policy selection rule, parameter granularity and per-profile chunk lists",9; 10; 8.1; 11; 22.2,DEC-CMP-004; DEC-CMP-003; DEC-CMP-002; DEC-MOD-039,4,"linux-x86_64 (WSL2 Ubuntu 24.04, ext4)",235,23,False,True,,,TP-04 ebr-planner chunking-matrix (including --count-only); TP-05; TP-03 fit-constants/chunking-rules; TP-15; look-1 guards: TP-07 and TP-08 inside EXP-PLANNER-007 timing windows; decision-method section 14 item 2 decision-analysis tooling (shared gate G-B),,True,True,planner.jsonl
EXP-PLANNER-006,planner,NEEDS_TOOLING,Profile parameter response surface and fitted thirteen-parameter profiles,9; 10; 7; 8.1; 8.3; 8.4; 8.5; 8.6; 8.8; 12; 13; 14; 22.3; 22.5; 30; 33; 35,DEC-CMP-035; DEC-CMP-045; DEC-CMP-016; DEC-CMP-006; DEC-CMP-013; DEC-CMP-019; DEC-CRY-028; DEC-ACC-003; DEC-ACC-029,9,"linux-x86_64 (WSL2 Ubuntu 24.04, ext4)",590,27,False,True,,,TP-06 ebr-planner param-plan (thirteen SPEC section 6.0a parameters plus arm parameters); TP-02 (--modelled-only-ok); TP-03 params/fit-tnb; TP-08; TP-15 (--one-per-group G1); TP-18 research/planner/tools/cgroup_decode.sh; EXP-PLANNER-008 tuning reference decode table (or recorded codec-class substitute); decision-method section 14 item 2 decision-analysis tooling (shared gate G-B),,True,True,planner.jsonl
EXP-PLANNER-007,planner,NEEDS_TOOLING,"Profile set, default profile and profile timing campaign",9; 10; 8.6; 33; 35,DEC-CMP-036; DEC-CMP-035; DEC-CMP-034; DEC-CMP-032; DEC-CMP-033,5,"linux-x86_64 (WSL2 Ubuntu 24.04, ext4); windows-x86_64 (Windows 11 host, NTFS, non-admin)",270,26,True,True,,,decision-method section 14 item 3 runner additions (shared); decision-method section 4.7 calibration EXP-CAL-*-wsl-ubuntu and -windows-host (shared); TP-06 fitted profiles; TP-07; TP-08; TP-16 research/planner/tools/make_ts1.py; TP-19 research/planner/tools/stage_windows_items.py; TP-20; TP-21 research/planner/tools/prepack.py; TP-22 research/planner/tools/guidance_census.py; round-2 method review acceptance of the menu-coverage analogy (part d); decision-method section 14 item 2 decision-analysis tooling (shared gate G-B),,True,True,planner.jsonl
EXP-PLANNER-008,planner,NEEDS_TOOLING,Deterministic decode-cost model for min_decode_rate,9; 10; 7,DEC-CMP-015,1,"linux-x86_64 (WSL2 Ubuntu 24.04, ext4); windows-x86_64 (Windows 11 host, NTFS, non-admin) P-core st-p and E-core st-e",40,6,True,True,,,"TP-09 ebr-codec decode-matrix; TP-23 research/planner/tools/make_decode_bundles.py and decode_cost_model.py; TP-19; decision-method section 14 item 3 runner additions (shared) (Windows power-throttling opt-out, frequency covariate, per-core-class guard); decision-method section 4.7 calibration EXP-CAL-*-wsl-ubuntu and -windows-host (shared) including st-e; decision-method section 14 item 2 decision-analysis tooling (shared gate G-B)",,True,True,planner.jsonl
EXP-PLANNER-009,planner,NEEDS_TOOLING,"Encoder output identity across versions, CPU dispatch paths and emulated ARM64",9; 10; 7; 14; 22.2; 31; 33,DEC-CMP-031; DEC-CMP-019; DEC-CMP-040; DEC-CMP-029,4,"linux-x86_64 (WSL2 Ubuntu 24.04, ext4); linux-x86_64 (qemu-x86_64 -cpu Nehalem/Haswell/max, EMULATED); linux-aarch64 (qemu user-mode, EMULATED, correctness only); windows-x86_64 (Windows 11 host, NTFS, non-admin)",70,11,False,True,,,"TP-10 research/planner/tools/encoder-drift/ (make_projects.py, build_all.sh, run_drift.sh, host_pack.sh, analyze.py, driver encoder-drift); TP-11 apt qemu-user-static and gcc-aarch64-linux-gnu; rustup target aarch64-unknown-linux-gnu (downloads approved); TP-06 --identity-summary (including a Windows build); TP-18; decision-method section 14 item 7 C1-C3 cost scripts (shared); decision-method section 14 item 2 decision-analysis tooling (shared gate G-B)",,True,True,planner.jsonl
EXP-PLANNER-010,planner,NEEDS_TOOLING,"Planner provenance: replan, historical generations, encrypted planner IDs, explain and decision logs",9; 10; 14; 22.2; 24; 29; 33; 34,DEC-CMP-040; DEC-CMP-025; DEC-CMP-022; DEC-CMP-029; DEC-ACC-012; DEC-INT-046,6,"linux-x86_64 (WSL2 Ubuntu 24.04, ext4)",185,22,False,True,,,"TP-12 ebr-planner pack-generation and replan (--encrypt, --report-planner-ids-only); TP-13 research/planner/tools/explain_fidelity.py; TP-14 research/planner/tools/historical_api_census.py and planner_surface_loc.py; TP-03 decision-log-size; TP-15; decision-method section 14 item 2 decision-analysis tooling (shared gate G-B)",,True,True,planner.jsonl
EXP-PLANNER-011,planner,BLOCKED,Cross-architecture and constrained-device replication,9; 10; 7; 8.8; 14; 30; 31; 33; 35,DEC-CMP-015; DEC-CMP-036; DEC-CMP-031; DEC-CMP-016; DEC-CMP-019,5,linux-aarch64 (native); macos-arm64 (APFS); linux-x86_64 (AMD Zen); arm64 low-memory device (1-2 GiB),75,50,True,True,,,"new-host environment capture and EXP-CAL-*-<env> calibration; native builds of TP-09, TP-10, TP-06; platform-specific affinity and covariate pre-registration","PLATFORM_BLOCKED: no native ARM64 host (Linux or Apple-silicon macOS/APFS), no AMD or other-vendor x86-64 host, no 1-2 GiB RAM ARM device; hosted runners declined by the program owner (PROGRESS 2026-09-12); emulation (EXP-PLANNER-009) is correctness-only and cannot replace native timing or microarchitecture evidence",True,True,planner.jsonl
EXP-PLANNER-012,planner,BLOCKED,Planner-domain held-out confirmation (Phase D placeholder),9; 10; 7; 8.1; 8.2; 8.3; 8.4; 8.5; 8.6; 8.7; 8.8; 11; 12; 13; 14; 15; 22.2; 22.3; 22.5; 24; 26; 29; 30; 31; 33; 34; 35,DEC-ACC-003; DEC-ACC-012; DEC-ACC-029; DEC-CMP-002; DEC-CMP-003; DEC-CMP-004; DEC-CMP-006; DEC-CMP-009; DEC-CMP-012; DEC-CMP-013; DEC-CMP-015; DEC-CMP-016; DEC-CMP-019; DEC-CMP-020; DEC-CMP-022; DEC-CMP-025; DEC-CMP-029; DEC-CMP-030; DEC-CMP-031; DEC-CMP-032; DEC-CMP-033; DEC-CMP-034; DEC-CMP-035; DEC-CMP-036; DEC-CMP-039; DEC-CMP-040; DEC-CMP-045; DEC-CON-010; DEC-CRY-028; DEC-INT-046; DEC-MOD-039,31,"linux-x86_64 (WSL2 Ubuntu 24.04, ext4); windows-x86_64 (Windows 11 host, NTFS, non-admin)",700,60,True,False,,,held-out copies of the EXP-PLANNER-001..010 look-1 specs written into Commit A; held-out MDE computation from fingerprint-level group counts (decision tooling); decision-method section 14 item 2 decision-analysis tooling (shared gate G-B),"Phase D: requires the program-wide design freeze and unlock (decision-method section 5.5 Commit A, B, C), research/corpus/heldout-lock.json frozen (draft at design), gate G-C (lineage and content-overlap audit, transcript audit, held-out content removal or encryption) and the G01 sealed-tranche decision",True,True,planner.jsonl
EXP-PLAT-001,platform,READY,Platform capability and independent-observer census,15; 16; 21,DEC-PLT-062; DEC-PLT-014; DEC-PLT-003; DEC-PLT-047,4,linux-x86_64-wsl2; windows-x86_64-ntfs-nonadmin,1,3,False,True,True,research/experiments/EXP-PLAT-001/spec.yaml; research/experiments/EXP-PLAT-001/spec-windows.yaml,"research/experiments/EXP-PLAT-001/scripts/{fsimg.sh,linux_capability_probe.sh,query_predictors.py,windows_capability_probe.ps1} (mechanical); research/experiments/EXP-PLAT-001/cases.json capability case list (committed with the §12 record); optional arms: apt packages samba cifs-utils nfs-kernel-server nfs4-acl-tools exfat-fuse (approved downloads)",,True,True,platform.jsonl
EXP-PLAT-002,platform,READY,"Native path representation, hazard and collision behaviour matrix",15; 16,DEC-PLT-028; DEC-PLT-048; DEC-MOD-038; DEC-PLT-059; DEC-PLT-011; DEC-MOD-010; DEC-MOD-036; DEC-LEG-015; DEC-LEG-054; DEC-LEG-077; DEC-LEG-079,11,linux-x86_64-wsl2; windows-x86_64-ntfs-nonadmin,8,6,False,True,True,research/experiments/EXP-PLAT-002/spec.yaml; research/experiments/EXP-PLAT-002/spec-windows.yaml,"research/experiments/EXP-PLAT-002/scripts/{gen_hostility_cases.py,path_matrix.py,path_matrix.ps1,build_hostile_archives.py,rulesets.py,extract_matrix.py,observe_tree.py} (mechanical); pinned downloads: Unicode UCD 12.1.0/15.0.0/16.0.0 CaseFolding.txt and DerivedNormalizationProps; 7-Zip for Windows portable (7zr/7z extra, pinned version and SHA-256); CPython 3.13 and 3.14 standalone builds for Linux and Windows (pinned); optional Samba (apt) for the cifs arm",,True,True,platform.jsonl
EXP-PLAT-003,platform,READY,"Corpus census of path hazards, link topology and metadata-structure distributions",15; 16; 17; 18,DEC-PLT-059; DEC-PLT-028; DEC-PLT-048; DEC-MOD-038; DEC-MOD-010; DEC-MOD-036; DEC-PLT-060; DEC-PLT-002; DEC-PLT-045; DEC-PLT-046; DEC-PLT-001; DEC-PLT-041; DEC-PLT-018; DEC-PLT-033; DEC-CON-001; DEC-LEG-032; DEC-LEG-033; DEC-LEG-065; DEC-LEG-067; DEC-LEG-070; DEC-LEG-076; DEC-LEG-088; DEC-LEG-092; DEC-LEG-094,24,linux-x86_64-wsl2,4,2,False,True,True,research/experiments/EXP-PLAT-003/spec.yaml,"research/experiments/EXP-PLAT-003/scripts/{platform_census.py,archive_members.py,candidate_costs.py} and rules.json (mechanical)",,True,True,platform.jsonl
EXP-PLAT-004,platform,NEEDS_TOOLING,Metadata capture and restore fidelity matrix per class and platform pair,15; 17; 19; 21,DEC-PLT-035; DEC-PLT-024; DEC-PLT-049; DEC-PLT-016; DEC-PLT-008; DEC-PLT-055; DEC-PLT-022; DEC-PLT-025; DEC-MOD-009; DEC-MOD-035; DEC-LEG-068,11,linux-x86_64-wsl2; windows-x86_64-ntfs-nonadmin; cross-os wsl<->windows,14,45,False,True,True,research/experiments/EXP-PLAT-004/spec.yaml; research/experiments/EXP-PLAT-004/spec-windows.yaml; research/experiments/EXP-PLAT-004/spec-crossos.yaml,"research harness binary `ebr-inspect-meta` (new, in crates/ebr-pack): dumps full EAM metadata per entry (xattr values, ACL entries, descriptor bytes, attribute masks, timestamps with precision, sparse maps, FidelityReport issues) through entrybound's public API; research/experiments/EXP-PLAT-004/scripts/{gen_fidelity_fixture.py,gen_fidelity_fixture.ps1,observe_linux.py,observe_windows.ps1,fidelity_oracle.py,run_system.sh,run_system.ps1,cross_os_driver.ps1}; oracle self-validation: injected undeclared-loss and declared-only mutations must be flagged 100% / 0% before first use; apt: dar (approved download); 7-Zip for Windows portable (pinned)",,True,True,platform.jsonl
EXP-PLAT-005,platform,NEEDS_TOOLING,"Cross-host identity stability, feature-bit census and unobservable-semantics re-projection (F-0001/F-0002 follow-up)",15; 16; 17; 19; 20; 21,DEC-MOD-049; DEC-MOD-050; DEC-CON-030; DEC-MOD-002; DEC-MOD-022; DEC-MOD-030; DEC-MOD-035; DEC-MOD-028; DEC-MOD-025; DEC-MOD-019; DEC-CON-010; DEC-CRY-008; DEC-PLT-003; DEC-PLT-022; DEC-PLT-049; DEC-PLT-062,16,linux-x86_64-wsl2; windows-x86_64-ntfs-nonadmin; linux-aarch64-qemu-user (EMULATED),24,80,False,True,True,research/experiments/EXP-PLAT-005/spec.yaml; research/experiments/EXP-PLAT-005/spec-windows.yaml; research/experiments/EXP-PLAT-005/spec-arms.yaml,"research/experiments/EXP-PLAT-005/scripts/identity_reproject.py: candidate participation models over `ebr-inspect-meta` facts, validated against production LAI/AUX agreement before use; research/experiments/EXP-PLAT-005/scripts/{identity_capture.sh,identity_capture.ps1,materialize_windows_tree.ps1,identity_compare.py,alias_edits.py,legacy_declarations.py,copy_variants.sh}; aarch64 cross build of production ebound: `rustup +1.98.1 target add aarch64-unknown-linux-gnu`, apt `gcc-aarch64-linux-gnu qemu-user-static` (approved downloads); encrypted arm through `ebr-pack --encrypt` (research build, byte-identical to production per internals identity check) unless a non-interactive production recipient path is confirmed; `ebr-inspect-meta` from EXP-PLAT-004",,True,True,platform.jsonl
EXP-PLAT-006,platform,READY,"Timestamp granularity, range and out-of-range capture and restore per filesystem",15; 21; 25,DEC-PLT-050; DEC-PLT-051; DEC-PLT-049; DEC-MOD-050; DEC-PLT-003; DEC-LEG-088,6,linux-x86_64-wsl2; windows-x86_64-ntfs-nonadmin,3,3,False,True,True,research/experiments/EXP-PLAT-006/spec.yaml; research/experiments/EXP-PLAT-006/spec-windows.yaml,"research/experiments/EXP-PLAT-006/scripts/{timestamp_probe.py,timestamp_probe.ps1,legacy_time_fixtures.py,precision_models.py} (mechanical); optional apt exfat-fuse for the exFAT arm; Windows std `FileTimes` probe from EXP-PLAT-016",,True,True,platform.jsonl
EXP-PLAT-007,platform,READY,"Ownership and identity across user namespaces, idmapped mounts, account databases and hosts",15; 19; 21,DEC-PLT-032; DEC-MOD-028; DEC-PLT-007,3,linux-x86_64-wsl2; windows-x86_64-ntfs-nonadmin,3,6,False,True,True,research/experiments/EXP-PLAT-007/spec.yaml; research/experiments/EXP-PLAT-007/spec-windows.yaml,"research/experiments/EXP-PLAT-007/scripts/{gen_ownership_fixture.py,ownership_scenarios.sh,alt_accountdb/,sid_capture.ps1} (mechanical); reuses `identity_reproject.py` from EXP-PLAT-005 for strict-profile candidates",,True,True,platform.jsonl
EXP-PLAT-008,platform,READY,"Dangerous restorations, default extraction policy and restore-order conformance (Linux)",15; 16; 18; 21,DEC-PLT-007; DEC-PLT-043; DEC-PLT-061; DEC-PLT-026; DEC-PLT-046; DEC-PLT-001; DEC-PLT-009; DEC-PLT-052; DEC-PLT-016; DEC-MOD-021,10,linux-x86_64-wsl2,5,6,False,True,True,research/experiments/EXP-PLAT-008/spec.yaml; research/experiments/EXP-PLAT-008/spec-order.yaml,"research/experiments/EXP-PLAT-008/scripts/{gen_dangerous_fixture.py,extract_dangerous.sh,restore_order_sim.py,observe_dangerous.py} (mechanical); pinned CPython 3.13 and 3.14 standalone builds (approved downloads)",,True,True,platform.jsonl
EXP-PLAT-009,platform,READY,"Special files and hardlink topology: capture, restore feasibility, fallbacks and inode-scoped metadata",15; 18; 21,DEC-PLT-046; DEC-MOD-021; DEC-PLT-018; DEC-PLT-019; DEC-PLT-033,5,linux-x86_64-wsl2; windows-x86_64-ntfs-nonadmin,4,20,False,True,True,research/experiments/EXP-PLAT-009/spec.yaml; research/experiments/EXP-PLAT-009/spec-windows.yaml,"research/experiments/EXP-PLAT-009/scripts/{special_hardlink_arms.sh,inode_scope_probe.py,inode_scope_probe.ps1,overlay_whiteouts.sh,devt_formats.py,lone_alias.sh} (mechanical)",,True,True,platform.jsonl
EXP-PLAT-010,platform,READY,"Sparse layout capture accuracy, restore allocation, map overhead and GNU sparse projection",15; 21; 25,DEC-PLT-045; DEC-MOD-026; DEC-MOD-002; DEC-LEG-020,4,linux-x86_64-wsl2; windows-x86_64-ntfs-nonadmin,10,60,False,True,True,research/experiments/EXP-PLAT-010/spec.yaml; research/experiments/EXP-PLAT-010/spec-legacy.yaml; research/experiments/EXP-PLAT-010/spec-windows.yaml,"research/experiments/EXP-PLAT-010/scripts/{sparse_arms.sh,extent_truth.py,gnu_sparse_project.py,sparse_windows.ps1,map_bytes_model.py} (mechanical); harness `ebr-pack` section accounting (exists)",,True,True,platform.jsonl
EXP-PLAT-011,platform,READY,"ACL dialects, bounds and canonicalization (Linux filesystems, knfsd NFSv4, FreeBSD ZFS under QEMU)",15; 21,DEC-PLT-002; DEC-PLT-052; DEC-PLT-054; DEC-PLT-029; DEC-PLT-036,5,linux-x86_64-wsl2; freebsd-x86_64-qemu-kvm (arm D); windows-x86_64-ntfs-nonadmin,8,30,False,True,True,research/experiments/EXP-PLAT-011/spec.yaml; research/experiments/EXP-PLAT-011/spec-windows.yaml,"research/experiments/EXP-PLAT-011/scripts/{acl_arms.sh,acl_xattr_codec.py,acl_fuzz.py,nfs4_knfsd.sh,freebsd_vm.sh,acl_maxima.ps1} (mechanical); arm D prerequisites: apt nfs-kernel-server nfs4-acl-tools; FreeBSD 14.x amd64 VM image (pinned release and SHA-256) run with qemu-system-x86_64 and /dev/kvm (approved downloads)",,True,True,platform.jsonl
EXP-PLAT-012,platform,READY,"Named streams, forks, origin markers and salvage markers: representation cost, restorability and survival",15; 17; 20; 21; 24,DEC-PLT-027; DEC-PLT-031; DEC-MOD-035; DEC-INT-034; DEC-PLT-060; DEC-CON-001,6,linux-x86_64-wsl2; windows-x86_64-ntfs-nonadmin,5,12,False,True,True,research/experiments/EXP-PLAT-012/spec.yaml; research/experiments/EXP-PLAT-012/spec-markers.yaml; research/experiments/EXP-PLAT-012/spec-windows.yaml; research/experiments/EXP-PLAT-012/spec-windows-markers.yaml,"research/experiments/EXP-PLAT-012/scripts/{gen_stream_fixture.py,gen_stream_fixture.ps1,stream_repr_arms.sh,marker_transports.sh,marker_transports.ps1,motw_propagation.ps1} (mechanical); 7-Zip for Windows portable (pinned); reuse `identity_reproject.py` (EXP-PLAT-005) for identity churn",,True,True,platform.jsonl
EXP-PLAT-013,platform,READY,"Windows NTFS reparse objects, attributes, symlink extraction and pack refusal behaviour (non-admin)",15; 17; 18; 21,DEC-PLT-056; DEC-PLT-058; DEC-PLT-030; DEC-PLT-038; DEC-PLT-055; DEC-PLT-008; DEC-PLT-033; DEC-MOD-044; DEC-PLT-042; DEC-PLT-057; DEC-LEG-055; DEC-LEG-091,12,windows-x86_64-ntfs-nonadmin; linux-x86_64-wsl2 (helper),6,20,False,True,True,research/experiments/EXP-PLAT-013/spec-windows.yaml,"research/experiments/EXP-PLAT-013/scripts/{windows_arms.ps1,reparse_observe.ps1,attr_perbit.ps1,devtree_materialize.ps1,wsl_reparse_helper.sh} (mechanical); pinned downloads: Node.js LTS portable and pnpm (dev-tree arm), 7-Zip for Windows portable; per-bit prototype restore and file-ID capture come from EXP-PLAT-016 (`ebr-platform-probe`); archives with ReparsePoint entries from the EXP-PLAT-019 research encoder",,True,True,platform.jsonl
EXP-PLAT-014,platform,NEEDS_TOOLING,"Extraction confinement: deterministic-interleaving races, random races, symlink chains, mode reporting and hostile-path replay",15; 16; 21; 29; 30,DEC-PLT-005; DEC-PLT-006; DEC-PLT-004; DEC-PLT-017; DEC-PLT-041; DEC-PLT-009; DEC-PLT-039; DEC-PLT-047; DEC-PLT-034; DEC-PLT-001; DEC-INT-004; DEC-MOD-038,12,linux-x86_64-wsl2; windows-x86_64-ntfs-nonadmin,40,12,False,True,True,research/experiments/EXP-PLAT-014/spec.yaml; research/experiments/EXP-PLAT-014/spec-replay.yaml; research/experiments/EXP-PLAT-014/spec-encodings.yaml; research/experiments/EXP-PLAT-014/spec-windows.yaml,"containment backend prototypes in `ebr-platform-probe` (EXP-PLAT-016): rustix openat2 IN_ROOT/BENEATH(+NO_SYMLINKS, NO_XDEV, bounded EAGAIN retry), manual openat O_NOFOLLOW walk, mount-namespace sandbox launcher, Landlock layer; Windows per-component NtCreateFile reparse-aware walk in the quarantined FFI probe; research/experiments/EXP-PLAT-014/scripts/interleave.py: strace `-e inject=<syscall>:delay_enter=<us>:when=<n>` step targeting plus a synchronized attacker performing the swap at each path-resolution step (black-box on the production binary); Windows oplock attacker `ebr-oplock-attacker` (quarantined research FFI crate: FSCTL_REQUEST_OPLOCK) and canary/tree-diff oracle; research/experiments/EXP-PLAT-014/scripts/{race_trials.py,planned_tree_resolve.py,verify_beneath.py,chain_corpus.py,replay_cases.py,encoding_models.py,fs_write_monitor.sh}; Research III EB-Z/EB-T case files extracted from the hash-verified instrumentation bundle (`research/tools/sources/extract_external_sources.ps1`), EB-T014 regenerated with genuine non-UTF-8 bytes; pinned downloads: CPython 3.13/3.14 builds, Go toolchain, 7-Zip Windows; apt `fatrace` (fanotify write monitor)",,True,True,platform.jsonl
EXP-PLAT-015,platform,NEEDS_TOOLING,"Containment and hazard-detection cost at depth, breadth and link count (timing)",15; 16; 21,DEC-PLT-005; DEC-PLT-041; DEC-PLT-048; DEC-MOD-010,4,linux-x86_64-wsl2 (VIRTUALIZED timing); windows-x86_64-ntfs-nonadmin,36,35,True,True,True,research/experiments/EXP-PLAT-015/spec.yaml; research/experiments/EXP-PLAT-015/spec-windows.yaml,"in-process extraction-planning and materialization benchmark `ebr-platform-probe bench-extract` with pluggable containment backends and detectors (EXP-PLAT-014/016 prototypes) plus a timing-parity check of its cap-std backend against production `ebound unpack`; runner additions of decision-method §14 item 3 (affinity, cooldown, drift canary, frequency covariate, host-side sampler, invalid-rate balance); calibration experiments per environment and family (§14 item 4: EXP-CAL-AA/AAP/KE/BG/SPD, owned by the evaluation domain); generated depth ladder {1, 16, 64, 256, 1024} and link-count ladder {10^2 .. 10^6} built inside the command from seeds",,True,True,platform.jsonl
EXP-PLAT-016,platform,NEEDS_TOOLING,"Safe-Rust platform API feasibility: capability inventory, crate survey and exactness/no-follow prototypes",15; 17; 19; 20; 21,DEC-PLT-040; DEC-PLT-030; DEC-PLT-057; DEC-PLT-017; DEC-PLT-029; DEC-PLT-042; DEC-CRY-108; DEC-PLT-033; DEC-PLT-049; DEC-PLT-055; DEC-PLT-003; DEC-PLT-014; DEC-PLT-016; DEC-PLT-031; DEC-PLT-044; DEC-PLT-045; DEC-PLT-037; DEC-INT-003; DEC-ACC-026; DEC-CMP-028,20,linux-x86_64-wsl2; windows-x86_64-ntfs-nonadmin; macos (rows BLOCKED: EXP-PLAT-022),6,15,False,True,True,research/experiments/EXP-PLAT-016/spec.yaml; research/experiments/EXP-PLAT-016/spec-windows.yaml,"`research/harness/crates/ebr-platform-probe` (new harness crate, `unsafe_code = ""forbid""`): one subcommand per capability row using only safe APIs (std 1.98.1, cap-std/cap-primitives/cap-fs-ext 4.0.3, rustix 1.1.4, xattr 1.6.1, and surveyed safe wrapper crates); JSON output per row; `research/prototypes/platform-probe-ffi/` (separate Cargo workspace, RESEARCH-ONLY, never a dependency of production or the harness, unsafe allowed and counted): Win32/NT and Linux ioctl rows that have no safe API, to size the audited-boundary candidates (C3/C4 inputs); research/experiments/EXP-PLAT-016/{capabilities.yaml,scripts/crate_survey.py,scripts/unsafe_census.py,scripts/api_rows.sh,scripts/api_rows.ps1}; pinned RustSec advisory-db snapshot and `cargo-audit`; crates.io metadata snapshot (owners, release dates) captured once with date; Windows builds use `CARGO_HOME=D:/eb-research/cargo-home` and `CARGO_TARGET_DIR=D:/eb-research/target/prototypes-ffi` so no crate download lands on C:",,True,True,platform.jsonl
EXP-PLAT-017,platform,NEEDS_TOOLING,"Output commit, staging-move and spill primitives per target filesystem, with crash-replay consistency",15; 21; 32; 33,DEC-PLT-037; DEC-INT-003; DEC-INT-039; DEC-PLT-011; DEC-ACC-053; DEC-PLT-018,6,linux-x86_64-wsl2; windows-x86_64-ntfs-nonadmin,12,30,False,True,True,research/experiments/EXP-PLAT-017/spec.yaml; research/experiments/EXP-PLAT-017/spec-crash.yaml; research/experiments/EXP-PLAT-017/spec-windows.yaml,"`ebr-platform-probe commit-matrix` and `commit-strategy` subcommands (EXP-PLAT-016 crate): hardlink publish, renameat2 NOREPLACE, O_EXCL direct write, rename-over control, O_TMPFILE+linkat, directory fsync on/off, ReplaceFileW/MoveFileExW, delete-on-close; crash replay: dm-log-writes replay tool (`scripts/logwrites_replay.sh` around `dmsetup create ... log-writes` and the kernel `replay-log` utility from xfstests, pinned) — availability of the `log-writes` target is decided by EXP-PLAT-001 (`dmsetup targets`); if absent the crash arm is BLOCKED on this kernel and only SIGKILL arms run; research/experiments/EXP-PLAT-017/scripts/{commit_arms.sh,commit_arms.ps1,kill_points.py,staging_moves.sh,spill_security.sh,spill_security.ps1}; optional apt: samba cifs-utils nfs-kernel-server exfat-fuse",,True,True,platform.jsonl
EXP-PLAT-018,platform,NEEDS_TOOLING,Source instability and local revision signals under seeded concurrent mutation,12; 15; 21; 25,DEC-CMP-028; DEC-ACC-023; DEC-LEG-056; DEC-PLT-044,4,linux-x86_64-wsl2; windows-x86_64-ntfs-nonadmin,16,20,False,True,True,research/experiments/EXP-PLAT-018/spec.yaml; research/experiments/EXP-PLAT-018/spec-windows.yaml,"research/experiments/EXP-PLAT-018/scripts/mutator.py (seeded rewrite-same-size with restored mtime, truncate, extend, rename-over, touch-back; logs every version's SHA-256, size and full stat/`GetFileInformationByHandleEx` snapshot); research/experiments/EXP-PLAT-018/scripts/{instability_arms.sh,instability_arms.ps1,coherence_oracle.py,predicate_models.py,strace_sync.py,sharemode_writer.ps1,retry_cost.py}; `ebr-inspect-meta` (EXP-PLAT-004) for per-entry content digests",,True,True,platform.jsonl
EXP-PLAT-019,platform,NEEDS_TOOLING,"Fidelity and extraction report census, report size under per-entry failures, and fail-closed unknown platform metadata",15; 17; 18; 21; 29,DEC-PLT-015; DEC-PLT-013; DEC-MOD-009; DEC-PLT-025; DEC-PLT-038; DEC-MOD-044; DEC-PLT-036; DEC-MOD-002; DEC-PLT-022,9,linux-x86_64-wsl2,4,12,False,True,True,research/experiments/EXP-PLAT-019/spec.yaml,"research encoder for raw record injection (default-off `research-internals` constructor or a harness `ebr-forge` binary writing ECF records directly), proven byte-identical to production for canonical inputs before use (objective §2.0 rule 9); research/experiments/EXP-PLAT-019/scripts/{emission_census.py,dynamic_strings.py,mixed_fs_tree.sh,report_schema_models.py,failclosed_cases.py,run_failclosed.sh}; `ebr-pack` section accounting (exists) and `ebr-inspect-meta` (EXP-PLAT-004)",,True,True,platform.jsonl
EXP-PLAT-020,platform,READY,"Private-key file permission checks: incumbent behaviour, secret-provisioning modes and Windows default ACLs",21; 22.4; 33,DEC-CRY-108; DEC-PLT-042,2,linux-x86_64-wsl2; windows-x86_64-ntfs-nonadmin,1,1,False,True,True,research/experiments/EXP-PLAT-020/spec.yaml; research/experiments/EXP-PLAT-020/spec-windows.yaml,"research/experiments/EXP-PLAT-020/scripts/{key_perm_incumbents.sh,key_perm_incumbents.ps1,provisioning_modes.sh,workflow_cases.yaml} (mechanical); apt: openssh-client gnupg age minisign restic (approved downloads)",,True,True,platform.jsonl
EXP-PLAT-021,platform,READY,"Primary-source cross-check of frozen platform registries, limits, time scales and mechanism availability (formal)",15; 16; 21,DEC-PLT-036; DEC-PLT-038; DEC-PLT-029; DEC-PLT-046; DEC-PLT-047; DEC-PLT-050; DEC-PLT-016; DEC-PLT-002; DEC-PLT-060; DEC-PLT-028; DEC-PLT-048; DEC-MOD-036,12,linux-x86_64-wsl2 (scripted source parsing),1,6,False,False,False,,"research/experiments/EXP-PLAT-021/scripts/{fetch_sources.py,registry_crosscheck.py,limits_table.py,mechanism_timeline.py} and sources.lock.json (pinned URLs, tags/commits, SHA-256)",,True,True,platform.jsonl
EXP-PLAT-022,platform,BLOCKED,"macOS APFS/HFS+ fidelity, names, forks, flags, ACLs, quarantine and confinement suite (BLOCKED)",15; 16; 17; 20; 21,DEC-PLT-008; DEC-PLT-016; DEC-PLT-027; DEC-PLT-029; DEC-PLT-031; DEC-PLT-049; DEC-PLT-005; DEC-PLT-017; DEC-PLT-041; DEC-PLT-048; DEC-PLT-028; DEC-PLT-035; DEC-PLT-024; DEC-PLT-040; DEC-PLT-045; DEC-PLT-047; DEC-PLT-062; DEC-LEG-076; DEC-PLT-007; DEC-PLT-061; DEC-INT-034,21,macos-arm64-apfs; macos-x86_64-apfs; macos-hfsplus-image,20,50,False,True,True,research/experiments/EXP-PLAT-022/spec.yaml,"macOS variants of the Linux scripts under research/experiments/EXP-PLAT-022/scripts/macos/ (path matrix, fidelity observers using `stat -f`, `xattr -lx`, `ls -le`, `GetFileInfo`, `ls -lO`, `mdls`), confinement suite port using O_NOFOLLOW_ANY/O_RESOLVE_BENEATH prototypes, Apple Archive (`aa`) and `ditto` system arms; a contributor test kit (the spec below plus pinned build instructions) so a maintainer with the hardware can run it and return raw artifacts with an environment capture","PLATFORM_BLOCKED: requires a macOS host (Apple silicon and Intel, current and previous major release) with APFS case-insensitive and case-sensitive volumes, an HFS+ disk image, SIP enabled, and an admin account for chflags SF_* and hdiutil arms; the program's standing decision declines hosted runners (PROGRESS 2026-09-12)",True,True,platform.jsonl
EXP-PLAT-023,platform,BLOCKED,"Windows elevated-session, ReFS, exFAT, 8.3, VSS, symlink-privilege and cloud-placeholder suite (BLOCKED)",15; 16; 19; 21,DEC-PLT-057; DEC-PLT-044; DEC-PLT-058; DEC-PLT-048; DEC-PLT-028; DEC-PLT-035; DEC-PLT-030; DEC-PLT-038; DEC-PLT-055; DEC-PLT-037; DEC-PLT-018; DEC-PLT-056; DEC-CMP-028; DEC-PLT-062,14,windows-x86_64-elevated; windows-refs-volume; windows-exfat-volume; windows-onedrive-folder,12,40,False,True,True,research/experiments/EXP-PLAT-023/spec.yaml,"elevated variants of EXP-PLAT-002/004/009/013/014/016/017/018 scripts (`scripts/elevated/*.ps1`) plus VHDX provisioning (`New-VHD`, `Mount-VHD`, `Format-Volume -FileSystem ReFS|exFAT|NTFS` with `fsutil 8dot3name set` per volume); owner-consent record for any scan of personal or OneDrive folders (counts only; no names or contents leave the host)","Requires an elevated Windows session (SeSecurityPrivilege for SACL capture, VHD/VHDX creation and mount for ReFS/exFAT/8.3-enabled NTFS volumes, VSS snapshot creation, Developer Mode or SeCreateSymbolicLinkPrivilege for symlink creation — agents never change security settings), a ReFS or Dev Drive volume, an OneDrive-synced folder with explicit owner consent, and Windows Server Data Deduplication for dedup reparse tags; this session is non-admin",True,True,platform.jsonl
EXP-PLAT-024,platform,NEEDS_TOOLING,Container-runtime capture and extraction semantics (rootless podman/crun route; Docker-parity arm blocked),15; 18; 19; 21,DEC-PLT-032; DEC-PLT-005; DEC-PLT-004; DEC-PLT-046; DEC-PLT-017; DEC-MOD-002; DEC-PLT-035; DEC-PLT-062,8,"linux-x86_64-wsl2 (podman rootless and rootful, crun); docker-ubuntu-24.04 (BLOCKED)",8,25,False,True,True,research/experiments/EXP-PLAT-024/spec.yaml; research/experiments/EXP-PLAT-024/spec-docker.yaml,"apt: podman crun uidmap fuse-overlayfs slirp4netns (approved downloads); pinned OCI images from the F16 tuning/validation layouts loaded with `podman load`/`skopeo copy` (no registry pulls at run time); research/experiments/EXP-PLAT-024/scripts/{container_arms.sh,seccomp_profiles/,oci_apply_compare.sh} (mechanical); Docker-parity variants `scripts/docker/*.sh` kept for when Docker is available; a non-root WSL user with subuid/subgid ranges for rootless arms (created by the execution session; recorded in the environment capture)","Docker-parity arm BLOCKED: Docker Desktop fails to start on this host (stale AF_UNIX socket reparse points, Win32 error 1920; PROGRESS storage incident notes), so the moby default seccomp profile, userns-remap and Docker overlay upperdir cells cannot run; the podman/crun route in WSL is designed as the executable substitute and needs tooling",True,True,platform.jsonl
EXP-PLAT-025,platform,BLOCKED,"Native ARM64 capture and identity parity (Linux aarch64, Windows on ARM) (BLOCKED)",15; 19; 21,DEC-PLT-062; DEC-MOD-049; DEC-CON-030,3,linux-aarch64-native; windows-arm64-native,6,30,False,True,True,research/experiments/EXP-PLAT-025/spec.yaml,"ARM64 builds of production `ebound` (aarch64-unknown-linux-gnu, aarch64-pc-windows-msvc) at the record commit; EXP-PLAT-005 capture scripts unchanged","PLATFORM_BLOCKED: requires native ARM64 hardware (a Linux aarch64 host and a Windows 11 on ARM device); only QEMU user-mode emulation is available locally (EXP-PLAT-005 EMULATED arm), which covers architecture-dependent code but not native filesystem/driver behaviour or performance",True,True,platform.jsonl
EXP-RECON-001,reconstruction,READY,"Status-quo reconstruction baseline: v6 selections, fallbacks, declarations, exact round trip and determinism across profile x layout x encryption (tuning)",8.8; 11; 30,DEC-CMP-018; DEC-CMP-026; DEC-CMP-023; DEC-CMP-016; DEC-CMP-012; DEC-CON-004; DEC-CON-005; DEC-CON-010,8,"linux-x86_64 (WSL2 Ubuntu 24.04, ext4)",80,15,False,True,,,"none beyond rebuild: prepare.sh builds ebound (production) and ebr-pack/ebr-unpack/ebr-inspect-bytes (harness) at the pre-registration commit and enforces lock_parity + harness-cli-parity; recon_sample.py is checked in; research/tools/recon/analyze_status_quo.py (offline tables; with decision tooling, decision-method 14 item 2)",,True,True,reconstruction.jsonl
EXP-RECON-002,reconstruction,NEEDS_TOOLING,"Reconstruction-target census: DEFLATE/JPEG (and other target) prevalence, containers, producers, coding modes and status-quo reach under production chunking",8.8; 8.1,DEC-CMP-018; DEC-CMP-026; DEC-CMP-042; DEC-CMP-012; DEC-CMP-016; DEC-CMP-039; DEC-CMP-023,7,linux-x86_64 (WSL2),40,15,False,True,,,"harness crate research/harness/crates/ebr-recon: subcommand census (bytes-only stream location for gzip/zlib/raw/ZIP/PNG/PDF/git/nested DEFLATE and whole/embedded JPEG, JPEG marker analysis, production chunk placement, replay producer oracles, --self-test control tree); pinned libdeflate and zlib-ng builds for replay oracles; research/tools/recon/census_tables.py; corpus supplements S-JPEG-REAL, S-JPEG-PRODUCERS, S-DEFLATE-PRODUCERS (corpus-construction session; common section 7)",,True,True,reconstruction.jsonl
EXP-RECON-003,reconstruction,NEEDS_TOOLING,"Stream-level reconstruction backend matrix: exact round trip, side data and net stream bytes per producer/mode/backend (preflate-rs versions and max-chain, preflate-cpp, zlib replay, jixel/jxl-oxide, libjxl, lepton_jpeg, brunsli, packJPG) plus always-try raw-DEFLATE oracle",8.8; 31,DEC-CMP-018; DEC-CMP-026; DEC-CMP-012; DEC-CMP-038; DEC-CON-007; DEC-CMP-016; DEC-CMP-034,7,linux-x86_64 (WSL2),120,20,False,True,,,"ebr-recon attempt / attempt-one (child-process isolation, production post-codec lists, exact record-overhead arithmetic); research/harness/recon-backends/<backend>/build.sh for libjxl, brunsli, packJPG, preflate-cpp (precomp-cpp), lepton_jpeg, latest jixel/jxl-oxide/preflate-rs pins + manifest.json; research/harness/recon-backends/license_census.py; research/experiments/EXP-RECON-003/adversarial-search/generate.py; research/tools/recon/stream_tables.py",,True,True,reconstruction.jsonl
EXP-RECON-004,reconstruction,NEEDS_TOOLING,"Archive-level net-savings ablation: planner generations v3-v6, v6 reconstruction filters/gates/audit activation, chunk-alignment variants (REAL) and exact-cost-modelled backends/subsets; tuning then validation look 1",8.8; 8.1; 9; 11; 34,DEC-CMP-018; DEC-CMP-026; DEC-CMP-023; DEC-CMP-042; DEC-CMP-012; DEC-CON-010; DEC-CON-005; DEC-CMP-016; DEC-CMP-038; DEC-CON-007,10,linux-x86_64 (WSL2),300,60,False,True,,,"default-off production research APIs (Internals agent, MVT-16(c)): planner::materialize, planner::plan_v6_with overrides (minus_deflate, minus_jpeg, gates, no_audits, region eligibility, mirror-validation-bounds), chunker::ranges_with_forced_cuts, archive::capture_unplanned; ebr-recon variants (trace cache, identity/generation/reconciliation controls, round trip, ebr-access sample) and ebr-recon model (exact cost model + admissibility); ebr-inspect-bytes --per-chunk (per-frame, region, ReconstructionData, audit/fallback record attribution); ebound built at research baseline 9e44608 for generation controls; research/tools/recon/fixed_overhead_reference.py; decision tooling (decision-method 14 item 2) and computed cost tiers (EXP-RECON-011); recommended runner addition: ebr run --shard i/n",,True,True,reconstruction.jsonl
EXP-RECON-005,reconstruction,NEEDS_TOOLING,"Encode/decode/verify/random-access cost of reconstruction under decision-grade WSL timing (st-v): gates' detection cost, subprocess-isolation overhead, research-build timing parity",8.8; 9; 30,DEC-CMP-018; DEC-CMP-026; DEC-CMP-023; DEC-CMP-012; DEC-CMP-037; DEC-CMP-042; DEC-CMP-044,7,"linux-x86_64 (WSL2, VIRTUALIZED timing); windows-x86_64 host (secondary arm; needs decision-method 14 item 3 runner additions)",260,70,True,True,,,"calibration EXP-CAL-{AA,AAP,KE,BG}-wsl-ubuntu for time_wall/time_cpu/memory_peak (decision-method 4.7, program-wide); runner additions decision-method 14 item 3 (host-side sampler, cooldown, drift canary; Windows power/PDH/MsMpEng for the Windows arm); ebr-recon pack-only, check-archive, compare-tree, sample-check, unpack-isolated; research build with --isolate-reconstruction subprocess; ebr-access --mode read-archive (pre-built archive, region-member entry filter, in-process batch latency); research/experiments/EXP-RECON-005/{prepare.sh, select_items.py, adaptive_rounds.py}; research/tools/recon/check_calibration.py",,True,True,reconstruction.jsonl
EXP-RECON-006,reconstruction,NEEDS_TOOLING,"Resource bounds of reconstruction: exact allocator peaks vs size/megapixels, declared-requirement tightness, frozen limits, default decoder ceilings (incl. cgroup emulation), planner/validation mirroring, hostile CPU scaling",8.8; 10; 11; 30,DEC-CMP-016; DEC-CON-004; DEC-CON-005; DEC-CMP-037; DEC-CMP-026; DEC-CMP-018; DEC-CMP-012,7,"linux-x86_64 (WSL2; cgroup v2 memory limits, EMULATED devices); windows-x86_64 host (optional job-object peak_commit arm)",60,30,False,True,,,"counting allocator with allocation-site attribution (decision-method 14 item 17; third-party crate or reviewed research crate); ebr-recon probe-alloc, decode-probe (policy ceilings), pack-outcome, cpu-scale; research/experiments/EXP-RECON-006/{gen_resource_cases.py, cgroup_run.sh}; R0_max baseline measurement and per-candidate pre-validation bound H (objective MVT-06(a)); research/tools/recon/resource_tables.py",,True,True,reconstruction.jsonl
EXP-RECON-007,reconstruction,NEEDS_TOOLING,"Containment of reconstruction dependencies: coverage-targeted fuzzing of jixel/jxl-oxide/preflate-rs entry points, panic=abort behaviour, subprocess-isolation and encoder-cap prototypes on the finding corpus",8.8; 30; 31,DEC-CMP-037; DEC-CON-007; DEC-CMP-038; DEC-CMP-016,4,"linux-x86_64 (WSL2, nightly-2026-08-01 + cargo-fuzz 0.13.2)",450,20,False,True,,,"research/harness/fuzz-recon with 6 fuzz targets (jpeg_forward_prod/raw, jxl_inverse_prod, deflate_forward_prod, deflate_inverse_raw, region_archive_decode); research/experiments/EXP-RECON-007/{run_campaigns.sh, minimise.sh}; research build profiles/variants: release-panic-abort, v6-subprocess-isolated (recon-worker), encoder-cap-{128,256,512}, latest-deps; ebr-recon contain-replay; research/tools/recon/triage_findings.py",,True,True,reconstruction.jsonl
EXP-RECON-008,reconstruction,NEEDS_TOOLING,"Decoder independence of reconstruction formats: cross-version (preflate-rs, jxl-oxide), cross-implementation (libjxl djxl/cjxl) and cross-platform (Windows, WSL, QEMU no-AVX2 and arm64; affinity/locale/TZ) decoding of extracted vectors; candidate permanent vectors",8.8; 24; 28; 31,DEC-INT-030; DEC-CMP-038; DEC-CON-007; DEC-CMP-023; DEC-CMP-026,5,linux-x86_64 (WSL2); windows-x86_64 host; linux-aarch64 EMULATED (qemu-user in WSL; correctness only); linux-x86_64 EMULATED no-AVX2 (qemu-user),70,25,False,True,,,"ebr-recon vectors extract|decode|forward|mutate and lzma2-estimates; research/harness/recon-xver per-release workspaces (preflate-rs, jxl-oxide, lzma-rust2) via make_release_workspaces.py; WSL installs: qemu-user-static, gcc-aarch64-linux-gnu, locales tr_TR/ja_JP; rustup target aarch64-unknown-linux-gnu for 1.98.1; Windows native build of the research reader; research/tools/recon/independence_tables.py",,True,True,reconstruction.jsonl
EXP-RECON-009,reconstruction,NEEDS_TOOLING,"JPEG region conflicts with exact dedup, similarity dictionaries and ChunkGroups: suppression frequency, size/access effects of region-first and joint-cost selection, split audit reasons (real items + generated photo libraries)",8.8; 8.2; 8.3; 9,DEC-CMP-039; DEC-CMP-026; DEC-CON-010,3,linux-x86_64 (WSL2),40,15,False,True,,,"ebr-recon variants overrides conflict-region-first, conflict-joint-cost, conflict-split-audit-reasons (shared with EXP-RECON-004 research APIs) and region-first reader-acceptance probe; ebr-recon audit-oracle; research/experiments/EXP-RECON-009/gen_photo_library.py (S-PHOTO-LIBRARY, seeds 20260930/20260931)",,True,True,reconstruction.jsonl
EXP-RECON-010,reconstruction,NEEDS_TOOLING,"Reconstruction wire conformance: mutation case table for regions/ReconstructionData/feature bits in both layouts, plan_ref sentinel rules and frozen-archive compatibility, write/read fault injection (MVT-02(b)), cargo-mutants adequacy (MVT-02(e))",8.8; 11; 28; 29,DEC-MOD-040; DEC-INT-030; DEC-CON-010; DEC-CON-004; DEC-CMP-016,5,linux-x86_64 (WSL2),70,25,False,True,,,"ebr-recon mutate (digest-consistent research ECF record re-encoder) and conformance-run; default-off production feature research-fault-injection (Internals agent; MVT-16(c) identity); research reader variants --sentinel-rule {distinct-sentinel, explicit-region-flag, forbid-unplanned-zero}; research/experiments/EXP-RECON-010/{gen_base_trees.py, case-table.json, run_mutants.sh}; cargo-mutants pinned install; research/tools/recon/conformance_matrix.py",,True,True,reconstruction.jsonl
EXP-RECON-011,reconstruction,NEEDS_TOOLING,"Permanent cost and implementation burden of reconstruction: computed C1-C3 census, independent C4-C7 assessment, HC-11 gated-step compliance audit (R2), preflate/JPEG XL specification-feasibility and independent-implementation dossier",8.8; 31; 34,DEC-CMP-023; DEC-CMP-038; DEC-CON-007; DEC-CMP-018; DEC-CMP-026; DEC-INT-030; DEC-CMP-037; DEC-MOD-040; DEC-CON-010; DEC-ECO-016,10,linux-x86_64 (WSL2; one-time registry/advisory snapshots),6,15,False,False,,,"program cost-accounting scripts research/tools/cost/ (decision-method 14 item 7): deps_census.py, loc_attribution.py (+ fn_attrib.rs), normative_census.py, unsafe_count.rs; research/tools/recon/gated_step_audit.py and preflate_spec_scan.py; pinned tokei, cargo-geiger (or syn counter), cargo-audit advisory-db snapshot; independent C4-C7 assessor session and second assessor for T3/T4",,True,True,reconstruction.jsonl
EXP-RECON-012,reconstruction,BLOCKED,"(BLOCKED) Reconstruction on native ARM64, macOS and physical low-memory devices: decode/forward determinism, native ARM64 timing direction, device ceiling outcomes vs cgroup emulation",8.8; 24; 30,DEC-INT-030; DEC-CMP-016; DEC-CON-005; DEC-CMP-026; DEC-CMP-018; DEC-CON-007,6,linux-aarch64 native (unavailable); macos-aarch64 APFS (unavailable); arm64 low-memory devices 1-2 GiB (unavailable),190,30,True,True,,,"owner-provided native ARM64 Linux host, Apple Silicon Mac, 1 GiB and 2 GiB ARM64 boards; environment capture and calibration EXP-CAL-*-<env_id> per new platform; native builds of ebound and the research reader; spec-timing-arm64.yaml amendment","PLATFORM_BLOCKED: no native ARM64 Linux host, no macOS on Apple Silicon (APFS), no physical low-memory (1-2 GiB) ARM64 devices; hosted runners declined by standing decision (PROGRESS 2026-09-12); Docker unavailable (emulation covers correctness only in EXP-RECON-008)",True,True,reconstruction.jsonl
EXP-REMOTE-001,remote,NEEDS_TOOLING,"Network emulation calibration, connection model and emulation-method fidelity (EXP-NETEM-CAL)",7; 12,DEC-ACC-063,1,linux-x86_64 (WSL2 Ubuntu 24.04); network: loopback only; privileged: root inside WSL for netns/TUN (kernel-TCP arm),6,2,True,True,,,"T2 latency model twins (ebr_netem::model + research/tools/remote/latency_model.py, cross-check test); T3 ebr-origin header_bytes logging, ebr-netem-proxy --shared-link, ebr-netem-calibrate --profiles with acceptance evaluation, analyze_calibration.py; T7 ebr-tunem kernel-TCP loopback emulator (feasibility gate FG-7); run_calibration.sh wrapper; T1 ebr-remote emulate --replay",Sub-arms blocked: custom-kernel sch_netem (WSL kernel replacement or Hyper-V VM is a system-configuration/admin action reserved to the owner); real endpoints designed in EXP-REMOTE-013 (BLOCKED); Toxiproxy arm needs owner download approval.,True,True,remote.jsonl
EXP-REMOTE-002,remote,NEEDS_TOOLING,"Status-quo remote access trace census, declared-cost accuracy and fetch-simulator validation",8.5; 10; 12; 23,DEC-ACC-001; DEC-ACC-025; DEC-ACC-038,3,"linux-x86_64 (WSL2 Ubuntu 24.04); windows-x86_64 (Windows 11 host, non-admin) (platform arm: 10 items packed on NTFS); network: loopback only; large storage: ~95 GB on D:-hosted WSL ext4",14,95,False,True,,,"T1 ebr-remote (layout, trace, sim, emulate) harness crate; T2 latency model twins; T3 origin header-byte logging; T5 research/tools/remote/fetchsim.py (status-quo mirror + strategies, validation mode); T6 research/tools/remote/prepare_archives.py (+ ebr-pack --include-index false); make_item_lists.py, run_trace.sh, analyze_cost_models.py (models.py); production ebound build under /root/eb-research/target/production",,True,True,remote.jsonl
EXP-REMOTE-003,remote,NEEDS_TOOLING,Range coalescing policy and physical-order locality for remote random access,8.3; 9; 10; 12,DEC-ACC-046; DEC-ACC-003; DEC-CMP-006,3,linux-x86_64 (WSL2 Ubuntu 24.04); network: loopback emulation; privileged: root inside WSL only for the kernel-TCP arm,12,5,True,True,,,"T1; T2; T4 LayoutPrefetchSource, ReadaheadSource; T5 fetchsim strategies.json (coalescing and ordering); prototype_check.py; make_emulated_spec.py; research/tools/remote/make_subset.py (E12); T11 decision tooling (program-wide, decision-method section 14 item 2)",Real-path slow-start confirmation and cloud multipart survey designed in EXP-REMOTE-013 (BLOCKED); kernel-TCP arm depends on EXP-REMOTE-001 FG-7.,True,True,remote.jsonl
EXP-REMOTE-004,remote,NEEDS_TOOLING,"Remote open path: metadata discovery, revalidation, and Index/Manifest structure fetch cost",7; 11; 12; 13; 28; 32,DEC-ACC-018; DEC-ACC-019; DEC-CON-015; DEC-CON-018; DEC-CON-028,5,linux-x86_64 (WSL2 Ubuntu 24.04); network: loopback emulation; large storage: ~25 GB (10^6-file scale trees),10,25,True,True,,,"T1; T2; T4 TailWindowSource, RevalidateOnceSource, persistent metadata cache, readahead-declared; T5; T6; gen_scale_trees.py + scale-manifest.jsonl; research/tools/remote/metasim.py (Index/Manifest structure encoders, synth mode); structures.json, strategies.json",Cloud server support for suffix ranges/If-Match designed in EXP-REMOTE-013 (BLOCKED); the 10^7-entry point is computed only (not materialized).,True,True,remote.jsonl
EXP-REMOTE-005,remote,NEEDS_TOOLING,"Session cache policy, lazy versus eager retrieval, and remote access to STREAM archives",12; 13,DEC-ACC-045; DEC-ACC-042; DEC-ACC-059,3,"linux-x86_64 (WSL2 Ubuntu 24.04); network: loopback emulation; large storage: ~45 GB (STREAM archives, persistent cache, repack outputs)",16,45,True,True,,,"T1; T2; T3 reset-mid-body fault; T4 CachePolicySource (LRU/2Q/adjacent/size-scaled), persistent verified chunk cache, bulk/resume executor (shared with EXP-REMOTE-006); T5; T6 balanced-stream config; spec-local-timing.yaml generator (make_variant_specs.py)",Client memory decision-grade only after the counting allocator (decision-method section 14 item 17); CDN cache behaviour in EXP-REMOTE-013 (BLOCKED).,True,True,remote.jsonl
EXP-REMOTE-006,remote,NEEDS_TOOLING,Remote fetch concurrency model,12; 14,DEC-ACC-043,1,linux-x86_64 (WSL2 Ubuntu 24.04); network: loopback emulation with shared-link shaping; privileged: root inside WSL only for the kernel-TCP arm,14,3,True,True,,,"T1 ebr-remote exec-plan concurrent executor (h1 N-conn, AIMD, h2 streams, multirange) with per-Chunk verification; T2 multi-connection link-sharing model; T3 shared-link shaping, status-429 and connection-cap faults; T5 batched plans; T7 kernel-TCP arm; run_emulated.sh, make_profile_specs.py, determinism_stress.py, make_subset.py",HTTP/3 unmeasurable locally (no UDP emulation or QUIC origin); real server/CDN rate and connection limits in EXP-REMOTE-013 (BLOCKED).,True,True,remote.jsonl
EXP-REMOTE-007,remote,NEEDS_TOOLING,Verified byte-range proof granularity and verification-structure remote cost,11; 12; 22.1; 24; 28; 34,DEC-ACC-024; DEC-ACC-040; DEC-INT-029; DEC-CON-020; DEC-MOD-007; DEC-MOD-034,6,"linux-x86_64 (WSL2 Ubuntu 24.04); windows-x86_64 (Windows 11 host, non-admin) (hashbench st-p arm); network: none (computed) / loopback for status-quo traces",8,10,True,True,,,"T9 research/tools/remote/proofsim.py (structure encoders, proof planners, scale + formula check); T5 fetchsim over proof layouts; T2; T1 layout; ebr-remote hashbench (sha2 0.11.0 + research-only pinned blake3); run_proofsim.sh, run_hashbench_windows.ps1, spec-hashbench.yaml generator",Security of proof bindings and length-exposure ordering is EXTERNAL review; ARM64 hashing performance PLATFORM_BLOCKED; 10^8-10^9 Chunks computed by closed form only.,True,True,remote.jsonl
EXP-REMOTE-008,remote,NEEDS_TOOLING,"Random-access policy caps, Index rebuild fallback, and hostile-origin amplification",11; 12; 33,DEC-ACC-039; DEC-ACC-044; DEC-ACC-019,3,linux-x86_64 (WSL2 Ubuntu 24.04); network: loopback; large storage: ~50 GB (1/4/16 GiB generated entries),9,50,False,True,,,"T1; T4 ReadaheadSource, refuse-remote wrapper; T5; T6; research/tools/remote/mutate_archive.py (benign large, adversarial caps, hostile Index sets); policies.json, benign-cases.json, census.py, run_policy_cases.sh",Developer usability of presets is HUMAN_PARTICIPANTS (blocked); HC-06 refusal-memory verdicts HC_UNVERIFIED until the counting allocator and bound H exist (section 14 item 17).,True,True,remote.jsonl
EXP-REMOTE-009,remote,NEEDS_TOOLING,"Origin protocol safety, server compatibility, transient faults, and HTTP client features",12; 13; 22.4; 24; 29; 31; 32; 33,DEC-ACC-014; DEC-ACC-015; DEC-ACC-016; DEC-MOD-032; DEC-CRY-073,5,"linux-x86_64 (WSL2 Ubuntu 24.04); windows-x86_64 (Windows 11 host, non-admin) (environment fault cases of the Windows CLI build); network: loopback + optional internet egress (anonymous read-only probes of public objects); privileged: root inside WSL for local servers and a loop-mounted full filesystem",4,5,False,True,,,"T3 ebr-origin fault modes (reset-mid-body, 5xx, 429, stall, short body, Content-Range mismatch, encoding injection, redirects incl. TLS test origin); T4 client prototypes (RetryingSource, get-range-probe, final-url-pinning, relaxed validators, redirect-strict, https-only, pin-plain-http, hardened bundle, minimal-h11 client); setup_servers.sh (nginx, apache2, lighttpd, tinyproxy); cases.json, run_cases.sh, probe_public_endpoints.py, public-endpoints.json; build_packaging_variants.sh (scratch-clone feature-gate patch); redaction_audit.py",Sub-arms blocked: IIS (admin to enable on the Windows host); Windows disk-full case (VHD creation needs admin); presigned URLs and R2 in EXP-REMOTE-013 (credentials); public-endpoint probe arm needs internet egress in the execution session; Caddy needs owner approval of its third-party apt source.,True,True,remote.jsonl
EXP-REMOTE-010,remote,NEEDS_TOOLING,"Encrypted remote access: segment discovery, segment packing, access-pattern mitigations, and verification-scope fetch cost",12; 22.3; 22.4; 22.5; 24; 33,DEC-ACC-010; DEC-CRY-072; DEC-CRY-081; DEC-INT-010; DEC-INT-044; DEC-CRY-073,6,"linux-x86_64 (WSL2 Ubuntu 24.04); network: loopback emulation; large storage: ~40 GB (encrypted key replicates, signed variants)",10,40,True,True,,,"T1 encrypted and signed trace support; T5 encrypted strategies; research/tools/remote/seglayout.py (segment packing and locator-table simulator); T6 balanced-enc-max/none, *-signed configs with a research signing key; trace_attack.py (trace observer); packings.json, strategies.json",OD-16 results not decision-grade until the committed attack suite and observer model exist (section 14 item 16); security of new crypto wire elements is EXTERNAL review; ORAM/PIR is a declared non-goal (not measured).,True,True,remote.jsonl
EXP-REMOTE-011,remote,NEEDS_TOOLING,"Dependency-closure rules, lookback and dictionary placement: remote random-read cost",8.4; 8.5; 9; 10; 12; 24; 35,DEC-ACC-025; DEC-CMP-027; DEC-CMP-020,3,linux-x86_64 (WSL2 Ubuntu 24.04); network: loopback,3,5,True,True,,,"T1; T5 closure-rule and dictionary-fetch strategies; research/tools/remote/closuresim.py; wl-worst.json, rules.json, external-archives.jsonl; spec-local-timing.yaml generator","Ratio legs and real alternative-rule archives come from the crossfile domain; until committed, alternatives are simulated with frame sizes held fixed (non-decision-grade where real archives exist).",True,True,remote.jsonl
EXP-REMOTE-012,remote,NEEDS_TOOLING,Remote random access versus incumbent remote readers and full download (claims evidence),12; 13; 35,DEC-ACC-041; DEC-ACC-002,2,linux-x86_64 (WSL2 Ubuntu 24.04); network: loopback emulation; large storage: ~60 GB (incumbent archives); macOS: PLATFORM_BLOCKED sub-arm,20,60,True,True,,,"T8 incumbent remote readers: zip_range_reader.py, py7zr range reader, zstd seekable writer/reader, eStargz writer/reader, xz index plan, imgplan.py (squashfs/EROFS/DwarFS structure-derived plans); research/tools/remote/prepare_incumbents.py; T1; T2; T5; run_system.sh, claims.json",Sub-arms blocked: SOCI (containerd/Docker unavailable); Apple Archive (macOS PLATFORM_BLOCKED); real endpoints in EXP-REMOTE-013 (BLOCKED); held-out workload set is a Phase D placeholder.,True,True,remote.jsonl
EXP-REMOTE-013,remote,BLOCKED,Real object-store and CDN path confirmation,7; 12; 14; 32; 34; 35,DEC-ACC-063; DEC-ACC-041; DEC-ACC-046; DEC-ACC-043; DEC-ACC-015; DEC-ACC-045; DEC-ACC-047,7,"linux-x86_64 (WSL2 Ubuntu 24.04) or windows-x86_64 (Windows 11 host, non-admin); network: internet egress to owner-provided cloud endpoints; external accounts and credentials (owner)",20,10,True,False,,,upload.py (owner-run); make_spec.py from owner-provided endpoints.json; S3 SDK native-API range reader (research script),"Needs owner-provisioned object-store buckets (S3 + R2, optionally GCS/Azure) and a CDN distribution in at least two regions with credentials entered by the owner (agents may not enter credentials or create accounts), owner approval to publish redistributable corpus-derived test archives, and internet egress with an egress budget; single client vantage point only.",True,True,remote.jsonl
EXP-REMOTE-014,remote,NEEDS_TOOLING,Local random-read source revision signal under concurrent modification,12; 21,DEC-ACC-023,1,"linux-x86_64 (WSL2 Ubuntu 24.04) (ext4, XFS/btrfs/FAT32 loop images, tmpfs, 9P /mnt/d); windows-x86_64 (Windows 11 host, non-admin) (NTFS, 9P via wsl.localhost); privileged: root inside WSL for loop mounts; macOS: PLATFORM_BLOCKED sub-arm",5,20,True,True,,,"T10 mutator harness with PausingSource deterministic interleaving; revision-signal source variants in ebr-remote (Linux and Windows builds); setup_filesystems.sh, mutations.json, run_mutation_cases.sh, spec-windows.yaml generator",Sub-arms blocked: macOS/APFS (PLATFORM_BLOCKED); SMB share and ReFS on the Windows host (admin); NFS only if a WSL kernel NFS server is available.,True,True,remote.jsonl
EXP-SCALE-001,scale,READY,"Native operation memory and scratch scaling beyond RAM (status quo, cgroup caps)",13,DEC-ACC-028; DEC-ACC-005; DEC-ACC-029; DEC-ACC-020; DEC-ACC-058; DEC-ACC-062; DEC-ACC-060; DEC-ACC-048; DEC-ACC-004; DEC-ACC-059; DEC-ACC-022; DEC-ACC-052; DEC-ACC-002; DEC-INT-043; DEC-CON-015; DEC-CON-018; DEC-CMP-017; DEC-CMP-041; DEC-MOD-004; DEC-MOD-026,20,linux-x86_64-wsl2; privileged-root; large-storage,50,260,False,True,,,research/tools/scale/scale_cell.py (driver; contract fixed in protocol.md; scripted); research/tools/scale/select_stage2.py (stage-2 screen); research/tools/scale/classify_scaling.py (classification table); production ebound build at /root/eb-research/target/scale-prod (cargo +1.98.1 --locked),,True,True,scale.jsonl
EXP-SCALE-002,scale,READY,"Legacy import, export and publish at scale; size-boundary correctness (status quo)",13,DEC-ACC-013; DEC-ACC-017; DEC-ACC-028; DEC-LEG-002; DEC-LEG-019; DEC-LEG-021; DEC-LEG-022; DEC-LEG-030; DEC-LEG-059; DEC-LEG-108,10,linux-x86_64-wsl2; privileged-root; large-storage,30,150,False,True,,,research/tools/scale/scale_cell.py (shared with EXP-SCALE-001); research/tools/scale/legacy_counts.py,,True,True,scale.jsonl
EXP-SCALE-003,scale,READY,"Declared-requirement, stream-window, index/manifest and legacy-limit census (tuning/validation corpus, deterministic)",13,DEC-ACC-054; DEC-ACC-052; DEC-ACC-056; DEC-LEG-022; DEC-LEG-059; DEC-CON-015; DEC-CON-018; DEC-CON-026; DEC-MOD-026,9,linux-x86_64-wsl2,30,25,False,True,,,research/tools/scale/census_item.py (driver); research/tools/scale/legacy_limit_stats.py; research/tools/scale/predict_refusals.py; research/experiments/EXP-SCALE-003/candidate-defaults.json (provisional; needs non-exposed sign-off),,True,True,scale.jsonl
EXP-SCALE-004,scale,READY,"Staging, extraction failure, crash residue, exclusive create, limit boundaries and non-seekable I/O behaviour (status quo)",13,DEC-ACC-006; DEC-ACC-053; DEC-ACC-055; DEC-INT-039; DEC-PLT-011; DEC-MOD-032; DEC-ACC-022; DEC-ACC-052; DEC-ACC-013,9,linux-x86_64-wsl2; privileged-root; windows-11-ntfs-nonadmin; large-storage,20,60,False,True,,,research/tools/scale/fault_cell.py (scenario driver); apt inotify-tools; ebr-inspect-bytes frame offsets (or inspect --chunks fallback); Windows ebound build at D:/eb-research/target/scale-prod-win,,True,True,scale.jsonl
EXP-SCALE-005,scale,READY,"Status-quo determinism invariance matrix (CPUs, memory cap, TMPDIR, locale/TZ, creation order, load, toolchain, host, encryption, repack, replan)",14,DEC-MOD-011; DEC-MOD-012; DEC-MOD-013; DEC-CMP-019; DEC-CMP-021; DEC-CMP-041; DEC-INT-046,7,linux-x86_64-wsl2; privileged-root; windows-11-ntfs-nonadmin,70,40,False,True,,,research/tools/scale/det_cell.py; research/tools/scale/shuffle_copy.py; research/tools/scale/bgload.py; research/tools/scale/det_compare.py; rustc 1.97.1 ebound builds (WSL and Windows); locale tr_TR.UTF-8,,True,True,scale.jsonl
EXP-SCALE-006,scale,NEEDS_TOOLING,"Allocator-oracle audit of bounded-memory claims and adversarial resource declarations (HC-06, M08.3)",13,DEC-ACC-005; DEC-ACC-028; DEC-ACC-036; DEC-ACC-052; DEC-ACC-057; DEC-ACC-060; DEC-ACC-062; DEC-CMP-017,8,linux-x86_64-wsl2; privileged-root; large-storage,60,260,False,True,,,"shared counting allocator research/harness/crates/ebr-alloc (designed in EXP-CONF-007; stats_alloc plus dhat fallback); research-internals budget_checked trace hooks (default-off, identity re-proved); research/harness/crates/ebr-access --mode alloc-probe; research/harness/crates/ebr-pack binary ebr-forge (adversarial STREAM/INDEXED generators); EXP-SCALE-006/cells.json, claims.md, pre-validation-bound.md (bound H, independently signed); research/tools/scale/bound_check.py",,True,True,scale.jsonl
EXP-SCALE-007,scale,NEEDS_TOOLING,"Bounded-memory creation prototypes (pack pipeline, INDEXED writer, incremental STREAM producer, canonical-order sort, source mutation, declarations)",13,DEC-ACC-029; DEC-ACC-020; DEC-ACC-058; DEC-ACC-061; DEC-CON-027; DEC-MOD-004; DEC-ACC-056; DEC-CMP-017; DEC-CMP-041,9,linux-x86_64-wsl2; privileged-root; windows-11-host-timing; large-storage,80,300,True,True,,,"research/harness/crates/ebr-scale-writer (research-only prototypes); shared counting allocator ebr-alloc (EXP-CONF-007); research/tools/scale/mutate_during_pack.py; EXP-SCALE-007/cells.json, spec-size.yaml, spec-timing.yaml; runner additions (decision-method section 14 item 3) and calibration (section 4.7) for phase T",,True,True,scale.jsonl
EXP-SCALE-008,scale,NEEDS_TOOLING,"Bounded-memory read, verify, repack and staging prototypes",13,DEC-ACC-062; DEC-ACC-060; DEC-ACC-048; DEC-ACC-004; DEC-ACC-059; DEC-ACC-006; DEC-ACC-053; DEC-ACC-055; DEC-INT-039; DEC-INT-043; DEC-ACC-022; DEC-CON-026,12,linux-x86_64-wsl2; privileged-root; windows-11-ntfs-nonadmin; large-storage,60,300,True,True,,,"research/harness/crates/ebr-scale-reader (research-only prototypes; memmap2 dependency); ebr-pack --raise-limits (>64 GiB STREAM archive); shared counting allocator ebr-alloc (EXP-CONF-007); research/tools/scale/fault_cell.py --reader extension; EXP-SCALE-008/cells.json, spec-fault.yaml, spec-timing.yaml; runner additions and calibration (phase T)",,True,True,scale.jsonl
EXP-SCALE-009,scale,NEEDS_TOOLING,"Bounded-memory legacy converter prototypes (import, export, publish, ZIP64 emission)",13,DEC-ACC-013; DEC-ACC-017; DEC-LEG-002; DEC-LEG-019; DEC-LEG-022; DEC-LEG-030; DEC-LEG-059; DEC-LEG-108,8,linux-x86_64-wsl2; privileged-root; large-storage,40,150,True,True,,,research/harness/crates/ebr-scale-legacy (research-only prototypes); ebr-forge --case 7z-unknown-filesinfo; shared counting allocator ebr-alloc (EXP-CONF-007); spec-timing.yaml; runner additions and calibration (phase T),,True,True,scale.jsonl
EXP-SCALE-010,scale,NEEDS_TOOLING,"Encrypted archives at scale (status-quo memory, key mutation cost, crypto-v1 resource ceilings, bounded encrypted prototypes)",13,DEC-ACC-009; DEC-ACC-011; DEC-ACC-028; DEC-CON-009; DEC-CRY-013; DEC-CRY-050; DEC-CRY-069,7,linux-x86_64-wsl2; privileged-root; large-storage,30,120,True,True,,,"ebr-pack --encrypt recipients --identity-out and KDF parameter flags; research/tools/scale/pty_password.sh; ebr-access alloc-probe encrypted operations; research/harness/crates/ebr-scale-crypto (resource prototypes; crypto-domain review before citation); ebr-forge kdf-over-ceiling and EBCS/segment boundary archives; EXP-SCALE-010/cells.json, spec-timing.yaml",,True,True,scale.jsonl
EXP-SCALE-011,scale,NEEDS_TOOLING,"Codec and dictionary-trainer output invariance under worker counts, job sizes and library versions",14,DEC-ACC-030; DEC-CMP-021; DEC-MOD-011; DEC-MOD-013,4,linux-x86_64-wsl2; windows-11-host,12,15,False,True,,,"pinned source builds of zstd 1.5.0/1.5.2/1.5.4/1.5.5/1.5.6/1.5.7 and xz 5.8.1 (tool-pins.json, build_tools.sh); ebr-codec feature codec-mt (--zstd-workers, --zstd-job-size, --lzma-threads, --jxl-threads); research/tools/scale/codec_invariance.py",,True,True,scale.jsonl
EXP-SCALE-012,scale,NEEDS_TOOLING,"Deterministic parallel pipeline prototypes with byte identity across worker counts, schedules and load",14,DEC-ACC-030; DEC-ACC-031; DEC-ACC-032; DEC-ACC-033; DEC-ACC-007; DEC-ACC-043; DEC-MOD-013; DEC-CMP-001; DEC-CMP-041,9,linux-x86_64-wsl2; windows-11-host,35,30,False,True,,,"research/harness/crates/ebr-par (research-only; crossbeam-channel, rayon, loom, tokio pinned); --chaos-yield schedule perturbation; fixed-N HTTP/1.1 fetch prototype against ebr-origin; cargo tree C3 census script; EXP-SCALE-012/matrix.json; research/tools/scale/bgload.py (from EXP-SCALE-005)",,True,True,scale.jsonl
EXP-SCALE-013,scale,NEEDS_TOOLING,"Parallel speedup, efficiency and saturation within core classes (timing campaign)",14,DEC-ACC-030; DEC-ACC-031; DEC-ACC-032; DEC-ACC-033; DEC-ACC-034; DEC-ACC-007; DEC-ACC-002,7,windows-11-host-pinned-p-e-cores; linux-x86_64-wsl2-virtualized,60,20,True,True,,,runner additions (decision-method section 14 item 3) including per-candidate CPU affinity; research/tools/scale/gen_affinity_specs.py; calibration EXP-CAL-AA/AAP/KE/BG/SPD for windows-host and wsl-ubuntu (section 4.7); identity-passing EXP-SCALE-012 prototypes built for Windows and WSL,,True,True,scale.jsonl
EXP-SCALE-014,scale,NEEDS_TOOLING,"Emulated cross-architecture, CPU-feature-level and overlayfs determinism without Docker",14,DEC-MOD-011; DEC-MOD-013; DEC-CMP-021; DEC-CMP-019; DEC-ACC-031; DEC-CMP-001,6,linux-x86_64-wsl2; privileged-root; emulated-arm64-qemu-user; emulated-x86_64-cpu-models,40,25,False,True,,,apt qemu-user gcc-aarch64-linux-gnu libc6-dev-arm64-cross; rustup target aarch64-unknown-linux-gnu (1.98.1) and cross-built ebound; research/tools/scale/det_cell.py --runner extension (EXP-SCALE-005 driver),,True,True,scale.jsonl
EXP-SCALE-015,scale,BLOCKED,"Native ARM64 and macOS/APFS determinism, memory scaling and parallel speedup",13; 14,DEC-MOD-011; DEC-MOD-013; DEC-ACC-031; DEC-CMP-021; DEC-ACC-028; DEC-ACC-033; DEC-ACC-034,7,macos-apple-silicon-apfs; linux-arm64-native,30,60,True,True,,,"macOS adapters for memcap_run.sh (physical footprint; no cgroups) and det_cell.py (ditto, xattr census); QoS-based core-class adapter for Apple P/E cores; research/environment fingerprints for macOS and arm64","No macOS host (APFS, macOS metadata classes, Apple P/E cores) and no native ARM64 hardware; hosted runners declined by the program owner (2026-09-12); emulated arm64 (EXP-SCALE-014) cannot support native performance or macOS host-class claims.",True,True,scale.jsonl
EXP-SCALE-016,scale,BLOCKED,Parallel and sequential extraction and verification on slow and network storage,14,DEC-ACC-033; DEC-ACC-034; DEC-ACC-002,3,hdd-7200rpm; sata-ssd; smb3-share-remote-host; nfsv4-export-remote-host; bandwidth-limited-link; linux-x86_64; windows-11-admin-for-smb,25,100,True,True,,,research/tools/scale/storage_cell.py; research/tools/scale/gen_affinity_specs.py --storage-root; storage fingerprinting into research/environment; pinned ripunzip release binary; EXP-SCALE-016/storage-roots.json,"Only local NVMe-class SSD on this host; no rotational HDD or SATA SSD; SMB share creation needs Windows administrator rights (non-admin session); no second host for NFS or SMB; sch_netem unavailable, so link shaping of a filesystem mount cannot be emulated; loopback servers are not accepted substitutes.",True,True,scale.jsonl
